Date,Day,A,B,C
2015/1/2,0,0.026871079543978164,0.027567125979874273,0.02687432110595181
2015/1/5,1,-0.00141361924106468,-0.0011252142526290366,-0.0010772358053470963
2015/1/6,2,-0.0003563476113220953,0.000577378185749504,0.00017240298749819676
2015/1/7,3,-0.007247543495287661,-0.007975750008707174,-0.008368411515189429
2015/1/8,4,0.01727119217294759,0.017503800961302402,0.01614200998371094
2015/1/9,5,-0.022787862300293487,-0.024648065040843763,-0.023576502007815053
2015/1/12,6,0.02839487237305977,0.0307610258090471,0.029983223604971673
2015/1/13,7,-0.003304034989529597,-0.0024125748002046853,-0.0030963495409102476
2015/1/14,8,0.010360116145063464,0.010657729451994107,0.01078269333349615
2015/1/15,9,0.0031702418504167005,0.0036688285000921763,0.003427350303355653
2015/1/16,10,0.024818920384625548,0.026058028835757013,0.02422927535331929
2015/1/20,11,-0.019734392449454706,-0.020759458042012825,-0.020555751685588146
2015/1/21,12,0.0022462644343132967,0.002968279102780534,0.0031670801516263205
2015/1/22,13,0.0014666092961035018,0.0018188248229224688,0.000522276073177255
2015/1/23,14,0.02066573043745242,0.021907404711552933,0.020520148044661686
2015/1/26,15,-0.007588091012629029,-0.00815253872948538,-0.008023421132546149
2015/1/27,16,0.004143491845458281,0.004866497397158996,0.004520003214708701
2015/1/28,17,-0.004779572934797285,-0.005196907774583111,-0.004569488752689956
2015/1/29,18,0.0068585216730996604,0.007233021510506045,0.006482637381802748
2015/1/30,19,0.013696649441695977,0.014520291668875938,0.013870388319764058
2015/2/2,20,-0.007597298425476536,-0.008736840885748942,-0.009070232313429502
2015/2/3,21,0.020804292179100285,0.021655342521723787,0.020609063078742957
2015/2/4,22,0.017728876097719594,0.018417612397282703,0.01788148950084957
2015/2/5,23,0.012680661809418585,0.01337870135180426,0.012487336811588388
2015/2/6,24,0.01771958189389127,0.017902385486459737,0.017240430869143026
2015/2/9,25,-0.002323994018470222,-0.003190634906700372,-0.002964927869639147
2015/2/10,26,0.004770103261094058,0.006035376012423501,0.005515859634720833
2015/2/11,27,-0.005512095787766665,-0.005056301420806362,-0.0048419506979803465
2015/2/12,28,0.0029360093618297266,0.0036450876892631183,0.003339491272507516
2015/2/13,29,0.013033080297994118,0.014838851049431641,0.012848284577874578
2015/2/17,30,-0.0024243380540480914,-0.0022801796275472926,-0.0031143244915210885
2015/2/18,31,0.0013059760620580691,0.001313671615405649,0.0015217478203938663
2015/2/19,32,-0.0023675681927264177,-0.002180991882853519,-0.0033927289280302883
2015/2/20,33,-0.004366544353101981,-0.005773437024778663,-0.004752140199085865
2015/2/23,34,-0.0021661112557421766,-0.0029689055784837565,-0.003712204345777754
2015/2/24,35,0.006164359407391821,0.006952381585075108,0.006624068393015012
2015/2/25,36,-0.007808426899520371,-0.008178220401743999,-0.007470704409773319
2015/2/26,37,0.009289705417935848,0.008946142520783283,0.008096128806255163
2015/2/27,38,0.027319576700230292,0.02910205082270795,0.028382233839460046
2015/3/2,39,0.015710754007745183,0.017128052581995807,0.015404646042356805
2015/3/3,40,0.003898006193699974,0.004515310626702072,0.004863034506970512
2015/3/4,41,-0.004903161654238756,-0.005167481102709574,-0.0048151516361596425
2015/3/5,42,-0.003126332603414431,-0.003811413352298162,-0.0037164609940966912
2015/3/6,43,0.02773260082305368,0.029187279878069863,0.02836776858180268
2015/3/9,44,0.0069672282319029576,0.0075856002970236735,0.007547374345526569
2015/3/10,45,-0.0017328730907463568,-0.002046308214092401,-0.0027057712213593163
2015/3/11,46,0.008739466408913345,0.009557833126733608,0.00997284889858501
2015/3/12,47,0.03289091491530049,0.03473432487701531,0.03363259171258789
2015/3/13,48,0.007844459204744317,0.008447362305228143,0.008090647932138853
2015/3/16,49,0.014131625742793658,0.013552715996414569,0.012969750902242595
2015/3/17,50,0.010121442908504391,0.011311258298008645,0.011590805687516054
2015/3/18,51,0.001868908038879979,0.0030529545235006145,0.003949027012594886
2015/3/19,52,-0.008127283775428228,-0.008788190839823145,-0.007961302048667714
2015/3/20,53,0.0019056805730221747,0.0010668916707676265,0.00027824072939087736
2015/3/23,54,0.003682229050180516,0.004270434885335112,0.004132966011453942
2015/3/24,55,0.013744816969985349,0.014137548744661518,0.013949297433056576
2015/3/25,56,0.01693694934812535,0.017172204491942476,0.01578581117861343
2015/3/26,57,0.018102168564506846,0.01977742837520789,0.01802589975716681
2015/3/27,58,0.009936980995051893,0.009558904120423449,0.009084613490202547
2015/3/30,59,0.01752080383981177,0.018850585732648993,0.017979121581801465
2015/3/31,60,-0.0032179077024261952,-0.004167939434821567,-0.0037205819214069635
2015/4/1,61,0.02217222323405914,0.024205653870784175,0.02377348080393153
2015/4/2,62,0.01281266136970495,0.013779990902924333,0.011710704340607739
2015/4/6,63,0.0025539460679304617,0.0025188524818684516,0.0024560677830144147
2015/4/7,64,0.012503875405866317,0.013223539032489033,0.012432280066657652
2015/4/8,65,0.005368640361028198,0.006005216767420478,0.0057149166265881915
2015/4/9,66,0.020638660646447458,0.02219546496877978,0.0211915858085736
2015/4/10,67,0.025548886384817344,0.027349871972251694,0.026631119349630458
2015/4/13,68,0.03397014045110972,0.03601443005487429,0.03456720865286786
2015/4/14,69,-0.011339881336547817,-0.012208798076545686,-0.011627261341973697
2015/4/15,70,-0.011942199982266186,-0.012119309197835387,-0.011456980863056255
2015/4/16,71,-5.648919451574624e-05,-0.0008886680139340788,-0.0007776007478736729
2015/4/17,72,0.008348881918391518,0.009401370252993174,0.008847206796034885
2015/4/20,73,0.017407312943455436,0.018829815961936107,0.018724440095270255
2015/4/21,74,0.010317056690058972,0.01171460379199459,0.0099194679198667
2015/4/22,75,-0.01925449159632556,-0.020589593095844187,-0.020446497458346327
2015/4/23,76,0.0024513468859822924,0.002691684849107895,0.003567534941985752
2015/4/24,77,0.016797698182347928,0.01818041082079034,0.017634200510793858
2015/4/27,78,0.009235049085797338,0.00989783251412592,0.00980179370293934
2015/4/28,79,0.015963319049533777,0.016491636917882566,0.01639955675413285
2015/4/29,80,0.003512302045922884,0.0038822903817387526,0.002411656044599319
2015/4/30,81,0.0037851442944332606,0.004017428745836468,0.004726746455222742
2015/5/1,82,0.008684390996225519,0.009748349012049604,0.008523194857410115
2015/5/4,83,0.011511343974264416,0.011689436554811864,0.010483426028916713
2015/5/5,84,0.008832870420234862,0.009489224881936684,0.009670141113899636
2015/5/6,85,0.007829908848352031,0.008406670201711161,0.007255397742985433
2015/5/7,86,-0.002158726141460247,-0.0017876860867568943,-0.0013625177243181495
2015/5/8,87,0.011100401427421682,0.01160932039506616,0.011931576742115289
2015/5/11,88,0.007865486055494916,0.008339281203846081,0.007511478110547169
2015/5/12,89,0.020611522238374928,0.021597225835906637,0.02014479754362094
2015/5/13,90,0.021489800232292647,0.022585835387132963,0.02188157180328118
2015/5/14,91,0.008666619330921901,0.009105237096197137,0.009216858825431032
2015/5/15,92,0.0015775344648672656,0.0014497597890273748,0.0015933978062374655
2015/5/18,93,-0.0017548162731141773,-5.441569129918818e-05,-0.001051839849798274
2015/5/19,94,0.011681382260594286,0.011731714884530967,0.012163511582347361
2015/5/20,95,0.007302838401834939,0.0069258507353238356,0.006973258561197359
2015/5/21,96,0.001975112133835967,0.0015706692878360681,1.5235742685643615e-06
2015/5/22,97,0.006876016786018751,0.00677074096267442,0.005863128336880664
2015/5/26,98,-0.0015179039520740846,-0.0015865660269830492,-0.0021776622581941604
2015/5/27,99,0.015154039750050644,0.01681674310151718,0.015484046785331617
2015/5/28,100,0.0006687766337531102,0.0017700431291919022,0.0018434827208309776
2015/5/29,101,0.021813488758778702,0.023054260303592533,0.02144919476429371
2015/6/1,102,0.011428365739935595,0.010419775575601985,0.010673511312481733
2015/6/2,103,0.013832795734690016,0.01476752572056547,0.014730376869200154
2015/6/3,104,-0.007525105758225734,-0.008730291776751995,-0.008246816933260834
2015/6/4,105,0.008467092456682326,0.008573775598391129,0.00747896759259061
2015/6/5,106,0.015691935805918066,0.01574938405854892,0.01496152715717065
2015/6/8,107,-0.005738909110008724,-0.005756667210475716,-0.005211576411192739
2015/6/9,108,0.0029571279833021363,0.0027086830377183527,0.0033084514909667998
2015/6/10,109,0.006737100329956464,0.007562286707843716,0.006890526998933029
2015/6/11,110,-0.011044157586089585,-0.011294492924343086,-0.010679347682392391
2015/6/12,111,0.010311041339727108,0.010674760081147733,0.009510628494730236
2015/6/15,112,0.0170277349714238,0.017930072572044962,0.01674201809142122
2015/6/16,113,-0.0045475569126696294,-0.004194707551844971,-0.003246050237658324
2015/6/17,114,0.010758650189102232,0.011061225809715199,0.011517692239969825
2015/6/18,115,-0.010274662740325981,-0.010209307647977577,-0.009917023056436828
2015/6/19,116,0.005835091542333271,0.006114629604163575,0.00564184198830012
2015/6/22,117,-0.01411352796444679,-0.014648822453326915,-0.014397466325240535
2015/6/23,118,0.020509491986220207,0.022040450895908295,0.019971025647269842
2015/6/24,119,0.011496783465730614,0.012913757749637399,0.012503824291365543
2015/6/25,120,0.0060131727218274604,0.006643221914249682,0.006610016424500627
2015/6/26,121,-0.00348054976493757,-0.003617659632256824,-0.003054490750752084
2015/6/29,122,0.022436435010129135,0.02401405856693479,0.022829882953605177
2015/6/30,123,0.031206642988122313,0.03178954822977391,0.030534773435281826
2015/7/1,124,-0.017177262851415073,-0.01699955566128032,-0.01604498118068605
2015/7/2,125,0.02196093091155539,0.022220663173482046,0.02189669503297758
2015/7/6,126,0.026912889781292856,0.028830090300747215,0.027625488519884025
2015/7/7,127,0.010600102668149067,0.010773299202709231,0.011152539165371256
2015/7/8,128,-0.008845118708493836,-0.008966560573143753,-0.007840011347105814
2015/7/9,129,0.0172451057630585,0.01803363733901182,0.017359017471326104
2015/7/10,130,0.004036074402206159,0.004429885144908285,0.0034226910566109007
2015/7/13,131,-0.0013145035188051627,-0.0018866908879002927,-0.0014652046088645017
2015/7/14,132,-0.009234586132175236,-0.011062816572770202,-0.01030680805499998
2015/7/15,133,0.01328836501877926,0.014209974884781453,0.014712917673882591
2015/7/16,134,0.016352857084036203,0.01679070764726486,0.01642067029988186
2015/7/17,135,-0.0015625538672428161,-0.002050914840099484,-0.0026638478320087453
2015/7/20,136,0.012909383004894377,0.01309611752476927,0.011939860593371139
2015/7/21,137,-0.008150345527708457,-0.007302810931906629,-0.0063280231453800686
2015/7/22,138,0.016467384230922033,0.016922542614266962,0.015954280564958095
2015/7/23,139,0.006913590230341037,0.007465964418442342,0.0063318917550209035
2015/7/24,140,0.003964613633275483,0.003428915597365705,0.0035678545681365912
2015/7/27,141,0.005037560521483736,0.00625272949010399,0.006252304206514408
2015/7/28,142,0.017315192454453603,0.01782913732313179,0.016862708071341697
2015/7/29,143,0.0158165951790385,0.01496263463897878,0.01475942421371601
2015/7/30,144,0.013021820788474268,0.015388099528241004,0.014552771229077284
2015/7/31,145,0.008066353160948314,0.0077751406413397,0.008565796389119312
2015/8/3,146,0.007308923377486582,0.008502211042235,0.007382974343978193
2015/8/4,147,0.014146515672364773,0.015317477252280175,0.015125823736189741
2015/8/5,148,0.009265404722743231,0.010141149577431317,0.010260846784598916
2015/8/6,149,0.014958223583712998,0.01555973090134874,0.01558298112328343
2015/8/7,150,0.0024018539405781265,0.002641606434852683,0.002430308376806222
2015/8/10,151,-0.024473976949944565,-0.024923590697747085,-0.023938611716684998
2015/8/11,152,0.019464762645510104,0.020247675481566443,0.020336191281210454
2015/8/12,153,0.033987902843815254,0.035846240153072334,0.034399608798034956
2015/8/13,154,0.011907422999895056,0.013089896431651898,0.012065329565391521
2015/8/14,155,0.005057680693291303,0.005363304459375575,0.005621564746678599
2015/8/17,156,0.0045986506584574744,0.0045598002186189816,0.005335569328482245
2015/8/18,157,0.004818625726937668,0.0059776793695868365,0.006100251786496706
2015/8/19,158,0.006544768852112177,0.007088110139307779,0.006274554530188615
2015/8/20,159,-0.007867983720490478,-0.008340549050692465,-0.007304078847575468
2015/8/21,160,-0.00021622968957530058,-0.0007177601477513678,-0.0016542945563850482
2015/8/24,161,-0.0062869473343311446,-0.007237290227071454,-0.00638412206195243
2015/8/25,162,0.009471643440037454,0.010510504313931336,0.010603727764694837
2015/8/26,163,0.0025723085634208245,0.0033012938441131885,0.0029958436933461285
2015/8/27,164,0.012588538147848398,0.011845086837480846,0.011428102683959837
2015/8/28,165,0.004114715723478605,0.00393118041737724,0.0038296670080727084
2015/8/31,166,0.018800818239877143,0.020351107991827863,0.01899468566175607
2015/9/1,167,0.009025569263863425,0.011010113859756298,0.009917214099982303
2015/9/2,168,0.034034958572568406,0.03709670966263863,0.03506562061950486
2015/9/3,169,-0.01766272380796241,-0.01795017152539325,-0.01744605797712764
2015/9/4,170,-0.0018583654446976709,-0.0010827120083666559,-7.113945192285353e-05
2015/9/8,171,0.017727562753918163,0.018280371538353095,0.016509204026433022
2015/9/9,172,0.03830562692138996,0.04071076691161643,0.039813150029166515
2015/9/10,173,0.0031795465078946383,0.002556072174148532,0.0022793816027294363
2015/9/11,174,0.00687692924661702,0.006865413905431262,0.006034495636994247
2015/9/14,175,0.0034618814272219483,0.0038379754358192184,0.0033018653269728335
2015/9/15,176,0.023166303650768903,0.02569574262636145,0.023752592783611918
2015/9/16,177,0.002690366367293074,0.003297938231055766,0.0018477858535857507
2015/9/17,178,0.014926833968340027,0.01584635912506979,0.015570118023224281
2015/9/18,179,0.0022793495128031723,0.0022857466983146695,0.0020742842627575553
2015/9/21,180,-0.009772181171527592,-0.011097176603128431,-0.011072600297617778
2015/9/22,181,0.010290655127609684,0.01118647192484523,0.009801267053293119
2015/9/23,182,0.012689395698186862,0.013103079243494055,0.012091960938576838
2015/9/24,183,0.02268271259186999,0.02396803336794283,0.02197811397843993
2015/9/25,184,0.0049274986632507345,0.004611411340061523,0.005202129578991341
2015/9/28,185,-0.0014845257289154276,-0.0014820636491048838,-0.002607271934019916
2015/9/29,186,0.013442982695737581,0.013143029420733083,0.011879850953495684
2015/9/30,187,0.00936966543536586,0.010156846983086856,0.009090532655656043
2015/10/1,188,0.009874718933834186,0.011203122834320728,0.010943495263358886
2015/10/2,189,0.005399744641398657,0.006247765122345573,0.006095878147129408
2015/10/5,190,0.021001806272828844,0.0233887961166696,0.02212778110458501
2015/10/6,191,0.010998309570696287,0.011753490715821423,0.011056891533085863
2015/10/7,192,0.03041679405486414,0.032257253661879544,0.03089615368317728
2015/10/8,193,0.020378434428490026,0.021722985264866077,0.02013375624695023
2015/10/9,194,0.014660949108921639,0.01483760658464318,0.014401622691677267
2015/10/12,195,-0.014261092310992395,-0.013612322507146597,-0.013768294791736389
2015/10/13,196,0.013943358537807014,0.015265758143028838,0.014844189448630807
2015/10/14,197,0.011640751414574494,0.012069212071717931,0.011144933844128289
2015/10/15,198,0.016582372753868205,0.016840490461519496,0.016712115189709064
2015/10/16,199,0.019535818934065682,0.020880388643883963,0.01906265437506938
2015/10/19,200,0.0012538027189654879,0.0018588535491639523,0.001479090315354273
2015/10/20,201,0.016747493556652573,0.017672074281978506,0.016269284424438226
2015/10/21,202,-0.0007881082904753183,-0.0007098298472802489,-7.96917070514004e-05
2015/10/22,203,0.0310520243801529,0.032485650067188475,0.029968787203403808
2015/10/23,204,-0.010523448677469387,-0.0110513587169697,-0.009939606616965123
2015/10/26,205,-0.01594658908391563,-0.015899501019348974,-0.014811561673239949
2015/10/27,206,-0.014555600607984925,-0.014397552108241684,-0.013319721618070924
2015/10/28,207,-0.004940180795411278,-0.006135985004177162,-0.006264415914743822
2015/10/29,208,-0.00783125917572668,-0.008134987422030003,-0.0074276063111741175
2015/10/30,209,0.031067213795171484,0.03185903392520224,0.031373335919470835
2015/11/2,210,0.0021946270450214356,0.001459590419733503,0.000949388989304663
2015/11/3,211,-0.01065909929405208,-0.010821465177409876,-0.010120260788179451
2015/11/4,212,0.020420508889707454,0.020909279150799678,0.01969742799946503
2015/11/5,213,-0.00109445087522119,-0.0031435317828351845,-0.003682275359089087
2015/11/6,214,-0.009320539885825999,-0.009378536515639926,-0.00943127646462963
2015/11/9,215,0.017403138819581596,0.019084193453852448,0.018461928664976333
2015/11/10,216,0.014209532461083356,0.016209444964647778,0.015370270267374891
2015/11/11,217,0.0008227401137357307,0.0006132392346888016,-0.0009687854639091238
2015/11/12,218,0.02412868451456169,0.02624929862159465,0.02527348229441593
2015/11/13,219,0.007957575485983456,0.006697780951691226,0.006162030776805645
2015/11/16,220,0.02677752969667541,0.027456502328001182,0.026664111449513764
2015/11/17,221,0.012683780360343337,0.013646194428263753,0.012556814717387493
2015/11/18,222,0.026042059070932256,0.027642386480874123,0.027719296073252853
2015/11/19,223,0.007708402131810017,0.008928927851904118,0.007882439746362942
2015/11/20,224,-0.009104126510392628,-0.008954269275755988,-0.008021951818878837
2015/11/23,225,0.0373068903621114,0.039120645470040155,0.03648443268608961
2015/11/24,226,-0.0005790025152962747,0.00035922862999782784,0.00046456795557284404
2015/11/25,227,0.003809433193100033,0.004434074596151377,0.0034866217823034708
2015/11/27,228,-0.0025348628609745067,-0.0015756237358090649,-0.000703206512994408
2015/11/30,229,0.003751796431685236,0.0034307168199342927,0.0032458337516132374
2015/12/1,230,0.009394107929690781,0.010053710424777472,0.01049639994214229
2015/12/2,231,0.008877527583540962,0.009049703802222014,0.008535689641061339
2015/12/3,232,0.014685874073902455,0.015929872107163425,0.014106043689542502
2015/12/4,233,0.028993762791259998,0.03030459394817431,0.028256130031194916
2015/12/7,234,0.004800785623502571,0.004881539589272048,0.004389433171878992
2015/12/8,235,-0.00927332529563379,-0.010575937276337311,-0.00917340346463255
2015/12/9,236,-0.008630717474357428,-0.008867327938634822,-0.006697698114664381
2015/12/10,237,-0.002096647239892284,-0.0014959821763158546,-0.0014933823366792534
2015/12/11,238,-0.014852532684386868,-0.014957520427113945,-0.014008512882770776
2015/12/14,239,0.016760448851520938,0.015690965180260853,0.01569705731438277
2015/12/15,240,2.259683128301611e-05,-0.0010006272061442282,-0.001672422607751333
2015/12/16,241,0.002390871922196545,0.003778577736193226,0.003390043853669859
2015/12/17,242,0.0063006297446439145,0.006496995909425434,0.006595633718692862
2015/12/18,243,-0.011341450953395286,-0.01200272220538537,-0.011179245014778133
2015/12/21,244,-0.004570330623741664,-0.004061824308505352,-0.003912063345358752
2015/12/22,245,0.014859056059301552,0.015726378266916842,0.014321896867503438
2015/12/23,246,0.01414852522123861,0.014455866347236286,0.013798968556497563
2015/12/24,247,0.0007188245360634947,0.0006220468993904337,0.0010418077461231
2015/12/28,248,0.029226211767911982,0.031887392128201596,0.029838653213269853
2015/12/29,249,-0.010191728989602203,-0.011574983915776618,-0.010949131269293911
2015/12/30,250,0.001960773929469137,0.0028817794729840245,0.0040593587028399
2015/12/31,251,0.0034046378691515505,0.003377295641192603,0.00351032507019652
2016/1/4,252,-0.029005485875322437,-0.030627300270412758,-0.028720810976158067
2016/1/5,253,0.03083257165325945,0.033552409925247606,0.03121944623794062
2016/1/6,254,0.010958329503474775,0.011099657017143216,0.010196269814231619
2016/1/7,255,-0.0068885713454876615,-0.006704862630018389,-0.006570402734341536
2016/1/8,256,0.03227007514225179,0.03365396373598536,0.031440839383047425
2016/1/11,257,0.013732658758555377,0.013513572983552255,0.012073192060522358
2016/1/12,258,0.011757678988536014,0.012240562752946915,0.010638251652714639
2016/1/13,259,-0.0013534345772072253,-0.0006818123540838568,-0.0007791964897961652
2016/1/14,260,0.007668178309211959,0.007934018688573581,0.008064038575666543
2016/1/15,261,-0.012973943801946147,-0.013275156118149792,-0.012221312032754875
2016/1/19,262,0.01638092835093917,0.017319226355818357,0.01688098302064119
2016/1/20,263,0.0015882435971810733,0.0016972745284782583,0.002189265181187176
2016/1/21,264,0.008020145789738937,0.008157104271625646,0.007206081605318865
2016/1/22,265,0.021529480268460396,0.022689300726869848,0.021122697344788968
2016/1/25,266,0.00992636567918926,0.009136969253396413,0.008531123341885119
2016/1/26,267,0.009644535077576587,0.009843218320224917,0.008787376580016592
2016/1/27,268,0.009822025619101872,0.009172212774749038,0.008871507950556813
2016/1/28,269,-0.0029506783269991803,-0.002927639715701197,-0.0032006743040195835
2016/1/29,270,0.016899271512586047,0.0179685420748302,0.017774640545115288
2016/2/1,271,0.025846675471194173,0.026635533373850794,0.024748554640781583
2016/2/2,272,0.01592277206968479,0.01722570210299861,0.016720199660839093
2016/2/3,273,0.017517864821410302,0.018644103284294816,0.01877363942169914
2016/2/4,274,-0.004772275675477523,-0.004825218168620566,-0.005352533298554509
2016/2/5,275,-0.004652181274345686,-0.005113362208956747,-0.005206381471151151
2016/2/8,276,-0.011901244930424507,-0.0121972866262585,-0.012073248372806954
2016/2/9,277,0.021911460750555348,0.023673772859679778,0.021819508174509252
2016/2/10,278,0.00310940605233941,0.002847175405366149,0.0028696905069869614
2016/2/11,279,0.024031336228455366,0.02471628526393199,0.02379690084861916
2016/2/12,280,-0.0035659320652037868,-0.002992232237514848,-0.003306088743223958
2016/2/16,281,0.000790455790249508,-0.0006363243365758302,-0.0009286305913246986
2016/2/17,282,0.007531597806114895,0.0062528580972880474,0.00609352921382004
2016/2/18,283,0.017980079188667127,0.017731348962437207,0.017043348355494408
2016/2/19,284,0.007092991268447299,0.0075625839515828484,0.006481560794813136
2016/2/22,285,0.008995095705414458,0.00954122040104327,0.010519840854994435
2016/2/23,286,0.006533614347806669,0.007174312423389289,0.006667955719482785
2016/2/24,287,0.008565822398276093,0.009042165775826679,0.0086457892816035
2016/2/25,288,-0.007797797462882114,-0.0072153629717898815,-0.0072518205447553745
2016/2/26,289,0.007348211174376717,0.008712234690718168,0.008113009596510411
2016/2/29,290,0.003964496988184716,0.0048957445278287135,0.0040790349493087345
2016/3/1,291,0.005605776174512839,0.005155072707610165,0.00592710765058688
2016/3/2,292,0.012552174888827577,0.013409730478588722,0.011570979994698534
2016/3/3,293,-0.002285417795972608,-0.002947523363042949,-0.002917119443596734
2016/3/4,294,0.0052556039316705265,0.005201707087587822,0.0053597472329392
2016/3/7,295,0.0025631919648157232,0.0020441204774519915,0.0009317474689555867
2016/3/8,296,0.011603054551838686,0.012189982412912834,0.011872055388892406
2016/3/9,297,0.016251206112586337,0.017407900704993356,0.01737013742709459
2016/3/10,298,-0.00576072453232256,-0.005998991536689876,-0.005511601321411163
2016/3/11,299,0.013735801188878462,0.01366783861834657,0.012984451438575127
2016/3/14,300,0.032454877097442686,0.03311247155559717,0.03143521116804344
2016/3/15,301,-0.012284271404313239,-0.01338046972548499,-0.012889482041756743
2016/3/16,302,-0.004176380834281751,-0.004877021557039837,-0.004266233918227094
2016/3/17,303,-0.0048139681677908915,-0.004558648673017989,-0.004876858412393139
2016/3/18,304,0.0027942173609757912,0.002731997283636744,0.0028020921484434584
2016/3/21,305,0.026852152961684805,0.028075437540019964,0.026457563195417456
2016/3/22,306,0.0064934548008012995,0.006718873089558002,0.006015078845872758
2016/3/23,307,-0.0024627008278186374,-0.0018921281902970612,-0.0025288779212373656
2016/3/24,308,0.014189816643056456,0.015934077535263297,0.015563982762334162
2016/3/28,309,-0.0012624385559556871,-0.0010554649494154526,-0.0013762486392169468
2016/3/29,310,0.02053472005283046,0.021404413657636682,0.021015676448374442
2016/3/30,311,0.010185911887334186,0.011582227330685924,0.010985378483806003
2016/3/31,312,0.023891379560512065,0.025363116731917754,0.02409300519231924
2016/4/1,313,-0.0020408611828782635,-0.0024092292965042,-0.0029831235001011374
2016/4/4,314,0.04466220227080282,0.0475344553185809,0.04452520383289773
2016/4/5,315,0.01675481747498325,0.017723622074490426,0.017183393027117803
2016/4/6,316,0.014604412093594886,0.0144276720306426,0.013645453990407898
2016/4/7,317,0.005677066983023095,0.00635741069345196,0.006076692133984444
2016/4/8,318,-0.002853602920148578,-0.0028066569586501114,-0.00225458638519038
2016/4/11,319,-0.0046519466934349845,-0.006058787166595217,-0.0054258041545911335
2016/4/12,320,0.0046045630778674615,0.0034743520886089192,0.0030755863751836137
2016/4/13,321,-0.003760198406831881,-0.0038620040023052945,-0.0018383332434537077
2016/4/14,322,0.009900151679998217,0.0108273517075566,0.012268762155604828
2016/4/15,323,-0.004124842495076245,-0.003946184800441463,-0.003470397098731253
2016/4/18,324,0.014180699120257708,0.014028974889278716,0.012417299710765696
2016/4/19,325,0.018418644541759354,0.019120108406860976,0.01759893430914643
2016/4/20,326,-0.0026036993524638655,-0.002312295838199548,-0.0018287568147794403
2016/4/21,327,0.02141097335095571,0.021510227038220125,0.02007003747105703
2016/4/22,328,0.003314801448951371,0.0035344792152664697,0.003306082202867964
2016/4/25,329,0.02093791961329654,0.02211973687053662,0.019750897264857507
2016/4/26,330,0.0118669699262434,0.013044552995439204,0.01266819075836958
2016/4/27,331,0.020521010436138735,0.019995083431594868,0.01975961547017491
2016/4/28,332,-0.006286858384259883,-0.006509503266436252,-0.006952065254799457
2016/4/29,333,0.004973706365807715,0.006498764013928813,0.005956577321787728
2016/5/2,334,0.024683844624662457,0.025525150837937247,0.024021828726890317
2016/5/3,335,-0.001493061146000619,-0.001767721515508258,-0.003250921287398514
2016/5/4,336,-0.019444228380615318,-0.019813082136127345,-0.01912325555199456
2016/5/5,337,-0.018247470165534335,-0.01964249743359636,-0.019020343833835295
2016/5/6,338,-0.02537968980964468,-0.025916951783049515,-0.025502467006862758
2016/5/9,339,-0.02041773804050942,-0.021096761754458085,-0.020595031657032862
2016/5/10,340,0.001117686001131382,0.00017803885563492526,0.0003252606297519206
2016/5/11,341,0.022496798497409896,0.02368525928577811,0.02271690971288773
2016/5/12,342,0.0007307482352293011,-0.00015545556410787758,5.7782127144390675e-05
2016/5/13,343,0.010416888611325576,0.011540177179185464,0.010598904167581918
2016/5/16,344,0.004933260791724743,0.004116971963458983,0.003389407938529707
2016/5/17,345,0.006432691877018116,0.005608472811312341,0.005420000600111474
2016/5/18,346,0.004196989586772932,0.0036875445995949636,0.003254522436558484
2016/5/19,347,0.004121328873754377,0.003819487567108295,0.004284000860591676
2016/5/20,348,0.012157871044452677,0.013597406172037804,0.013653909308303904
2016/5/23,349,-0.00855057960223925,-0.00898965566147334,-0.008839079664609386
2016/5/24,350,0.019101765747594927,0.020240901467643756,0.018195748530753918
2016/5/25,351,0.017961963949391497,0.01953988843921003,0.018678860913797047
2016/5/26,352,0.003857253434321916,0.0036087823743949947,0.0030052965965845706
2016/5/27,353,0.016512065852720526,0.016971903846310046,0.016643374985092812
2016/5/31,354,-0.0025468279246099604,-0.003210145366539487,-0.002606856285249834
2016/6/1,355,-0.00047083814737958717,2.0372316105191557e-06,-0.0006625283311885355
2016/6/2,356,0.008301154051540683,0.009749186328204974,0.00992468622790961
2016/6/3,357,0.003918428527856013,0.004277993076148798,0.004944646928313175
2016/6/6,358,0.0006484182963952343,0.00028664233118623256,0.0005165796459697863
2016/6/7,359,-0.0021813143223788157,-0.002619485248765085,-0.0021026207500988202
2016/6/8,360,-0.0007272570971264044,-0.001467109278183879,-0.001723217638244238
2016/6/9,361,0.018204204675940538,0.019576831843435685,0.018054609504538265
2016/6/10,362,-0.018256757448572702,-0.01984185049692144,-0.018056097828165772
2016/6/13,363,0.010783295535458337,0.011161416221338842,0.010755836205172129
2016/6/14,364,0.003333838157310697,0.0027612139959244317,0.0025651728089693604
2016/6/15,365,0.015530748807608151,0.015105960302739137,0.014307070277725912
2016/6/16,366,0.01283977844735262,0.01187535852378075,0.011757678750626804
2016/6/17,367,-0.028872031022492646,-0.030878493654116865,-0.029470958807715025
2016/6/20,368,0.013719814981960475,0.014543730683400955,0.013501310665869461
2016/6/21,369,0.010426336103636536,0.010746648695736164,0.010016579481602008
2016/6/22,370,0.0066011007597449895,0.0067897546233373785,0.006347494638443293
2016/6/23,371,0.000396248363851018,-0.00026153935021657794,-0.0005561338804971954
2016/6/24,372,0.017117803904462523,0.01738444694160401,0.016571059230284787
2016/6/27,373,0.0011001018839609036,0.00047983272483009755,0.0001449268174803572
2016/6/28,374,0.029532101574222574,0.031142302550486098,0.029297465792219254
2016/6/29,375,0.013463496503183587,0.015431721957789725,0.015916533565104512
2016/6/30,376,0.03336617907611602,0.03494823848170901,0.03320541849088565
2016/7/1,377,-0.00361175111871779,-0.00465834764183616,-0.0033452049509851843
2016/7/5,378,-0.015886342379764065,-0.01587578183267994,-0.015717461675729436
2016/7/6,379,0.015366008023737329,0.01550275957178773,0.015205009612466014
2016/7/7,380,0.017110503340851606,0.01831864311122262,0.017409869091879273
2016/7/8,381,0.006771829100247338,0.006830460692629184,0.007558426298807477
2016/7/11,382,-0.013139810698208344,-0.013745519711056838,-0.013352453404171358
2016/7/12,383,0.0006590795734376723,0.0028630405291583598,0.0038534530925077868
2016/7/13,384,0.01414152271323077,0.014375821724988648,0.01328473815733389
2016/7/14,385,0.003994888599749818,0.0038235837401147032,0.003637228574926493
2016/7/15,386,0.0048574458766173795,0.005337637907313225,0.00433958306798543
2016/7/18,387,0.004105155412835783,0.0042965328312822475,0.004059854122737139
2016/7/19,388,-0.005488634487629362,-0.006019887999869818,-0.0058497000159247045
2016/7/20,389,-0.00041767775802256484,-0.000873948804894381,-0.0015318885653865673
2016/7/21,390,-0.011720102028879985,-0.011932646018013648,-0.012503524448631932
2016/7/22,391,0.028687676314802367,0.030803452900821246,0.029830217785422303
2016/7/25,392,0.0003115112271413461,-0.0002750640495770296,5.184165336283335e-05
2016/7/26,393,0.012365899353259236,0.012265450919207634,0.011211775225916893
2016/7/27,394,-0.006601393055580337,-0.005774128385003497,-0.005552964191924378
2016/7/28,395,0.01637463093019041,0.01629201457154065,0.015018754658921472
2016/7/29,396,-0.017369265133564342,-0.017785311793107515,-0.016983372283691872
2016/8/1,397,0.017969517806090612,0.01914572223285479,0.01834657700295574
2016/8/2,398,0.005877182525414915,0.005473462458803754,0.005423119286625267
2016/8/3,399,0.033021832162096795,0.035153269694635524,0.033078760614764356
2016/8/4,400,-0.010201938722877023,-0.011409770940251267,-0.010971974332109124
2016/8/5,401,0.007290700464663206,0.006966142868240047,0.0069442567035849605
2016/8/8,402,0.010969711164928989,0.010639367987816048,0.009690404927076249
2016/8/9,403,0.021919633613500807,0.023543262322620107,0.02201473403545739
2016/8/10,404,0.0009757908305258311,0.0007403891049712508,0.0007551362669481831
2016/8/11,405,0.007418253164942643,0.008475539024404597,0.008364677194349066
2016/8/12,406,-0.02077574337972477,-0.022326908092813555,-0.021478692053648992
2016/8/15,407,-0.004176342491128723,-0.003996412862756053,-0.003292821909574901
2016/8/16,408,0.012037095446002951,0.013529074834737285,0.012808308655241659
2016/8/17,409,0.02029137854033725,0.021251547745168707,0.01976349062298507
2016/8/18,410,0.002760842081435258,0.0021870853700985903,0.0021374446482157346
2016/8/19,411,0.03233562384983205,0.0337357441547442,0.031127665112089177
2016/8/22,412,0.028590142540851314,0.030814480233666793,0.028112631717063723
2016/8/23,413,0.005557355241244648,0.00630266698873052,0.006201951958014633
2016/8/24,414,-0.024204111173108066,-0.02565843703681486,-0.025498960707890414
2016/8/25,415,-0.016160078438374217,-0.018071320318506258,-0.017674950171750105
2016/8/26,416,-0.0035146670404978654,-0.003237855194440046,-0.0024443476960892977
2016/8/29,417,0.020438952951881285,0.022492376282096802,0.02157753921387685
2016/8/30,418,0.010249223817248526,0.011804347452219864,0.01067656383185721
2016/8/31,419,-0.02016581701605449,-0.020900387310888394,-0.019864848724878766
2016/9/1,420,0.0034308710401526905,0.003481597135928834,0.002400641993546844
2016/9/2,421,0.026732141850574716,0.02757156219689072,0.02547249687086987
2016/9/6,422,0.0015836093620024642,0.001300644643091941,0.0011294749273859396
2016/9/7,423,-0.003161893345726716,-0.0043633817192613705,-0.003773676914707851
2016/9/8,424,0.03231372291808293,0.0352794180058325,0.03349411468339116
2016/9/9,425,0.007000138460566185,0.007333091606424534,0.00691312465055363
2016/9/12,426,0.00026364416352750355,0.0017848565921374105,0.0012842998931243221
2016/9/13,427,0.010753858455085957,0.011244435075365272,0.010729342796322603
2016/9/14,428,0.006541673843359492,0.005845243407091442,0.006056427107730658
2016/9/15,429,0.0008962871623503588,0.0021184586676441107,0.0027106072776714022
2016/9/16,430,0.021610453124612645,0.022147173423006223,0.0212566036918901
2016/9/19,431,0.02043719086575663,0.021182092938464746,0.020200134071924468
2016/9/20,432,0.01696070620275271,0.01885137676959821,0.018133438856022487
2016/9/21,433,0.005023123521738033,0.006196888884956591,0.00621931141057444
2016/9/22,434,0.02083182507524392,0.020591930872269865,0.019257632195675375
2016/9/23,435,0.0056958618974318346,0.005981322087388157,0.005448809109832518
2016/9/26,436,0.012227177637239744,0.012149454077780963,0.011122381929871337
2016/9/27,437,0.019399774880714784,0.020710744575829852,0.019277519671227768
2016/9/28,438,0.01655571712442216,0.018529624407247237,0.018794075634115073
2016/9/29,439,0.028963360327876466,0.030084239043283088,0.02907646529588648
2016/9/30,440,0.012032896769596364,0.013578938628908657,0.012466924282606838
2016/10/3,441,-0.014977305766441653,-0.01631349726401881,-0.015471058919689022
2016/10/4,442,-0.008350564699585863,-0.007394228429760228,-0.006830043761015438
2016/10/5,443,0.02340220584656965,0.02405012676803399,0.02279072572133114
2016/10/6,444,0.002134117850465897,0.0019477830820298627,0.0012408621299778906
2016/10/7,445,0.011213931734076588,0.011962440650796685,0.012279183660380649
2016/10/10,446,-0.004445601484748978,-0.005553695264917661,-0.006027636217529302
2016/10/11,447,0.018984815186663714,0.020914114637698725,0.020417595583566785
2016/10/12,448,0.0014567696267515909,0.0008528699977031672,0.0008444024697923341
2016/10/13,449,0.024768327756586158,0.02639504120751848,0.024560804403982523
2016/10/14,450,-0.00040773169673482927,-0.0012434357065482754,-0.0012834080919135573
2016/10/17,451,0.020467948366450987,0.021560778616365246,0.01931238127199611
2016/10/18,452,0.014855066265855185,0.015591162241271769,0.01498551205190834
2016/10/19,453,-0.0028130598171737945,-0.00319925791741958,-0.002578573551232569
2016/10/20,454,0.020225881526950276,0.02154658498876614,0.020134015756424845
2016/10/21,455,-0.005080319107141432,-0.006040681801941228,-0.0055502658175162495
2016/10/24,456,-0.004078923150436848,-0.0033203568848171605,-0.004734778548584391
2016/10/25,457,0.015453561304893653,0.01635427832096418,0.0152004803550366
2016/10/26,458,-0.001585464844466744,-0.003430202310836166,-0.0041045392295237905
2016/10/27,459,-0.0011870313405624583,2.2045605913949056e-05,0.000606149751449409
2016/10/28,460,0.001974517200128415,0.0023595642949452273,0.002364480530415639
2016/10/31,461,-0.006326695421753493,-0.0056604692740890895,-0.005407321478227291
2016/11/1,462,0.019542805227187196,0.020408040984110375,0.01926796019800757
2016/11/2,463,0.014021725067947707,0.013291807741333636,0.012473601250946422
2016/11/3,464,0.005447608965325145,0.005454536524871637,0.005678326805925314
2016/11/4,465,0.004953492070087337,0.004425731943945331,0.0035455830222865916
2016/11/7,466,0.012018622206837925,0.012595214871021535,0.012555062775058797
2016/11/8,467,0.028654474324667,0.029781894766336,0.028735258894735754
2016/11/9,468,0.01734154871725266,0.01834081712590856,0.018075682548461376
2016/11/10,469,-0.00010697522715257587,-0.001228233639870022,-0.0013868764286208428
2016/11/11,470,0.0161582168617141,0.017000142684005785,0.016834127303048705
2016/11/14,471,0.004822205623482307,0.0047726508318443805,0.005166970885389664
2016/11/15,472,0.003807405276110364,0.004398441729832211,0.004462870190781155
2016/11/16,473,0.029933758252286037,0.030360140056005222,0.029552298235686492
2016/11/17,474,0.0010253635010350187,0.0008077931859631966,0.0004882998608224014
2016/11/18,475,0.0002632923115484529,0.0013253207639083945,0.0012127919367839507
2016/11/21,476,-0.018367840440271944,-0.020033202225639535,-0.018179245305254985
2016/11/22,477,-0.011413661195141114,-0.011517558118654837,-0.009665770506480556
2016/11/23,478,0.012030859284936477,0.013473888202142924,0.011758770515187323
2016/11/25,479,-0.0024655760452718797,-0.0025952361773494983,-0.0018728360630634582
2016/11/28,480,0.012844081524823144,0.014111474625209959,0.012610198520700075
2016/11/29,481,-0.007777571971124096,-0.007507786311639349,-0.006999396972625462
2016/11/30,482,-0.003381231568609336,-0.0025574925908554923,-0.002801437368511826
2016/12/1,483,0.014857274827580601,0.015367501058345652,0.014729215177109048
2016/12/2,484,0.024803544674931146,0.02597269773214707,0.024485440161862885
2016/12/5,485,0.013818809337138976,0.015018321749558515,0.014516639596661347
2016/12/6,486,0.021476050166079952,0.02207826597024202,0.021385287295725492
2016/12/7,487,0.02788615559147353,0.029310853306296538,0.027625117569379277
2016/12/8,488,0.019480758094747332,0.020012981119754844,0.019435168682090206
2016/12/9,489,-0.005292894340944693,-0.007030554000204809,-0.006860905096055274
2016/12/12,490,0.004992038396418915,0.005453459251677192,0.005613904143017326
2016/12/13,491,0.01429597008410365,0.016087479889376113,0.01602779344004059
2016/12/14,492,0.0010771109670013037,0.0008956521495722748,0.0009552785165867038
2016/12/15,493,0.012041270750026872,0.012696648638745435,0.012209249583265228
2016/12/16,494,-0.013650367252532838,-0.014619454348250304,-0.015028623164347873
2016/12/19,495,-0.004156851664175595,-0.0048333206124499305,-0.005079840984929529
2016/12/20,496,0.013014413737854887,0.013751214445866477,0.012669851125971719
2016/12/21,497,-0.021972599471483188,-0.02239264823663831,-0.021368301331222268
2016/12/22,498,-0.007687022679117862,-0.006669951437196785,-0.007221906085128566
2016/12/23,499,0.006100434356724742,0.006928165745175057,0.0057588910188647695
2016/12/27,500,-0.09131891946812941,-0.016803488260519642,-0.01601208056892273
2016/12/28,501,-0.06884757872435648,0.006496915446991668,0.006303509914650566
2016/12/29,502,-0.07968367319593729,-0.00315194758609157,-0.002370625136281459
2016/12/30,503,-0.07325852082441682,0.0029682583190821328,0.0037260001312020017
2017/1/3,504,-0.07284601129040501,0.002814994325899523,0.003008344619966799
2017/1/4,505,-0.06717571792425801,0.008486911305322564,0.007829991618273338
2017/1/5,506,-0.0767015346054012,-0.0013580627785917355,-0.0008526769555308219
2017/1/6,507,-0.06843565523451639,0.008612045447235404,0.007676524357452422
2017/1/9,508,-0.07717420740751171,-0.0013576620501727862,-0.0011545487432193038
2017/1/10,509,-0.06253627317038782,0.013140575222856549,0.013615626640558232
2017/1/11,510,-0.0481449296455423,0.02968908831761593,0.029136603887000262
2017/1/12,511,-0.06707988090416243,0.009451648189294098,0.008787820459360567
2017/1/13,512,-0.06742141351836409,0.008712784689989013,0.008890857348465814
2017/1/17,513,-0.0842937741375483,-0.008434712937385038,-0.008258317556117497
2017/1/18,514,-0.060799642420819935,0.015326299196829386,0.014170957037931213
2017/1/19,515,-0.07915898603569192,-0.0028179115062285072,-0.0036948502520405616
2017/1/20,516,-0.07980130620327888,-0.005003135636829472,-0.004413419701235144
2017/1/23,517,-0.06251899520902657,0.013473064716603613,0.01299290542219387
2017/1/24,518,-0.06728012941607303,0.008174443853118966,0.008388370347877339
2017/1/25,519,-0.05556532374601206,0.021082352021094503,0.020537944340574408
2017/1/26,520,0.024575665229761748,0.025325394394929385,0.023869691383086464
2017/1/27,521,-0.0005019364706940945,-0.0007563907117226921,-0.00017269778833428292
2017/1/30,522,0.007948410072535954,0.008348846017745486,0.009120882286886102
2017/1/31,523,0.028592241750902594,0.030372393923456736,0.030309233873263446
2017/2/1,524,0.018550417235037732,0.01957061311683025,0.01908062640783781
2017/2/2,525,0.015343991649849988,0.016270481294961524,0.015639405401605227
2017/2/3,526,0.022846900357753847,0.025003908928639552,0.02399952623409706
2017/2/6,527,-0.0013231345303031513,-0.0015578346862981237,-0.0014272026947293754
2017/2/7,528,0.014376769298039594,0.014173275130527309,0.013100589649676874
2017/2/8,529,0.024150357363146257,0.02595958192168274,0.0256591694983375
2017/2/9,530,0.026827654159993237,0.02933014271816178,0.028345887017401067
2017/2/10,531,-0.003872965631562169,-0.003948162142444288,-0.003658101387171928
2017/2/13,532,0.0031411004226030324,0.003829123507265918,0.00457852144290254
2017/2/14,533,0.011165561896640825,0.011309191590793568,0.011274824828322616
2017/2/15,534,0.0026689959537449224,0.0029198771560792853,0.0019793431932376266
2017/2/16,535,0.0013684283521920868,0.0018397399567190152,0.002529871987980866
2017/2/17,536,0.01497656379887792,0.01596482420665918,0.014907635929740565
2017/2/21,537,0.0018542333455333617,0.001605610246662741,0.0006920176853567022
2017/2/22,538,-0.016290952656334918,-0.016074199456414407,-0.01508716630160758
2017/2/23,539,0.010901602053422194,0.01155598064450906,0.010781995866648015
2017/2/24,540,0.000955099046236846,0.001591162999530504,0.0010407589055475232
2017/2/27,541,-0.002928661004650745,-0.0028184568900070373,-0.0016760108006509777
2017/2/28,542,-0.013480639781633327,-0.013602111675394025,-0.012884234471384565
2017/3/1,543,0.019148507875062434,0.020696174479030036,0.01962833640486379
2017/3/2,544,-0.02184643876917566,-0.023075469227649744,-0.02208067304317951
2017/3/3,545,-0.015170503461210117,-0.015401763857136451,-0.014880219514715515
2017/3/6,546,0.0028353479552067073,0.004343507529133029,0.004245726604363392
2017/3/7,547,0.02186975049570615,0.024227511578171823,0.022813026862321267
2017/3/8,548,0.022891170228060156,0.02451895096227546,0.025341111483571342
2017/3/9,549,-0.0082849478169414,-0.00763208130795125,-0.007917322566853627
2017/3/10,550,0.00407766601999502,0.003454315608953152,0.0033557509276254597
2017/3/13,551,-0.012781374486056558,-0.01248921802082295,-0.012162184055745973
2017/3/14,552,0.019115425350656176,0.02011855242051577,0.018668299147609157
2017/3/15,553,-0.01235264914047025,-0.014100438779001117,-0.013817858249850528
2017/3/16,554,0.004513256498466537,0.00484340767279082,0.0046187278808468134
2017/3/17,555,0.019390881430293196,0.020977889496433352,0.020517934267772556
2017/3/20,556,0.003511215665424029,0.0032465698975354604,0.0038397135914152087
2017/3/21,557,0.02492077616891917,0.027391964561808115,0.026462961119879117
2017/3/22,558,-0.004680274953100108,-0.00406096219166491,-0.004125873961619088
2017/3/23,559,0.010994486417117371,0.010737757920289756,0.011416283959694535
2017/3/24,560,0.0171178160965369,0.018611911620312064,0.018805653486858535
2017/3/27,561,0.004557326184187679,0.004856010239040921,0.005728328937370802
2017/3/28,562,0.02386019783153235,0.02470429450099701,0.02317090661699806
2017/3/29,563,0.013257907082484137,0.01372054700263826,0.013427549430105755
2017/3/30,564,-0.014387725750151577,-0.015388551588854178,-0.014169919759309904
2017/3/31,565,0.056397358906182325,0.05844798951480711,0.05589553398197306
2017/4/3,566,0.014529320540809264,0.014972242138864507,0.014583342149034105
2017/4/4,567,0.007682352520445671,0.008504565080609589,0.008426569275297818
2017/4/5,568,-0.011369182788567883,-0.011035797004346136,-0.01067528160460777
2017/4/6,569,0.007358845507255546,0.008649121931274227,0.008980240169568842
2017/4/7,570,0.0005066875646483233,0.00016939677781120627,0.0010322398116543697
2017/4/10,571,0.014475056133677899,0.015124654998343107,0.014770843539909916
2017/4/11,572,0.01102585395572699,0.011033632510057564,0.010516924001681987
2017/4/12,573,0.029763477315196796,0.031903081952859104,0.0305645891358018
2017/4/13,574,0.008123908670209817,0.007487720672709482,0.007902928354206994
2017/4/17,575,0.012819942951304057,0.012598728298674242,0.01188816543368039
2017/4/18,576,0.011035803243981901,0.01118544864413638,0.011068538168573207
2017/4/19,577,0.004446291372426667,0.004827651712163376,0.004121255905679999
2017/4/20,578,0.004004705932914422,0.004001829412973996,0.00404157526220235
2017/4/21,579,0.02025122869929435,0.02128470158434831,0.019414299585270883
2017/4/24,580,0.016191204857962698,0.017030828635612283,0.01546023976761828
2017/4/25,581,-0.0016373211711825176,-0.0015716481758537438,-0.00017219389622231138
2017/4/26,582,-0.007759421137488947,-0.00880164402950735,-0.008278301070193778
2017/4/27,583,0.005471878456493435,0.005530842415064303,0.00595235083676183
2017/4/28,584,0.021015738151037987,0.0224318391757196,0.019617264080086013
2017/5/1,585,0.005976333067563267,0.00645238220071093,0.005979429382372038
2017/5/2,586,0.02841540599073591,0.03052764411853363,0.028890086817533876
2017/5/3,587,-0.003479394495153704,-0.004125317891034345,-0.004272113049647954
2017/5/4,588,0.008116182152476014,0.009095161304485068,0.008728729175970024
2017/5/5,589,-0.02550445062257295,-0.025852098223298665,-0.02510741815926772
2017/5/8,590,-0.0012101136103930404,-0.001360801309794648,-0.0004984849166824317
2017/5/9,591,0.0024144455594449516,0.0027033568283574144,0.002984934737189853
2017/5/10,592,0.01278746376038669,0.013569259251884373,0.012167042170913795
2017/5/11,593,0.027962906186465943,0.029699839323383923,0.02852136991453387
2017/5/12,594,0.006766560648380969,0.007350231535911396,0.007181639811765026
2017/5/15,595,0.02471531967252716,0.02688047128621116,0.026555258623721857
2017/5/16,596,0.014694232465394926,0.01575362458214534,0.015633733291589406
2017/5/17,597,0.018801033178508703,0.02028784372227952,0.01856616396874807
2017/5/18,598,0.0004281109606582732,0.0006591924234133972,0.00013470397051841229
2017/5/19,599,0.023843464062523467,0.024376763887676994,0.02378686161178106
2017/5/22,600,-0.0072474885545772945,-0.007335781830253614,-0.00780479118553585
2017/5/23,601,0.012587871378091805,0.013071827988349542,0.012797647953931027
2017/5/24,602,-0.005718183528288764,-0.0064057572562678375,-0.0065144943810691155
2017/5/25,603,-0.00022952509992798815,-0.0008066510162898418,-0.0004444333386486159
2017/5/26,604,-0.012160900566472267,-0.012813468617844357,-0.011832366624266656
2017/5/30,605,-0.00020678650520715783,-0.0006013198622467598,-0.0003343779857827626
2017/5/31,606,0.010765871792113873,0.012594167389701384,0.011492130324945336
2017/6/1,607,0.005454670124044708,0.0067372908505466495,0.0064216375177352306
2017/6/2,608,-0.010723472539201674,-0.011428467708312823,-0.010085307866199251
2017/6/5,609,0.0249281064912742,0.02662302219227038,0.02517511989732198
2017/6/6,610,0.010590100279352189,0.011851332624939773,0.011541267665146215
2017/6/7,611,0.019075686516350554,0.019920157625259564,0.01996690940791937
2017/6/8,612,0.016256977504831183,0.018238751798133276,0.01853450619277607
2017/6/9,613,-0.002085430625449059,-0.0016065083532454047,-0.0005429109767256578
2017/6/12,614,-0.01827855886045245,-0.019256813295131552,-0.018203672101150408
2017/6/13,615,-0.005254748796594748,-0.006655462924692638,-0.006257671226673498
2017/6/14,616,0.021821687209862183,0.02230184785521191,0.021075063736773297
2017/6/15,617,-0.007001865530945703,-0.007150399945793604,-0.00711673992378096
2017/6/16,618,0.01664678217097466,0.017201938820474244,0.016238150660118748
2017/6/19,619,-0.001421848239889707,-0.0015060661669898574,-0.0023231360928972064
2017/6/20,620,0.011297037652366414,0.011363948729921847,0.01116132636674452
2017/6/21,621,-0.016746408695240255,-0.017427561482708697,-0.016736202485544874
2017/6/22,622,0.021087018221052717,0.021851513472826937,0.02147441252491856
2017/6/23,623,0.005822781543920555,0.005131903200996001,0.00553938852413015
2017/6/26,624,0.017529463859819537,0.018189862888544673,0.018161390263674148
2017/6/27,625,0.008726136329804299,0.00880066220946012,0.007869331701724618
2017/6/28,626,0.01641935256538891,0.01625896573592918,0.015302655364307645
2017/6/29,627,0.0050352056778620044,0.006187062246310958,0.005415881994736551
2017/6/30,628,0.01572735448471224,0.016465623354686598,0.014656283826478775
2017/7/3,629,-0.012770196582551671,-0.013615434671397057,-0.013358536513221964
2017/7/5,630,-0.007345473798965343,-0.007238168788286453,-0.0073776335370283105
2017/7/6,631,0.015501156269956178,0.016223976267653033,0.016127834953239776
2017/7/7,632,0.005828985222834181,0.006605713582742038,0.004543042557772945
2017/7/10,633,0.0034310184990567166,0.0026661212190145314,0.0028555666890807303
2017/7/11,634,0.0040526195328664805,0.0035996117712551725,0.0032592282402014194
2017/7/12,635,0.012670931739647775,0.013649310532765923,0.012677393720146797
2017/7/13,636,-0.0011807154750281962,-0.0002961925096549589,-0.0004749373595380425
2017/7/14,637,0.012779492572343707,0.013437448156712944,0.013060146691602681
2017/7/17,638,-0.005259397102359947,-0.005385481909668611,-0.005178173056375092
2017/7/18,639,0.001173179169536881,0.0007110464754872271,0.002179624956369607
2017/7/19,640,0.0187833179916294,0.019703550780300137,0.018842869434148684
2017/7/20,641,0.019874945804249557,0.02042032214805828,0.019101518584602403
2017/7/21,642,-0.007553471572430688,-0.008032488633826065,-0.007965860319329896
2017/7/24,643,0.016932539025141774,0.018235976036269606,0.01718745572885302
2017/7/25,644,-0.0068201768469147465,-0.008425315002982358,-0.0069980928499860946
2017/7/26,645,0.015596647280535444,0.016511208943686136,0.016029143774154195
2017/7/27,646,-0.017693728503838126,-0.019087251705437965,-0.017261974162886575
2017/7/28,647,-0.007805901426204981,-0.008605130996547777,-0.008974431670877827
2017/7/31,648,-0.00011349133488023581,0.0006006777627176585,0.0002625480657497414
2017/8/1,649,0.004218656056866079,0.004616441310004914,0.004429656197440569
2017/8/2,650,0.024332011746831392,0.026139091557404216,0.0247053244807043
2017/8/3,651,0.017759340891384843,0.01753179885971606,0.017099808042103645
2017/8/4,652,0.026252823206699315,0.02730602047035266,0.026605746892482882
2017/8/7,653,0.02158707212249917,0.022379501445891258,0.02102896969233889
2017/8/8,654,0.0027465829594937445,0.002511124051140878,0.000569123779510949
2017/8/9,655,0.0029557570940034117,0.0033819736963909587,0.002629232911580155
2017/8/10,656,0.01984609564130078,0.021405030920400196,0.019575511256304887
2017/8/11,657,0.006835218018066972,0.006476990499975816,0.006521559323552766
2017/8/14,658,0.004338724987083118,0.003946819972113422,0.005041882866859958
2017/8/15,659,-0.010564571650810956,-0.011884607637348193,-0.011073397688546389
2017/8/16,660,0.004977929463961184,0.005952636127113066,0.006805929876176815
2017/8/17,661,-0.028979067025655926,-0.030753567325931756,-0.029002108293856646
2017/8/18,662,0.0005550739001075333,0.0005187087592006217,0.0012030049181363718
2017/8/21,663,-0.006070184888650775,-0.006583802615077099,-0.006049625385019126
2017/8/22,664,0.015085004869254341,0.015229785174615717,0.014946036592312702
2017/8/23,665,0.000269775723403148,0.0005193354772508054,-9.291281497358342e-05
2017/8/24,666,0.002162345866236386,0.0025127106222436924,0.0021909539336328852
2017/8/25,667,0.023364241387609796,0.025127800030383476,0.02482522353527218
2017/8/28,668,-0.006945218657862957,-0.007435047768874959,-0.006475295650744549
2017/8/29,669,0.010330008720526716,0.010658614573502386,0.009268586162238886
2017/8/30,670,-0.017648885991904624,-0.018901646759375442,-0.017276601554527968
2017/8/31,671,0.0074595488545841394,0.008773709663668241,0.009114000271073383
2017/9/1,672,0.011514052125939835,0.012726996046046367,0.011916340067466641
2017/9/5,673,0.017201158379299357,0.018035674450126,0.01734515843081585
2017/9/6,674,-0.005042987822864583,-0.004884690266736588,-0.005003523404420276
2017/9/7,675,0.010367931346053273,0.010515807794422155,0.010185064959161692
2017/9/8,676,0.010348922992867434,0.012165733071151983,0.011656815508679632
2017/9/11,677,0.006081292252834796,0.006011217517930927,0.005466969682210384
2017/9/12,678,0.008222127827866865,0.008393097838933612,0.007947811166678082
2017/9/13,679,0.01218785224167015,0.012562583917702234,0.01159132396278254
2017/9/14,680,0.011357388836425482,0.013001213743367103,0.012786895807960878
2017/9/15,681,-0.006274096615058007,-0.006494449468629405,-0.006577171494920498
2017/9/18,682,-0.008802029234680549,-0.00855628417693144,-0.00790455382764986
2017/9/19,683,0.03802297721267924,0.03985449464296449,0.03803936993555106
2017/9/20,684,0.030608220358477226,0.03137147864566203,0.029304435885870204
2017/9/21,685,-0.011279134495818487,-0.011352634494661616,-0.011037233547403243
2017/9/22,686,0.012019409351767676,0.01222417391105091,0.011810616165791543
2017/9/25,687,0.014261076400142278,0.01414022336370065,0.01430247469073977
2017/9/26,688,0.015828303136339466,0.016356569013508408,0.015133651241097697
2017/9/27,689,0.008100432729404939,0.008904949393745218,0.008381369238079419
2017/9/28,690,-0.005399550388448749,-0.004553696062340825,-0.004443807647540483
2017/9/29,691,0.0040170994171333145,0.0033404362927440014,0.002064462576046189
2017/10/2,692,0.0001122591140046746,-0.0012729343219461701,-0.0013028195374656809
2017/10/3,693,0.008024255732255674,0.009013751457528672,0.009038620405737224
2017/10/4,694,0.002929897001733744,0.003266160930436609,0.003597002308445058
2017/10/5,695,0.004658975754752286,0.0045355529830465825,0.004005174709282986
2017/10/6,696,0.01920833826700752,0.020433350488925025,0.019750495568512647
2017/10/9,697,0.021890022141352116,0.023445863555736156,0.022116182666651683
2017/10/10,698,-0.008615349390104561,-0.007836818403233706,-0.00721885454195495
2017/10/11,699,0.0005068485423672144,0.0004497554933578616,0.001019230227076715
2017/10/12,700,-0.003678360789604841,-0.0030528621306396358,-0.0033200126516215677
2017/10/13,701,0.02180355297286991,0.022608015077122512,0.021781026591719963
2017/10/16,702,0.00557360415249607,0.005529941545615072,0.004216319372120288
2017/10/17,703,0.024652982610697878,0.026153649591488172,0.025462825413357093
2017/10/18,704,0.00028358224991647824,-0.0004074060036539238,-0.0013646860006737347
2017/10/19,705,0.006653432123448017,0.0061626725411354465,0.005814231855962139
2017/10/20,706,-0.010735255255884802,-0.010662841215975933,-0.010249640336377496
2017/10/23,707,0.022800471434759488,0.02269893731997599,0.02210895865899139
2017/10/24,708,0.0017378349049264174,0.0018964143812034509,0.0029331738823060553
2017/10/25,709,-0.012461352951188966,-0.013289805640126266,-0.012744226640192506
2017/10/26,710,-0.001169553025882569,-0.0014639493613666204,-0.0013853199791056818
2017/10/27,711,-0.022830480201084347,-0.024814628064380784,-0.024243443801992885
2017/10/30,712,0.005922096382596329,0.004930583444025144,0.005041502143157663
2017/10/31,713,0.007747425219853505,0.00771680125899404,0.007962137420907569
2017/11/1,714,0.009968487927947332,0.009729963752935574,0.009987594404738731
2017/11/2,715,0.025274291486101098,0.026268947444735888,0.024325520776609714
2017/11/3,716,0.0025174746487512966,0.0026990272972016905,0.0020116329133405574
2017/11/6,717,0.016538154552002915,0.016895931917746698,0.016623266944017064
2017/11/7,718,0.010274097043961046,0.010109477335668828,0.010197988420757273
2017/11/8,719,0.003879208500744576,0.004256607191187038,0.0027472472736268473
2017/11/9,720,-0.01994514323374874,-0.021424226959987684,-0.020869454427884942
2017/11/10,721,0.01830960241825953,0.01861822132962025,0.016299138266301104
2017/11/13,722,-5.026692238158364e-05,-0.0002419814095825758,-0.00035079745780580544
2017/11/14,723,0.006551681380480008,0.007059826087652793,0.006796446802191192
2017/11/15,724,-0.00974564360479915,-0.008899236174819148,-0.00823346266640426
2017/11/16,725,0.009904197138328581,0.011419912924510167,0.011134830957323356
2017/11/17,726,0.007691049081123003,0.007276569269935768,0.007328429991852709
2017/11/20,727,0.006696662037483149,0.006193966396160351,0.005820562343037354
2017/11/21,728,0.00461954211427254,0.004891450080044868,0.0036906795648454973
2017/11/22,729,0.019596233566284343,0.02092832230564755,0.020017105453161748
2017/11/24,730,0.0185463899144172,0.019390411498488344,0.01889597069801816
2017/11/27,731,0.015506757903802106,0.01765599969340214,0.01587988229835703
2017/11/28,732,0.04833324795352609,0.05149435492357279,0.048307556926126954
2017/11/29,733,-0.0012677612929407117,-0.00029388600256550373,0.0004805194123167325
2017/11/30,734,0.0015239962762751847,0.001335911506198448,0.0023001145392366664
2017/12/1,735,-0.006511808843898416,-0.0074046357420902865,-0.007328532834659414
2017/12/4,736,0.01183939295509645,0.01175445285196046,0.01034181370698013
2017/12/5,737,-0.0023715487785495896,-0.002562087997270746,-0.002812418081850826
2017/12/6,738,-0.027807320898557558,-0.02999353730990518,-0.02901813782073665
2017/12/7,739,-0.009023092877817971,-0.009875092812228325,-0.00967051434752692
2017/12/8,740,0.007238477586758329,0.0073279587613849,0.007481920593844655
2017/12/11,741,0.019097467043639276,0.020649558496618255,0.018401445873479264
2017/12/12,742,-0.013369370706160611,-0.0143369120047404,-0.014912520354107749
2017/12/13,743,-0.0014222929213414766,-0.002383313048018752,-0.001035315457150404
2017/12/14,744,0.004561878915210445,0.004506965914195895,0.0037728475159755515
2017/12/15,745,-0.0028907959892748034,-0.0029160654825582414,-0.002021651295261135
2017/12/18,746,0.013043304912084407,0.014050225886749737,0.012180675432094942
2017/12/19,747,0.006375162413139134,0.0061110121661199154,0.006348490366570785
2017/12/20,748,0.010388283417719902,0.01131713356192706,0.00985702261903264
2017/12/21,749,-0.002848768513684207,-0.0021141014205145157,-0.0026328518757736466
2017/12/22,750,-0.025760373336889852,0.027357989496900537,0.025106764556118193
2017/12/26,751,-0.006319811793061091,0.006786830143831261,0.006792003501557423
2017/12/27,752,-0.022686807591308207,0.023537737180140173,0.021702341693664813
2017/12/28,753,-0.0007716253016248334,0.0004239058882160715,-0.00022874733755751667
2017/12/29,754,-0.013788029784870818,0.01319358128538364,0.01295995801545736
2018/1/2,755,0.0022690453182745854,-0.001997998402635254,-0.0009064744278800534
2018/1/3,756,0.005703601005444416,-0.006212739178066231,-0.005630575660963994
2018/1/4,757,0.002584849952898544,-0.00261759144303019,-0.002321614833563216
2018/1/5,758,-0.0057443825335192315,0.006348635711540418,0.006524423995731016
2018/1/8,759,-0.003557771597036985,0.003238295394155942,0.0041311761938986075
2018/1/9,760,-0.02579415508436388,0.027727067386040073,0.026183663295404114
2018/1/10,761,0.008205531573750608,-0.008544270739200362,-0.008735501937548717
2018/1/11,762,0.007467254882651659,-0.006893834700972747,-0.0053834676501928165
2018/1/12,763,-0.02783042329721767,0.029328790024683124,0.028757212585273178
2018/1/16,764,-0.014025127178099474,0.01492789948820213,0.013413621776730045
2018/1/17,765,0.017473618899012236,-0.018520198727472695,-0.017079837081273877
2018/1/18,766,-0.012614567167297717,0.014179061723009161,0.013727844389630754
2018/1/19,767,-0.009326602892933019,0.008462567391136199,0.007994527807860334
2018/1/22,768,0.020800754689465063,-0.022177784945393363,-0.021797721559397933
2018/1/23,769,-0.0016499193136079188,0.0015394821932469063,0.0005702196246325754
2018/1/24,770,0.006103765703333316,0.005441030928243601,0.00482266976800819
2018/1/25,771,0.015576146682318822,0.01585233992800801,0.015014161077215135
2018/1/26,772,0.018398076612541874,0.01794420941867939,0.01808488959181708
2018/1/29,773,0.007535666821596095,0.008032861624118853,0.006746460696204037
2018/1/30,774,0.019396788872519017,0.019477884382127837,0.01914797103261044
2018/1/31,775,0.004474328486004124,0.004931965212989368,0.004820022292362891
2018/2/1,776,-0.004522016889822845,-0.004913683016109879,-0.004151962264054141
2018/2/2,777,-0.005492014172149962,-0.0062932691485173935,-0.004699416453736909
2018/2/5,778,0.013188535689946962,0.01286526406717389,0.011941461373872333
2018/2/6,779,-0.01844454209655162,-0.019798640098139975,-0.018721487612322122
2018/2/7,780,0.014898218280517437,0.01583958494802002,0.013984005753687533
2018/2/8,781,-0.007672609841092671,-0.008135580104886318,-0.008152442172919409
2018/2/9,782,0.0017806899888957303,0.0022910940648821427,0.003164257860183923
2018/2/12,783,0.012717186924052517,0.012854462430858502,0.013492250460464553
2018/2/13,784,0.02173042452837457,0.023832665241917635,0.02274676533589071
2018/2/14,785,-0.018223332916163754,-0.019284994516518,-0.018353758887152887
2018/2/15,786,-0.0038728820787628645,-0.004601074707462264,-0.004079567131577747
2018/2/16,787,0.0069451420953828245,0.008121016653890485,0.007902821937001871
2018/2/20,788,-0.001215406677256112,-0.00041757658202776725,0.0010279418915512177
2018/2/21,789,0.0172233212597619,0.018027459239337087,0.016487046915692864
2018/2/22,790,-0.020066429781780224,-0.021376050823730595,-0.021372906834106118
2018/2/23,791,0.010901024301897124,0.012021657256950372,0.010949403560870633
2018/2/26,792,0.011712066757016071,0.011732168222956118,0.01027419097903993
2018/2/27,793,0.006945378694069439,0.00788411469289087,0.007561727449126156
2018/2/28,794,0.02026686970302322,0.02040288319439583,0.019418373937026404
2018/3/1,795,-0.009228465453695572,-0.009742631263162483,-0.010199929298836919
2018/3/2,796,0.020347571350252936,0.021372384753321795,0.02028293123604755
2018/3/5,797,-0.0025667626276607717,-0.0019310315715985672,-0.0020202808479113632
2018/3/6,798,0.015502124098912645,0.015120330227188542,0.01451602177232451
2018/3/7,799,0.0022236602778951233,0.002483114093510304,0.0019535939495567882
2018/3/8,800,0.0166252716604138,0.017380191240947633,0.01625787858077665
2018/3/9,801,0.016196805813569123,0.017008485466549456,0.01597599107906954
2018/3/12,802,-0.012194420315757591,-0.01336329877488947,-0.011854655887857824
2018/3/13,803,0.0043703791168176465,0.0037655074849887,0.0028593582719387807
2018/3/14,804,0.005155368696330258,0.005120223534352736,0.004495811079655295
2018/3/15,805,0.0033156447688937013,0.003328585409831484,0.003203165345115771
2018/3/16,806,-0.0032339066024752805,-0.002462613980977949,-0.002385412259603274
2018/3/19,807,0.029743598093132716,0.03130122193440782,0.030467487601296212
2018/3/20,808,0.00896944231693765,0.009415209891861624,0.00875260430808145
2018/3/21,809,0.025994124680672942,0.02773550389074577,0.02656786314714368
2018/3/22,810,-0.0008746689689265114,-0.001937828801849123,-0.0018202191912257296
2018/3/23,811,-0.00710622939139297,-0.007004549714200032,-0.007194364037505177
2018/3/26,812,0.007997372107876445,0.00897617541773182,0.008332953988005444
2018/3/27,813,-0.0007998868020221784,-0.0002661529847379451,-0.0002710247041545283
2018/3/28,814,0.03655777604525242,0.038175060910691706,0.03576095321136416
2018/3/29,815,0.009428936093479265,0.009119142204782502,0.010305200041542157
2018/4/2,816,0.02090390930343048,0.02132618128658104,0.02040119217275744
2018/4/3,817,0.0034881722291497715,0.0038190844089457487,0.004289405061252675
2018/4/4,818,0.0022001697881343183,0.0026496581733125653,0.0035707007758678834
2018/4/5,819,0.00593355337900198,0.007037592015392318,0.007953391485963239
2018/4/6,820,0.010824062318809198,0.012327504813143451,0.010570746220590352
2018/4/9,821,0.017071073322801913,0.018475652783965266,0.017146457059503312
2018/4/10,822,0.004779415667986572,0.005039844907623798,0.0039016092229151944
2018/4/11,823,-0.002287611569285004,-0.0022344420555817654,-0.0024330304761966907
2018/4/12,824,-0.007183133646225334,-0.007691114938543966,-0.007532067918165487
2018/4/13,825,0.005354629577615622,0.006289518444640063,0.005044202883389965
2018/4/16,826,0.013572024233945669,0.014626475774550817,0.014597391318316775
2018/4/17,827,0.012117178556151641,0.012859559127886666,0.013022809161298873
2018/4/18,828,0.006099179171007857,0.005610026623250475,0.004882241508899682
2018/4/19,829,-0.0012666667509554615,-0.0006680333054206454,-0.00020424055626386533
2018/4/20,830,0.008181005375125113,0.007624367915155858,0.007783298698170105
2018/4/23,831,0.013557378497976932,0.015014294881545145,0.014681984747942628
2018/4/24,832,0.005858844709522565,0.0067745213217923535,0.0055768564736544
2018/4/25,833,0.007745916767594819,0.007129462150992869,0.008319581914577243
2018/4/26,834,0.0044208094532842395,0.0046111983885117995,0.005700708347017524
2018/4/27,835,0.017904806853515864,0.018014920529064896,0.01680475487453687
2018/4/30,836,0.0007817116559972253,0.0007293319499046064,0.00039992198364116653
2018/5/1,837,0.008671415917728784,0.009456107034586365,0.008141649330653963
2018/5/2,838,0.011313719111742865,0.011792987545283887,0.01159219445356556
2018/5/3,839,0.015501770431990521,0.015414273076455013,0.01464154026355019
2018/5/4,840,0.025246167229707493,0.026673437245556503,0.02564461286454424
2018/5/7,841,0.014868445285625215,0.01577598198541914,0.014720855084462504
2018/5/8,842,0.01390406983301687,0.01458204851806484,0.013054567822221887
2018/5/9,843,-0.012272636286715592,-0.013547272027403091,-0.013477647828536596
2018/5/10,844,0.013995025904776814,0.014473555852860028,0.013359479152968382
2018/5/11,845,0.03533804317750419,0.03727477682954694,0.03550541767137143
2018/5/14,846,-0.004174345469083212,-0.004481124859760443,-0.004400990383758379
2018/5/15,847,-0.0065714640551589485,-0.005563897711464896,-0.00479306687661137
2018/5/16,848,0.0036093751205741203,0.003951802733459393,0.004183120684405065
2018/5/17,849,0.01924243585894226,0.020073790302353494,0.019660828131802397
2018/5/18,850,0.01296218235614718,0.013915513218144113,0.013407332796076048
2018/5/21,851,0.00028935844336262177,-0.00039531044155712876,0.0007982741606487734
2018/5/22,852,0.00586931152969157,0.006428886059955161,0.0074634175084578305
2018/5/23,853,0.019442176139486327,0.02143683539981795,0.020054210669547247
2018/5/24,854,0.0148325969334273,0.01501528072061426,0.013595625850999557
2018/5/25,855,0.03704768884041672,0.03908907314341278,0.0376196802871503
2018/5/29,856,0.019045597409444993,0.020483042201459252,0.019830358449890877
2018/5/30,857,0.010796866154468926,0.010265741704110093,0.010260017057757203
2018/5/31,858,0.01410029599700734,0.01584183516747961,0.014734930035800994
2018/6/1,859,0.0019102156776000046,0.0013448115758386402,0.0006297465347718323
2018/6/4,860,-0.006043403557517177,-0.006557480527675613,-0.006328679701632487
2018/6/5,861,0.008499660110577534,0.009165401340744943,0.009805426117534117
2018/6/6,862,0.01252971623948917,0.013009091070659614,0.01223076182539523
2018/6/7,863,-0.011324534038768201,-0.011382939003716123,-0.01037355090820051
2018/6/8,864,-0.00028278940103576913,-0.00020147525619700345,-0.0005474132803225024
2018/6/11,865,0.001653796563380462,0.002096828747428717,0.0014355869563821924
2018/6/12,866,0.00968469546059428,0.010216347590200693,0.009199234479378642
2018/6/13,867,0.003029891323608388,0.004112361454084754,0.002482718876786355
2018/6/14,868,0.011954632855285063,0.011277651632458714,0.010299206065283058
2018/6/15,869,0.007565587978003729,0.008174140797356406,0.008324171650652119
2018/6/18,870,0.019736755299010977,0.020533467363370937,0.019534192251435892
2018/6/19,871,-0.015320193730995812,-0.01669274890155579,-0.016393173614656795
2018/6/20,872,0.027285708212327783,0.02813668638190347,0.026695959613958372
2018/6/21,873,0.024256870763173295,0.025107962399919862,0.024016884795658645
2018/6/22,874,0.0069610217101281745,0.007674891739377811,0.00781756034879726
2018/6/25,875,0.014550565609613115,0.01471133123826593,0.013513228939659143
2018/6/26,876,0.013996853146088069,0.014593489447785655,0.013859016481679016
2018/6/27,877,-0.003001502755419613,-0.0029774952225998428,-0.0026180840749351624
2018/6/28,878,0.008407421956917164,0.008096806231146942,0.008358242614004018
2018/6/29,879,0.016167766609482465,0.017679665998835217,0.016004684439117203
2018/7/2,880,0.010243461778297719,0.01228718241880154,0.011479409355199957
2018/7/3,881,0.019622828031693452,0.020177683458648944,0.018031113950192572
2018/7/5,882,0.007526171627035179,0.008483989666585026,0.007528749088415375
2018/7/6,883,0.007345983509773108,0.007517424184713,0.007354775392107838
2018/7/9,884,-0.0033874792134514923,-0.0032195219757001074,-0.001977548013363523
2018/7/10,885,0.0017134731968621586,0.0016842264006207074,0.0014493736473287497
2018/7/11,886,0.0005095355094123779,0.0019318925511550647,0.0015813072950273913
2018/7/12,887,0.02789740503227043,0.029087149832882558,0.027000676889888456
2018/7/13,888,0.009366736659145017,0.0103371991714144,0.00895590550519024
2018/7/16,889,-0.006317301072564095,-0.0062490340429992314,-0.006481579339546918
2018/7/17,890,0.011366470433384908,0.011249237369977478,0.011079351723278813
2018/7/18,891,0.003895879318232365,0.0027243989431778104,0.0012626365048075045
2018/7/19,892,-0.032302848198223384,-0.03355174369500346,-0.0320044792816373
2018/7/20,893,0.012394261054250929,0.013548094465978322,0.012438622658762647
2018/7/23,894,-0.013315703379706174,-0.01432093085950912,-0.014266122318083208
2018/7/24,895,0.013641615773851028,0.0139231152502094,0.01337741033607807
2018/7/25,896,-0.005834574298652186,-0.005508518390896017,-0.005734165679685177
2018/7/26,897,-0.012121952129176751,-0.012188670518146262,-0.012267097390491281
2018/7/27,898,0.01257753755790608,0.013810963909368854,0.01275132975228437
2018/7/30,899,-0.01257566693522728,-0.01303912511852637,-0.01336398829285239
2018/7/31,900,0.0006742076724539359,0.00020936824746790948,-0.0008412484290988892
2018/8/1,901,0.008909747601147175,0.008584920979346931,0.00765182137800589
2018/8/2,902,0.014068752243202209,0.01351161962091545,0.01211176946829624
2018/8/3,903,0.01574668223630137,0.01649753520123241,0.016236252967927474
2018/8/6,904,0.0058656292872347774,0.0073726996500016895,0.006952258454890354
2018/8/7,905,-0.004204505529359372,-0.004112483750132119,-0.00464307357650446
2018/8/8,906,0.030659109495677444,0.03214163281230886,0.03046749262388533
2018/8/9,907,-0.0013405694493374082,-0.0023694022793330416,-0.0018074967668819863
2018/8/10,908,0.029138351897459124,0.030172833426717692,0.029028740319935846
2018/8/13,909,0.0006005168655992916,0.0006336662648438412,0.001686426050872083
2018/8/14,910,0.02101378654084854,0.02192393193117279,0.02032009381453355
2018/8/15,911,0.01985866780422486,0.0214260856564494,0.021166179101914307
2018/8/16,912,-0.006900523053346896,-0.00734586093505147,-0.007212009316036782
2018/8/17,913,0.010818588358375701,0.011799267899439797,0.011257586563070571
2018/8/20,914,0.015879592674654767,0.01660133433790816,0.015228336877186928
2018/8/21,915,0.015191355732618324,0.015830904225033554,0.014382762458261176
2018/8/22,916,0.003808173501122271,0.004794928142542842,0.0057042129810593745
2018/8/23,917,0.010144081343741885,0.01017569312269778,0.010863063608420296
2018/8/24,918,0.0013320818766918143,0.0012196676183514833,0.0013458111657471193
2018/8/27,919,-0.00849784176365273,-0.009740332773592082,-0.008725622850565676
2018/8/28,920,0.018771434977170504,0.019771190066009105,0.018918470615489163
2018/8/29,921,-0.0007549169090405429,-0.00011625092987319573,0.0008900935022622356
2018/8/30,922,0.023777269343339413,0.025397089218108695,0.023000965586369916
2018/8/31,923,0.013945023425690059,0.015106504426735825,0.015382177941265453
2018/9/4,924,-0.004966631215956883,-0.0045489603005733,-0.005384114115186032
2018/9/5,925,0.004285539941369003,0.004895239639512994,0.005661806158227395
2018/9/6,926,0.0027020408396832814,0.003316708254246921,0.0045042760958537145
2018/9/7,927,-0.004691398915707012,-0.004670631335529435,-0.0052296419689095005
2018/9/10,928,0.012667193681405038,0.012683663484073031,0.011601178438143414
2018/9/11,929,0.0002705129458831501,0.0006167703493376545,0.0005781477614434114
2018/9/12,930,0.026964001807700755,0.028910432968518578,0.02799278774011263
2018/9/13,931,0.017214063877565605,0.01751067387592657,0.015263231279699514
2018/9/14,932,-0.004809053541760607,-0.004900253049840301,-0.004754558353707167
2018/9/17,933,0.006084215621054251,0.007073257519380492,0.007140943567381919
2018/9/18,934,0.0034562405606833025,0.0033928453384226326,0.0037200910723036414
2018/9/19,935,-0.013465077620723735,-0.014973872662674631,-0.013813959788446224
2018/9/20,936,0.018104111435830215,0.019048234508534462,0.017809620964206824
2018/9/21,937,0.01833879211143189,0.02026366696544516,0.018990571685546277
2018/9/24,938,0.01803132258318497,0.018355491331477576,0.01708105278108402
2018/9/25,939,0.0005440653481917496,0.0005046140825519074,0.0020789443051005335
2018/9/26,940,0.01984627714867233,0.020363597328834512,0.018693530359089564
2018/9/27,941,0.003671367232970824,0.0036279047436738265,0.003599926890677285
2018/9/28,942,0.018153343049764438,0.01920949259771594,0.01804852232087476
2018/10/1,943,0.029251420193056765,0.03164801013926785,0.0299620542342217
2018/10/2,944,0.008096820710812212,0.00804841626763025,0.007849059768276708
2018/10/3,945,-0.011626414577340378,-0.012655928077610396,-0.012391015632496522
2018/10/4,946,0.0023160370232878846,0.0018800198793159453,0.0018097942332206804
2018/10/5,947,0.0144324564633297,0.014462305468361835,0.013455208687051889
2018/10/8,948,0.021754881308417993,0.02187199583074532,0.021242172170991173
2018/10/9,949,-0.008016905578871032,-0.008956136344789945,-0.008761724328024745
2018/10/10,950,0.003914288820825063,0.004043081074223263,0.003877355696551218
2018/10/11,951,0.009276087745199127,0.009765737672237668,0.009280748375094742
2018/10/12,952,0.011826897252445012,0.013159764089743148,0.013693932637157161
2018/10/15,953,0.01784060420460339,0.018213008643243944,0.018474896049520947
2018/10/16,954,-0.005672362830149698,-0.006449257152820044,-0.006885358803886637
2018/10/17,955,0.0009679314848069298,0.0005376621594294934,5.753621848204708e-06
2018/10/18,956,0.01907443481759644,0.02015195714785549,0.018220266187031677
2018/10/19,957,0.011287243019346936,0.011751378413722913,0.010917800999427149
2018/10/22,958,0.011996171781211519,0.013087530372285414,0.012352355748023
2018/10/23,959,0.02055889676149072,0.021087745130740916,0.019570743114891057
2018/10/24,960,0.00764073815930415,0.008600370680771179,0.008367599150667529
2018/10/25,961,0.013003329024777655,0.014249593127330151,0.013189171709838736
2018/10/26,962,0.0023456022273874453,0.0022968831886035707,0.0021245078787593213
2018/10/29,963,-0.010688625238852448,-0.011616783757228256,-0.012239328336692102
2018/10/30,964,-0.01005930497878852,-0.010447688834853563,-0.00954581068418844
2018/10/31,965,0.007264644226744483,0.007127266529312699,0.0061320354285723366
2018/11/1,966,0.0038002897188703696,0.005250285110836784,0.00467844673609814
2018/11/2,967,-0.0019555925840711403,-0.0019642672590287316,-0.0015000489240999035
2018/11/5,968,0.01034715334105877,0.011365694555998847,0.00986876356892852
2018/11/6,969,-0.0049365880425246205,-0.005984806466533727,-0.0050590359244290835
2018/11/7,970,0.007732872721245087,0.007012240037556888,0.006808505385615939
2018/11/8,971,0.00607761232015462,0.006816158249610545,0.006615343472928853
2018/11/9,972,-0.004300557397532815,-0.004189309858103084,-0.004890748005500666
2018/11/12,973,-0.02274570513763303,-0.02436403908071558,-0.024013408860557525
2018/11/13,974,0.02474833138300195,0.025627287557012383,0.02436772675670758
2018/11/14,975,0.010329734747713138,0.010416187266825725,0.00968320135313238
2018/11/15,976,-0.027374268446078293,-0.028598891475732448,-0.02755856636352347
2018/11/16,977,0.0009306125555408728,0.0015614385724560774,0.0013827315636061159
2018/11/19,978,0.011305619901849199,0.01089384551094591,0.009760546697837817
2018/11/20,979,0.003438778482027013,0.003913502412769086,0.003601800493910981
2018/11/21,980,0.013665215122769527,0.01379560366791759,0.013423328161044
2018/11/23,981,-0.005986414048462024,-0.006621525608841566,-0.006877138706287408
2018/11/26,982,0.008540271307891648,0.008865816738405573,0.007866990197613293
2018/11/27,983,0.0056480341734579794,0.005069376742829453,0.004715647828665331
2018/11/28,984,0.0040089839931532235,0.006008097874006444,0.005390544266510549
2018/11/29,985,0.003528736286829541,0.005238863519996744,0.0049016881966584885
2018/11/30,986,0.008851336035500033,0.00976968007119701,0.009296228988994753
2018/12/3,987,0.018122651679002847,0.01944368469353922,0.017353811065067937
2018/12/4,988,-0.00038098868520543283,-0.0010600751590534273,-3.218578313655257e-05
2018/12/6,989,0.001173331199299306,0.002735565207390947,0.0024444775928911017
2018/12/7,990,0.008355559665906617,0.008784922504701595,0.008368895294767977
2018/12/10,991,0.004804764985134487,0.004966961061464248,0.00393317917090711
2018/12/11,992,0.011202081379497464,0.01252365784809638,0.0117073250259644
2018/12/12,993,0.015410294309064227,0.01634575346875193,0.01530902942406347
2018/12/13,994,0.022656946610507336,0.02329862669092654,0.02144725756565962
2018/12/14,995,0.004851640405389488,0.004955764355860088,0.004533329234103767
2018/12/17,996,-0.022481239001204356,-0.02384315848287226,-0.02366122841852643
2018/12/18,997,0.005443866817462892,0.005756952009285159,0.006875572185762493
2018/12/19,998,0.010800701502440176,0.011691406315301104,0.01121245974726784
2018/12/20,999,0.003959740631385063,0.004494673978929914,0.004544630312002793
2018/12/21,1000,-0.08028091800003377,0.0054285191985452026,0.0053029631004380354
2018/12/24,1001,-0.05145014985352435,-0.025669334695703823,-0.024926352385988698
2018/12/26,1002,-0.08864476924195493,0.0139935464022542,0.013307466676282286
2018/12/27,1003,-0.07812049838344867,0.0034165139893341107,0.0015314847747192873
2018/12/28,1004,-0.06310544396438807,-0.014204085654335744,-0.014168585494087567
2018/12/31,1005,-0.07119650504194298,-0.004482397547359095,-0.003923792480807802
2019/1/2,1006,-0.07127988954941245,-0.005523715384628683,-0.005443947319942462
2019/1/3,1007,-0.08991935365932652,0.013772766011513405,0.011677928622265193
2019/1/4,1008,-0.08932344158731968,0.015102444903783355,0.013400646303608476
2019/1/7,1009,-0.10137946434539838,0.02747718364402574,0.026610043693375583
2019/1/8,1010,-0.09041489180216158,0.015577249469720915,0.013657028090174765
2019/1/9,1011,-0.06512205654209624,-0.01161287556788282,-0.01101793758050224
2019/1/10,1012,-0.06439397511041764,-0.011124787556364753,-0.0117511518210481
2019/1/11,1013,-0.09652188927803163,0.02079391391477134,0.020297038469737044
2019/1/14,1014,-0.10203640626125947,0.027491452563038647,0.026424974337591646
2019/1/15,1015,-0.07921191716632744,0.0037899692162331098,0.004162527750592383
2019/1/16,1016,-0.0892875799882703,0.014876612500774522,0.013894606061620372
2019/1/17,1017,-0.0631836828136656,-0.014311927724612523,-0.013378563748468037
2019/1/18,1018,-0.057630337766426475,-0.0211154755330972,-0.01994547701759371
2019/1/22,1019,-0.06736886378501714,-0.008879123469104811,-0.009279371022698928
2019/1/23,1020,0.001806450789515801,0.0020975318894068487,0.0020316646060158142
2019/1/24,1021,-0.0002703922641239514,-0.00017406682807041078,-0.0006149225470261819
2019/1/25,1022,0.003413817071766714,0.0030296882949593417,0.002086868827485163
2019/1/28,1023,0.00011365943495817311,9.141266454813261e-05,-0.0006524602811593283
2019/1/29,1024,0.014917110661141243,0.014688934665759103,0.014646857088022722
2019/1/30,1025,0.024381754652432516,0.0258668490023622,0.025085901534485082
2019/1/31,1026,0.006782421031705165,0.007686064552062456,0.007056968989092317
2019/2/1,1027,0.0320022181392604,0.03313935143117983,0.030171399616916804
2019/2/4,1028,-0.0017001000512230748,-0.003052509110718555,-0.002540207820243831
2019/2/5,1029,-0.00031753560739005565,-0.0004154935483672116,0.0003306005680539532
2019/2/6,1030,0.011229053968596567,0.011664964041910971,0.011474085821947968
2019/2/7,1031,0.001836666524489751,0.001877519511231999,0.0016166353290895216
2019/2/8,1032,0.021213219533509842,0.02309833401588299,0.02103761128203179
2019/2/11,1033,-0.0017848883667018122,-0.0017864773075535296,-0.0017604678297509868
2019/2/12,1034,0.023055457881729316,0.02552634580027567,0.023673251965714202
2019/2/13,1035,0.008780696585091327,0.009460534717677339,0.008478575868624395
2019/2/14,1036,0.03877525138704684,0.0400263870067724,0.03796686840285521
2019/2/15,1037,0.0004539145288068548,0.0011935703581232354,0.0007224445494764375
2019/2/19,1038,0.003760657655554601,0.003891551743248456,0.003733779126919679
2019/2/20,1039,0.008166921272208704,0.008266141503202859,0.008430944962195815
2019/2/21,1040,-0.02126350874568606,-0.02214997525273254,-0.022002064418343858
2019/2/22,1041,0.013942673553591068,0.014712402887778862,0.014136560839997498
2019/2/25,1042,0.012406831008165708,0.012041431039131256,0.0116909920503823
2019/2/26,1043,0.00770733540043402,0.007555419320745695,0.00698566946822695
2019/2/27,1044,-0.013210677791413016,-0.01314261875283876,-0.013785590786022784
2019/2/28,1045,-0.013238066386781884,-0.013788703137295726,-0.013662734104727672
2019/3/1,1046,0.013744757865986836,0.014836125960591263,0.015527674708713357
2019/3/4,1047,0.02118952056181124,0.02289419777344432,0.022198028637314158
2019/3/5,1048,0.026493114860896803,0.028951518657891504,0.026737333899501767
2019/3/6,1049,-0.005001983588359077,-0.005656282884829854,-0.005625662470833322
2019/3/7,1050,-0.006714122980972148,-0.007494695225990667,-0.0074050529770757125
2019/3/8,1051,0.0028847713556349277,0.002444298715926372,0.0023741748037206115
2019/3/11,1052,-0.018666673840338988,-0.01997976579907552,-0.018798521683928565
2019/3/12,1053,-0.0011249002851825363,-0.0017583158487734728,-0.001173174601319039
2019/3/13,1054,0.01709893668784718,0.01794439622598674,0.017118575049147898
2019/3/14,1055,0.027000823213680174,0.028282411960912735,0.026304807296087654
2019/3/15,1056,0.009855623539309027,0.01071601207665406,0.010738911579806092
2019/3/18,1057,0.027076099932872976,0.027676870970128328,0.02579480103249625
2019/3/19,1058,0.011521732572345598,0.011684304264214122,0.011438391445876358
2019/3/20,1059,0.008745138655561415,0.009409738727861364,0.010078694249220145
2019/3/21,1060,0.004155976771564989,0.004805639388510639,0.004643046438278356
2019/3/22,1061,0.008689142695147378,0.007658442396325767,0.006211305611552499
2019/3/25,1062,0.003100892193547075,0.002875153907440888,0.0031150447773818364
2019/3/26,1063,0.004542159622893097,0.0046088639856025045,0.004619843314126185
2019/3/27,1064,-0.0020477877319735717,-0.0034411163710277234,-0.003947473532102574
2019/3/28,1065,0.00960107850556789,0.010364915453712955,0.010234653517540361
2019/3/29,1066,0.006507314920479109,0.007594237781759473,0.007242496451943652
2019/4/1,1067,-0.012390816239253994,-0.01423928102381906,-0.014217295049610255
2019/4/2,1068,0.003279908042410254,0.002454155587987836,0.002432860022729935
2019/4/3,1069,-0.0044989267941204164,-0.004121660280265873,-0.004030687078352852
2019/4/4,1070,-0.01958335889655356,-0.01984447526582251,-0.020023170231323613
2019/4/5,1071,0.012445253138068026,0.012262541802018901,0.01178215184378693
2019/4/8,1072,0.026040575506108644,0.026717978098113354,0.024365890197682507
2019/4/9,1073,0.0362995346703629,0.03853156447612807,0.03689421118209996
2019/4/10,1074,0.026087772816042312,0.027238459753319372,0.024960436502171363
2019/4/11,1075,-0.004690309864672883,-0.005254534818489609,-0.0047029329172749304
2019/4/12,1076,0.021190359262998476,0.023258098230719237,0.022158197303951733
2019/4/15,1077,0.020490281722698383,0.021703140458142253,0.019661495692161107
2019/4/16,1078,-0.018819720357072002,-0.020911426860430085,-0.019585052071312614
2019/4/17,1079,0.01721908904506465,0.01824025327833332,0.01797882710717852
2019/4/18,1080,0.014257787032293776,0.014081913402902444,0.012374349415998341
2019/4/22,1081,0.008383934891681837,0.00927244942518932,0.008198747484347173
2019/4/23,1082,0.00997530008968048,0.01109513241541097,0.009804432504770803
2019/4/24,1083,0.007062091855834775,0.0076925674104576704,0.007054046395172742
2019/4/25,1084,0.026967092428455644,0.02890225184860074,0.02831476146184573
2019/4/26,1085,0.0012422839070100325,0.0025467175115620137,0.0023585658312698502
2019/4/29,1086,0.0037954998140516667,0.004444867569291434,0.0050418128597385994
2019/4/30,1087,0.006418019392758412,0.006503672240117944,0.005990892492244529
2019/5/1,1088,0.009811460706568957,0.00961056763660241,0.009868929518760098
2019/5/2,1089,-0.015978986499546887,-0.016635980715698134,-0.01625705939303732
2019/5/3,1090,0.023881189603678736,0.02442063346720892,0.022882499962488135
2019/5/6,1091,0.009185781071539294,0.008735127717962886,0.00718941528399329
2019/5/7,1092,0.013523475301252981,0.01390754979194865,0.013654972706127878
2019/5/8,1093,0.008820427131128784,0.008136741351729945,0.007559118657791167
2019/5/9,1094,0.003966239051879082,0.0033420591661967383,0.0028086442242281125
2019/5/10,1095,0.0018310661119533764,0.002239578549451511,0.00140629167656304
2019/5/13,1096,0.007540313740922799,0.007616751601201306,0.007552784540785273
2019/5/14,1097,0.008247882203977113,0.008466343703788886,0.008185814235168178
2019/5/15,1098,0.020937589083559655,0.021968077757772556,0.020180874679282486
2019/5/16,1099,0.010701878041153724,0.010001032518700916,0.010310560717223659
2019/5/17,1100,0.0046360423722491715,0.004985622728910656,0.0046738430728818815
2019/5/20,1101,0.031452837203549036,0.033023056795046725,0.031201046746285044
2019/5/21,1102,-0.009859047687444632,-0.010380591153668867,-0.008757883405816728
2019/5/22,1103,-0.010627898827312496,-0.010942458722904799,-0.01050953067833069
2019/5/23,1104,0.010809955910921796,0.009981233288744713,0.009354176680861003
2019/5/24,1105,0.0036382221350425583,0.005029280392990397,0.004529541847833608
2019/5/28,1106,-0.01612250567721452,-0.017120487051764586,-0.014906958765823534
2019/5/29,1107,0.0023751277882687848,0.001586807778253882,0.0028586488572734893
2019/5/30,1108,-0.002664608150437572,-0.0027273008692899016,-0.001974778905832175
2019/5/31,1109,0.020632326135942288,0.020859985384128858,0.019696952400173516
2019/6/3,1110,-0.0015337270595497119,-0.0015684229822231393,-0.0019092236198555532
2019/6/4,1111,0.019613896254571245,0.020936497939615537,0.02015148846808211
2019/6/5,1112,0.012140384916852357,0.01191326056800317,0.011337788572432518
2019/6/6,1113,0.0037146527852899977,0.004435080046581372,0.0032054073902418687
2019/6/7,1114,0.006592360122613629,0.007004888115635209,0.007378055492138385
2019/6/10,1115,0.011746707145057447,0.012554822409534575,0.011604821929590378
2019/6/11,1116,-0.02287007920148325,-0.023758028053138376,-0.022159792857537924
2019/6/12,1117,0.010461679794750586,0.011308855595438325,0.01066838524406445
2019/6/13,1118,0.0015290294172678682,0.0023140599061517594,0.00215230091497819
2019/6/14,1119,0.029066636308789612,0.031064167299789648,0.02866129953357569
2019/6/17,1120,-0.0024193821962107892,-0.002232402159362362,-0.002677371678603757
2019/6/18,1121,0.020776972758524453,0.021332410571463917,0.019852377616042628
2019/6/19,1122,-0.025487004506726217,-0.026580263042312577,-0.025265172009990535
2019/6/20,1123,0.016628837265533342,0.017107473958389807,0.016466059849840196
2019/6/21,1124,0.00981700960290692,0.009391588693022316,0.008739384520794948
2019/6/24,1125,0.0032000163970521706,0.0033338481832792984,0.002685169563698913
2019/6/25,1126,0.004795413056720355,0.00445787191417016,0.00490105908114131
2019/6/26,1127,0.0030286955809553998,0.0038980568090842393,0.0036973448315216735
2019/6/27,1128,0.011675169719715623,0.012235078817220812,0.011924222160319966
2019/6/28,1129,0.00462643037297625,0.00488637845360653,0.004878562085720859
2019/7/1,1130,-0.016288736749944657,-0.016612890189271354,-0.016338340781456673
2019/7/2,1131,0.00397421323468404,0.003908479108926347,0.0033090123683230162
2019/7/3,1132,0.03459179783068476,0.03615910288452592,0.03489226835722334
2019/7/5,1133,0.006917118148685069,0.007999576775715375,0.008836525119610819
2019/7/8,1134,0.010002764228193663,0.009627787253485096,0.009445733764723935
2019/7/9,1135,0.0007835553884800632,0.00027442253398119105,-0.00016625835803992032
2019/7/10,1136,0.008526189520319829,0.008867943567239044,0.009201521339394255
2019/7/11,1137,0.008575408371009554,0.009500523054926364,0.007986992062125501
2019/7/12,1138,0.0030205833415750494,0.003329595140663161,0.0026316427240217545
2019/7/15,1139,0.01724406956554,0.017374195116375977,0.017309366847670912
2019/7/16,1140,-0.005351559888789805,-0.006200854019108079,-0.0061604318993451965
2019/7/17,1141,0.00467770172690824,0.005983257426584749,0.006641519911128354
2019/7/18,1142,0.012713036112566817,0.013548714174822828,0.011785545487739343
2019/7/19,1143,0.0029471899143186458,0.002703412837681271,0.0021526661897016226
2019/7/22,1144,-0.009156433790658357,-0.009920539477117175,-0.009213250594483628
2019/7/23,1145,0.013386101187727945,0.0164209473574452,0.01572200120141296
2019/7/24,1146,-0.006098907304717773,-0.0055561902858365505,-0.005102507671917119
2019/7/25,1147,0.0006665048918420013,-0.00033516690481756725,-0.00033895738287518867
2019/7/26,1148,-0.004150775162112757,-0.004648468691458582,-0.004812364011162277
2019/7/29,1149,0.004923939360064598,0.005627289532863744,0.005974710919457471
2019/7/30,1150,0.0008932046376120793,0.0007636353346010148,0.00030559328712271357
2019/7/31,1151,0.00032141558270678845,0.0010578869198625556,0.00021061209662463375
2019/8/1,1152,0.014938333115899365,0.01680105917784536,0.015891027815163557
2019/8/2,1153,0.028619990330591937,0.030055771460787247,0.026926565635213395
2019/8/5,1154,0.0018023184715968317,0.002078844031860031,0.0025004693875278605
2019/8/6,1155,0.012935678444424385,0.013475790970348938,0.013112617591673332
2019/8/7,1156,0.001828890755913695,0.0024786664467426156,0.0023083403454907457
2019/8/8,1157,0.007576086737438544,0.008903527041603881,0.0080224534285964
2019/8/9,1158,0.020589606857780576,0.022210050724051102,0.01995587555070839
2019/8/12,1159,0.006960720065267736,0.006623820890730108,0.0052020022335727235
2019/8/13,1160,-0.003991393357760299,-0.0037138619289761522,-0.0030983041588420776
2019/8/14,1161,-0.0029083671580615944,-0.0034198216427852018,-0.0031865922290241567
2019/8/15,1162,-0.001476738447501796,-0.0004448141723850613,-0.00018327477201640716
2019/8/16,1163,0.006156268753030224,0.006765310524743724,0.006336606815181562
2019/8/19,1164,0.017177637108801786,0.01870573833586408,0.017962592993954248
2019/8/20,1165,-0.01086301626095922,-0.011419486199237135,-0.011857212869060071
2019/8/21,1166,-0.006796230149206771,-0.0071564939481577675,-0.006391581845716024
2019/8/22,1167,-0.00537006875675101,-0.005366124497671985,-0.004869579069710987
2019/8/23,1168,-0.015803867414510286,-0.01661354124544287,-0.015219141506279475
2019/8/26,1169,0.0230962980447613,0.02524970578078455,0.02405833211944101
2019/8/27,1170,0.0058643978304070785,0.005435229352747513,0.004521586026267779
2019/8/28,1171,0.03036772323902757,0.032319604825064574,0.031003600750565713
2019/8/29,1172,-0.011691998926264865,-0.01264763510625833,-0.012761440128500473
2019/8/30,1173,0.022694810589954848,0.02437412457879912,0.02378152217455797
2019/9/3,1174,-0.002550674593871388,-0.003814804337881122,-0.003423182393038066
2019/9/4,1175,0.0011716911009096338,0.0020436933166824195,0.001523774189378799
2019/9/5,1176,-0.0061849655171077175,-0.006689875788299827,-0.006120038626322645
2019/9/6,1177,-0.005690377731899804,-0.006755140028503122,-0.0054100911290530795
2019/9/9,1178,-0.010419646846377084,-0.01048735823195053,-0.010585926705663053
2019/9/10,1179,0.00906097483650227,0.00939273325280875,0.009995990267551007
2019/9/11,1180,-0.01029891894418239,-0.01063858690422006,-0.010044784541486272
2019/9/12,1181,0.003265976772746504,0.0042058732603770565,0.004694655013205884
2019/9/13,1182,0.0062081639691369435,0.005828442663471692,0.005721807373336147
2019/9/16,1183,0.014756587634293859,0.01502869122335012,0.014581629550309021
2019/9/17,1184,0.007594421324376419,0.008024996325025227,0.008761004360456529
2019/9/18,1185,0.010389041339511662,0.011267421659794748,0.010822623283536538
2019/9/19,1186,0.012831404064781695,0.013027969084118601,0.012282438220248007
2019/9/20,1187,0.006106347217019244,0.005910035435632001,0.005733704462311871
2019/9/23,1188,0.01092058334344107,0.011954447783247472,0.012049699026541457
2019/9/24,1189,-0.006068033778152629,-0.005749327766268835,-0.00559722554021793
2019/9/25,1190,-0.0034844560068043413,-0.0027749656050372108,-0.0032198331459577624
2019/9/26,1191,0.03032637946171611,0.03165603846518445,0.029930730826377303
2019/9/27,1192,0.006176127944406299,0.004851785658841539,0.0049724520462916
2019/9/30,1193,-0.0026626463237987346,-0.002464757558973526,-0.0023501486462666962
2019/10/1,1194,0.02377880885982479,0.02544837256503085,0.02443793843680329
2019/10/2,1195,0.004340635786763389,0.003629967160482751,0.002972410056241579
2019/10/3,1196,-0.0018529812056566073,-0.0018884687790886863,-0.0009336675103883142
2019/10/4,1197,-0.012003899094319436,-0.012429973804621741,-0.011564110166983726
2019/10/7,1198,0.016184434177536244,0.017208915265145307,0.016594188267322632
2019/10/8,1199,-0.0074161850440378286,-0.008080892883753294,-0.007657544453432115
2019/10/9,1200,-0.0004937274232643916,-0.00046564600884438704,-5.4214043829734404e-05
2019/10/10,1201,0.014471847331483427,0.015575162518528224,0.014744383093953371
2019/10/11,1202,0.008647356718470063,0.007956373835059597,0.007467342642452291
2019/10/14,1203,0.0052313322307841964,0.006069117968056663,0.006266805720503953
2019/10/15,1204,0.0036178001956127105,0.003567314789761729,0.0031977755557256733
2019/10/16,1205,0.02081951720895606,0.022344006663941325,0.02119117309391793
2019/10/17,1206,0.03453553977491404,0.03581794068227937,0.033150422488461874
2019/10/18,1207,-0.0006167811228795011,-0.0017302353374718383,-0.0017939320013513962
2019/10/21,1208,0.013520686105037353,0.014943738133181039,0.013409688120455048
2019/10/22,1209,0.030722163786525855,0.03329621763532351,0.03103778174166969
2019/10/23,1210,0.019973667396007862,0.019795647808536248,0.018382347512843566
2019/10/24,1211,-0.0023632539056477548,-0.00329872409903259,-0.0019289375978399027
2019/10/25,1212,0.0008768284176837267,0.000980230173217065,0.0016334999625550817
2019/10/28,1213,-0.0012392149333910404,-0.0019648494205700465,-0.0016616601227724941
2019/10/29,1214,-0.005229691432380531,-0.00501035058085634,-0.00456691591003295
2019/10/30,1215,-0.0015672899850554525,-0.002149761956581477,-0.0012919300305735733
2019/10/31,1216,0.00963704722753249,0.009791552922011195,0.007989210141074251
2019/11/1,1217,-0.0011008395151508596,-0.0010221582751042846,-0.0017548828833847153
2019/11/4,1218,0.017407704326344076,0.016900459029843166,0.016018214334262208
2019/11/5,1219,0.00788362731613652,0.008075471871891705,0.007182294067292894
2019/11/6,1220,0.0013012686196363973,0.00264050787608465,0.0016874393195191067
2019/11/7,1221,0.01753280475862056,0.018780623500418512,0.017574878021750843
2019/11/8,1222,0.010359265235132493,0.010245336158359892,0.010127077210016934
2019/11/11,1223,0.009674895224033482,0.010820198035007418,0.010881142367517964
2019/11/12,1224,0.01948011680229849,0.0217589956867839,0.020626873533458028
2019/11/13,1225,0.013575853405205316,0.015060817205365356,0.014491206953961668
2019/11/14,1226,0.004947086564702641,0.004824700534812291,0.00497214339196525
2019/11/15,1227,0.018183790259470155,0.018677079455977158,0.016107119964277626
2019/11/18,1228,0.010237150423553488,0.010514697808696313,0.010394028166843624
2019/11/19,1229,0.04322591663492509,0.04472373286179201,0.04117413132899781
2019/11/20,1230,0.02022198772971752,0.02125156480501264,0.020391711072164965
2019/11/21,1231,0.02091166936032676,0.021321199054023337,0.02059789722319955
2019/11/22,1232,0.022654473314441658,0.023233646987910174,0.02245013866681484
2019/11/25,1233,0.007334455396625888,0.007904081773468163,0.007139100928491726
2019/11/26,1234,0.022931514640408882,0.02372162448375441,0.02291058490617163
2019/11/27,1235,0.006620000946302619,0.006821736687108526,0.006850947979012349
2019/11/29,1236,-0.004189049018140537,-0.003039874255192555,-0.0022783827054837585
2019/12/2,1237,-0.0008093717919349271,-0.0006169579286897098,-0.0015746614517252282
2019/12/3,1238,0.013002660294893963,0.014405619823536433,0.013159674562445763
2019/12/4,1239,-0.013422222899961117,-0.013816370299683578,-0.012914758739701944
2019/12/5,1240,0.008960034476119148,0.009789393615283502,0.009162799545840285
2019/12/6,1241,-0.002888425495631065,-0.0038861400937395384,-0.003256456529539328
2019/12/9,1242,0.015409353807305941,0.015833886085402732,0.015340303470158205
2019/12/10,1243,-0.0031138785029299334,-0.003435436341234902,-0.0031325595241044773
2019/12/11,1244,0.03000752643775133,0.031225431263807005,0.029945888944537508
2019/12/12,1245,0.016036771785857114,0.01671027976892934,0.01598712413893673
2019/12/13,1246,-0.009725382041662477,-0.010110520401626712,-0.010159184074083278
2019/12/16,1247,0.028571296929866225,0.02985906932650491,0.02870136136485726
2019/12/17,1248,0.0034500131860670646,0.0040586506372808015,0.0034518315766090086
2019/12/18,1249,-0.002877370479955752,-0.003177959907515397,-0.0020384510092976513
