Date,FTI,MSI,CSI
2015/1/30,4.291860564951343,6.323449780428379,0.678721380572203
2015/2/2,0.3874913928462384,0.222102511216007,1.7446511105377893
2015/2/3,0.3158034544158328,0.3940482119882917,0.8014335424143891
2015/2/4,5.924754364163904,2.073586314180749,2.8572499363281674
2015/2/5,2.361145914935493,5.04023622252596,0.468459375848893
2015/2/6,7.704004807976893,18.450726096839297,0.41754480379482883
2015/2/9,1.9996363571964144,5.818218723476133,0.3436853188636605
2015/2/10,3.4402145474146546,0.3938832396064671,8.734097319936257
2015/2/11,4.2570772058680895,10.867227902035715,0.3917353389699896
2015/2/12,10.238798888709864,0.2626445335421784,38.98348368657596
2015/2/13,4.350637466130467,2.2551338374780534,1.9292147516157374
2015/2/17,0.3898344929084927,0.7172592021002892,0.5435057393017385
2015/2/18,0.3318418093197011,0.4777160200558134,0.6946424138778741
2015/2/19,3.562895220205624,7.756633522643118,0.45933525282647963
2015/2/20,0.9819898732861536,0.3406038411797416,2.883085140451905
2015/2/23,1.4623777801542206,2.2732660795653845,0.6432937144048734
2015/2/24,2.68971354491428,0.0316009693900246,85.11490618269879
2015/2/25,2.489821346871276,0.1827550002124326,13.623820655944476
2015/2/26,0.5610019903181578,1.2735703145173027,0.440495498303746
2015/2/27,1.304552793532118,0.737567381849963,1.76872354395614
2015/3/2,13.21835714569507,0.3823635142106832,34.57013196717227
2015/3/3,1.252881785636732,0.7421856568730409,1.6880975454515572
2015/3/4,1.8377055536639837,2.651714189804378,0.693025500534639
2015/3/5,1.7648563208099104,0.2062003856099438,8.558938023270127
2015/3/6,0.9340142463213206,0.1610544895160972,5.799367960046634
2015/3/9,5.077545895931437,11.185012409854409,0.4539597910019243
2015/3/10,1.377680067048254,0.0421069989488267,32.71855276892496
2015/3/11,2.1442742653715032,2.3486943801483555,0.9129643616024916
2015/3/12,1.0723478588439672,0.3831958149905163,2.798433116683455
2015/3/13,0.4064103166372034,0.3908984119198831,1.0396827007844165
2015/3/16,0.4791961395364388,0.5093248341362888,0.9408458166958574
2015/3/17,4.776114170161936,2.064571390366718,2.313368378757579
2015/3/18,2.686947897299818,5.92785096110675,0.4532752113589164
2015/3/19,0.0690868339853859,0.0127916349163883,5.400938538112411
2015/3/20,1.3935873927456228,0.1155784052505468,12.057506674578638
2015/3/23,4.966843065092183,0.1438157948676781,34.53614444548369
2015/3/24,0.5975174460805109,0.8141479872017777,0.7339174885565648
2015/3/25,0.568685209729844,0.1088199936453415,5.225925775949436
2015/3/26,7.271364232314902,0.283962691463798,25.606759095118374
2015/3/27,1.288413859117461,0.7767332037756405,1.6587598584103012
2015/3/30,2.772078581186352,2.409356688129216,1.1505471957905815
2015/3/31,3.2138334029495064,6.077163501810417,0.5288377385258912
2015/4/1,1.5363905872179635,2.4948502199716778,0.615824779747862
2015/4/2,3.72646960679193,6.547453120832072,0.5691479630354891
2015/4/6,8.660101396872975,21.27946015015432,0.40696997648270555
2015/4/7,17.017611516795025,8.179458765810887,2.0805302653919484
2015/4/8,2.069467821478066,4.59405511114013,0.4504664770911892
2015/4/9,8.628753523136812,1.16252342530888,7.422434107806619
2015/4/10,2.3395699811160657,0.7313197846880739,3.199106642676091
2015/4/13,2.1495900119485816,0.1895993556929153,11.337538590743769
2015/4/14,0.3478286154817807,0.0148968683614276,23.349109829178047
2015/4/15,2.668512569056173,0.9425406246424975,2.8311910375940887
2015/4/16,17.68496800711721,0.878129824522363,20.139354698192275
2015/4/17,9.904239137836422,7.375409515344275,1.3428731133140481
2015/4/20,4.168931875252012,9.13794182423072,0.45622219482700355
2015/4/21,7.129497768204891,6.603253574937014,1.0796946819163908
2015/4/22,7.853164722480427,3.279815456653512,2.3943922535486895
2015/4/23,7.068989955074586,9.522906979442304,0.7423142922990698
2015/4/24,5.123225900703969,1.3168055542991663,3.8906472439893873
2015/4/27,2.4760653009721163,2.1555880217664867,1.1486727871789717
2015/4/28,0.3848304986127951,0.9132750709475852,0.4213741411046151
2015/4/29,1.6898628522874612,1.9870215768368575,0.8504501772837094
2015/4/30,1.874901737801261,3.232801487033817,0.5799619139378502
2015/5/1,3.890574083675886,4.841378677115737,0.8036087121352187
2015/5/4,11.490870849293602,14.51363130321162,0.7917295547359583
2015/5/5,2.9486818728993347,0.1417961485665062,20.795218366007475
2015/5/6,6.77535386829446,0.8964099094703024,7.558321027818718
2015/5/7,3.2421304630158856,4.310478479124074,0.7521509453573967
2015/5/8,3.960256743222416,5.481816932582529,0.7224350597488316
2015/5/11,0.0638850013683164,0.0806935400389003,0.7916990794742562
2015/5/12,0.7946422822462821,0.0246510779884106,32.23559970155761
2015/5/13,2.762074675886296,3.1581832579745344,0.8745770749407752
2015/5/14,24.62014724927997,28.717569540381227,0.8573200184876487
2015/5/15,5.238341399414614,13.055835443551947,0.40122605880435946
2015/5/18,1.378939014623638,0.9590535712198686,1.437812293290036
2015/5/19,3.244395493838076,0.0415631451377618,78.05943181355666
2015/5/20,3.1805684042563707,6.176038430630491,0.5149852028902736
2015/5/21,3.342263510418741,5.096757504493523,0.6557627094230118
2015/5/22,0.2533160742187624,0.581449741517009,0.4356628890363901
2015/5/26,4.143467804838963,1.1588609075804237,3.575466026798743
2015/5/27,6.335418156572574,2.8398516018524136,2.230897611847052
2015/5/28,3.697330545734289,3.794770638961297,0.9743225342194385
2015/5/29,7.387351483931476,13.98835284597095,0.5281073165136271
2015/6/1,2.781526682584544,6.712417140803889,0.4143852541100305
2015/6/2,0.7080518541162658,0.7728917436444659,0.9161074108225605
2015/6/3,1.5479581115434051,3.414102008760343,0.4534012479918452
2015/6/4,1.7968880995783023,2.8254274353209827,0.6359703587199601
2015/6/5,2.940582631589375,6.322033100434159,0.46513243206326044
2015/6/8,3.786832670532824,0.203024712112529,18.652077528542062
2015/6/9,6.381441915165445,2.385706591728004,2.6748645190870977
2015/6/10,3.150240583268882,1.0836615480412897,2.907033648063751
2015/6/11,0.1945420111498625,0.0329479570344651,5.904524245505192
2015/6/12,3.986204059492236,0.2174524352032318,18.33138385305603
2015/6/15,1.0592634711258095,1.7208967518682805,0.615529938083634
2015/6/16,0.6427604178594034,0.0912450784458766,7.044329719554863
2015/6/17,1.026599020363374,0.7183342286014734,1.4291383864055343
2015/6/18,0.5589447509074836,0.4135906736027336,1.3514442819481154
2015/6/19,0.9646839663299288,0.7873834965053725,1.2251767666092384
2015/6/22,0.5795000571716754,0.0881850708492649,6.571407740457761
2015/6/23,2.0000553831163024,2.528960445444264,0.7908606821902869
2015/6/24,0.2350511423742544,0.0160480412045753,14.646718523332384
2015/6/25,0.6432040411199982,0.0869557584399529,7.396911402528462
2015/6/26,2.759587547669921,6.074854477685385,0.4542639758378817
2015/6/29,2.9281339772824,6.157493372288085,0.47553993163200503
2015/6/30,5.452753219304166,9.32811342636254,0.5845504841197504
2015/7/1,5.328540655974444,0.3065864485263572,17.38022238617096
2015/7/2,0.2342720060429905,0.0513974337717954,4.558048697200685
2015/7/6,1.2231014183805944,2.5457257000473126,0.48045294839026176
2015/7/7,2.63180777679145,0.865375350394787,3.0412326577025923
2015/7/8,2.508497271137506,0.5175122991570921,4.84722252055317
2015/7/9,2.8676907945857164,4.249862847910275,0.6747725508355653
2015/7/10,0.9606343699432818,0.7688918395259311,1.2493751663895558
2015/7/13,3.159205110586274,7.270623159267916,0.4345164150832398
2015/7/14,1.50141581330941,0.8189688877034346,1.8333001849675923
2015/7/15,6.595485827971671,5.838581429150407,1.129638407549178
2015/7/16,1.662064730556118,1.3563489584466872,1.225396104892904
2015/7/17,0.4867783069039329,0.5451503204474141,0.8929249211564725
2015/7/20,5.278287015926558,0.6416423477941795,8.226213612726948
2015/7/21,0.4366701582394382,0.0985164352039862,4.432459998529967
2015/7/22,4.575378493053724,0.1616653707182596,28.301537136406353
2015/7/23,0.6077876199046647,0.9950404186400806,0.6108170165944883
2015/7/24,3.2745093885059084,2.314741123137214,1.4146330904027409
2015/7/27,9.982585427439018,4.460996845252674,2.237747699387489
2015/7/28,4.422684998553756,7.883537725141059,0.5610025793939639
2015/7/29,1.9187924981587785,1.3162270906333284,1.457797451377113
2015/7/30,1.5886944208540743,0.0763347678422729,20.81219954892274
2015/7/31,2.6192586983216435,4.912375670546118,0.5331959267745611
2015/8/3,1.976988761202633,2.225542483966327,0.888317691280049
2015/8/4,4.865083647930003,6.172154495470837,0.7882310223277836
2015/8/5,14.50971206223494,6.742012692571744,2.152133602213704
2015/8/6,1.896479970641744,0.6397050095167277,2.964616412922045
2015/8/7,4.916767882511952,3.064800613285713,1.604270066117215
2015/8/10,1.7039521996132376,0.3836468030184456,4.441460703456747
2015/8/11,2.530292366234848,1.3527785568294872,1.8704409184050823
2015/8/12,0.6900802930515498,0.1607708944995285,4.292321039823372
2015/8/13,0.3211483740359225,0.5701166551112987,0.5633029155642324
2015/8/14,0.3164728271864562,0.1060731823173955,2.983532880530503
2015/8/17,2.759039959588149,4.921697982965085,0.5605870106491095
2015/8/18,1.595047100729958,0.1552341906534074,10.27510172865997
2015/8/19,1.1845568115007314,0.0205672890415881,57.59421230019657
2015/8/20,2.869114225975617,4.366989055479682,0.657000553361924
2015/8/21,7.815445581209036,6.475124237281491,1.206995463687082
2015/8/24,2.436134521250685,3.623672710401464,0.6722832650581149
2015/8/25,2.354733001275188,6.548434801608435,0.3595871490843606
2015/8/26,3.068605290586478,8.901998612726311,0.3447097021785192
2015/8/27,3.998853451385769,2.2243045421785905,1.7977994359842022
2015/8/28,3.230074906141424,0.1816878359047919,17.778157189532756
2015/8/31,3.367317350367308,7.394629101741403,0.4553733938561326
2015/9/1,2.4245740231939807,2.278876278907365,1.0639340299581652
2015/9/2,2.1092402865343765,5.020800159608789,0.420100426123856
2015/9/3,1.7476085075161678,1.0719035237347874,1.6303785451017556
2015/9/4,3.13557315956614,5.996634873876152,0.5228887910494613
2015/9/8,4.3460787947074575,8.194591319277045,0.530359431651423
2015/9/9,9.170361902707018,2.238110966875152,4.097366948480962
2015/9/10,0.8194688116691367,0.1271397630351353,6.445417170100239
2015/9/11,0.2771317687543814,0.3383000914673759,0.8191891629479702
2015/9/14,10.34351574206689,1.2141687356314697,8.5190101165695
2015/9/15,0.5221462608019438,1.2288893173163644,0.42489283082238954
2015/9/16,1.9562290303048544,0.0838608380604286,23.32708658235959
2015/9/17,1.3633101752744536,1.1394696692749475,1.1964427066689167
2015/9/18,1.2995248538474145,0.0945773329569407,13.740341509091444
2015/9/21,9.389143674537213,6.646152412483546,1.4127186816994257
2015/9/22,0.4117781684934961,0.2063043195957514,1.995974535581058
2015/9/23,4.402635941886342,7.493540005734194,0.5875241792954151
2015/9/24,3.938685888999009,3.9459559250127016,0.9981575982722947
2015/9/25,3.595005029279545,7.02805575747055,0.5115219846482001
2015/9/28,1.4048857050917405,2.366667736306699,0.5936134099179184
2015/9/29,3.4463164621970592,3.256999351631463,1.058126235263377
2015/9/30,5.496655240172362,5.314846303433529,1.0342077505837524
2015/10/1,4.4124146352033,5.967452610278808,0.7394134354084373
2015/10/2,2.881545629918478,3.328004682437725,0.8658478292187315
2015/10/5,2.212128662854896,0.1227445035963418,18.022221753649465
2015/10/6,2.032730104097687,2.769957763039738,0.7338487724328977
2015/10/7,2.029818774498316,0.1001113659244982,20.27560762710161
2015/10/8,0.958239753918865,2.557379874776378,0.37469590003818076
2015/10/9,2.5724073007327046,0.8498425556516129,3.026922202972435
2015/10/12,0.9982374456875476,0.9466308624473732,1.054516058251844
2015/10/13,0.598565194401554,0.3060884479612593,1.9555301691010325
2015/10/14,0.5445245224503409,0.7207158947884503,0.7555328339333679
2015/10/15,0.5828504778319745,0.045218983753403,12.889508552657635
2015/10/16,6.3864503724108745,3.09825972746134,2.0613024517617897
2015/10/19,2.091556650526425,4.209201628641999,0.49690103612385444
2015/10/20,0.6952818341362402,0.2267895639611062,3.0657576212610875
2015/10/21,0.027764723737519,0.0287278012019136,0.9664757682766737
2015/10/22,1.0878826556233343,1.337428513863672,0.8134136848036615
2015/10/23,11.016346809015296,11.379245185096591,0.9681087479724416
2015/10/26,2.387342912870022,0.9057717801872271,2.6357002559480796
2015/10/27,3.346013514068218,3.183777943404348,1.050956936553934
2015/10/28,1.737252342274329,4.905813613869592,0.35412114666623556
2015/10/29,2.722103087712304,0.1801124866602303,15.113350207902922
2015/10/30,0.0259611774805926,0.0124202637557894,2.090227549997997
2015/11/2,3.3590203146301514,9.776646487523177,0.3435759203236905
2015/11/3,3.0620169703210185,2.987088870596222,1.025083987444217
2015/11/4,6.10412855184215,1.5562113643281397,3.9224289783267805
2015/11/5,2.355229377770255,0.4655216654919225,5.059333544189517
2015/11/6,0.7658065287282996,1.9708500291128697,0.3885666171530103
2015/11/9,2.554110515146849,5.11352554041569,0.49948132554730906
2015/11/10,7.254211087160058,3.12929116893925,2.318164304799751
2015/11/11,26.388777952367874,2.1661285315796097,12.182461736526935
2015/11/12,0.8313503952312299,0.5628164450496724,1.4771252733346438
2015/11/13,0.3835574353162095,1.1026665479237887,0.347845353646041
2015/11/16,13.880290136363596,9.965109650975815,1.3928888514542732
2015/11/17,7.591153555844541,3.18994689442676,2.3797115773642643
2015/11/18,1.0522579917646653,0.0245714853950705,42.824354118036666
2015/11/19,1.9918198441952049,5.574507690330029,0.3573086548342859
2015/11/20,6.8615643910737605,2.0789263052188374,3.300532767250487
2015/11/23,9.002370127684127,4.639712013303502,1.940286401800699
2015/11/24,13.098206487121832,2.050008397661917,6.389342844673537
2015/11/25,21.325561185304707,2.0331576099763424,10.488887374330439
2015/11/27,5.798436442881245,8.774554338121845,0.6608240395400383
2015/11/30,3.303810931212103,1.8386856658396504,1.7968329185311789
2015/12/1,1.968117117005316,0.1139777985224182,17.26754808848329
2015/12/2,19.238811394006973,11.696011982374944,1.644903529767111
2015/12/3,0.8594855315535942,1.74545873221057,0.49241240465483943
2015/12/4,2.940443705304633,3.5337877997121616,0.832094022607736
2015/12/7,4.60849048876998,2.0296823990892414,2.2705475944600497
2015/12/8,2.9948763619463734,1.4980843669481785,1.99913731697727
2015/12/9,6.40343592498687,1.1968670577841916,5.3501647349554515
2015/12/10,2.4113717175580014,1.0333266297775616,2.333600671916375
2015/12/11,0.5187271694516401,0.0324841056110119,15.968645578956465
2015/12/14,12.764171417336318,3.7237670458445655,3.42775776792486
2015/12/15,2.1386188655191325,0.2158167183314113,9.90942167063739
2015/12/16,6.716400066420753,8.145815404754046,0.8245215159799643
2015/12/17,2.4398860407976346,1.5056727230687783,1.6204624042234057
2015/12/18,6.778667664638736,11.435350895566373,0.5927817805107239
2015/12/21,1.8484524536831908,2.8212386755594885,0.6551918026987272
2015/12/22,4.037137432397457,3.9577699512276414,1.0200535862740574
2015/12/23,1.9644521299016184,1.2295525372435188,1.5976967802495368
2015/12/24,4.128144159447327,0.5195885718911993,7.945024934674182
2015/12/28,0.7715779616505346,0.2066721824076831,3.7333421104951325
2015/12/29,2.117143625723436,1.8826003842713752,1.124584719843684
2015/12/30,2.574061918009802,0.4694180356991319,5.483517296424497
2015/12/31,2.736386521601234,2.798465890667609,0.9778166425849968
2016/1/4,2.1073040165651817,4.39936478261242,0.47900188338413435
2016/1/5,4.580189665733079,3.5983670665508507,1.2728522635472364
2016/1/6,5.558885230044924,2.636672600700124,2.1082955952016396
2016/1/7,1.773236473160504,2.6091633274993056,0.6796188090149278
2016/1/8,2.389533973932312,0.0588980902239521,40.57065288274083
2016/1/11,1.990921858580525,0.9933229275736322,2.0043047465376698
2016/1/12,3.651851770380149,0.2646705725987471,13.797724977595172
2016/1/13,4.57809110349469,9.251058333292807,0.4948721474405806
2016/1/14,1.4345966972912534,0.93067534907852,1.5414577153157392
2016/1/15,2.16092187648134,2.6450186993536176,0.8169779204243132
2016/1/19,1.5852486840963795,0.6605776054965027,2.3997917442340126
2016/1/20,0.6500859658949503,0.0240906749471292,26.98496274270716
2016/1/21,1.1003955101904552,0.7009839268295662,1.5697870779539285
2016/1/22,7.220076149954913,3.2624861691250704,2.213059542836678
2016/1/25,0.5341592446706397,0.4743031946289376,1.1261978639813492
2016/1/26,1.100473756885913,0.2876232409284143,3.826094697124308
2016/1/27,1.988123992246673,2.006168181514062,0.9910056447741229
2016/1/28,2.20800509919823,3.516029120154968,0.6279825973400678
2016/1/29,1.5661544513243866,0.9949688622938668,1.57407383354055
2016/2/1,4.828744890312281,0.5871673403852373,8.223796792144753
2016/2/2,0.8946839482864966,2.233814744261208,0.4005184183625739
2016/2/3,2.5464670015979896,1.807021828179648,1.4092065529519593
2016/2/4,0.726613977734143,0.0301287206880181,24.11698741736188
2016/2/5,5.692090824636372,4.073447787734403,1.3973643756465666
2016/2/8,1.1783214155673778,1.5285882118376006,0.770856013700938
2016/2/9,0.5762844115350471,0.8794106785840649,0.6553074980428029
2016/2/10,1.5156578749664686,0.2250673825600863,6.734240464905363
2016/2/11,1.7228814603902838,0.0732351096453561,23.52534827534778
2016/2/12,4.972472643061927,9.773175286770622,0.5087878296619599
2016/2/16,1.2308334559348653,0.7436189502320353,1.6551937730349688
2016/2/17,5.837750600141592,9.047537074535017,0.6452309122415631
2016/2/18,3.0521431347637256,0.0517259055534611,59.00608412953149
2016/2/19,1.057034747718569,0.0916746289690083,11.530286619168235
2016/2/22,1.773347351124363,0.3948997286357369,4.49062691749817
2016/2/23,4.246735039386262,1.3398903795361814,3.1694645354915667
2016/2/24,1.86462276555878,1.4433419132913266,1.2918787630207351
2016/2/25,3.888365719507048,0.3718607501193983,10.456510180917343
2016/2/26,1.1224082142017526,0.3255175578240702,3.448072729792263
2016/2/29,0.8712239169877036,1.5907624524684771,0.5476769429877953
2016/3/1,1.7762051593424162,0.0323545161290172,54.898214278946476
2016/3/2,1.5183757224295291,0.3894997953757582,3.8982709117079817
2016/3/3,0.5786066396586452,0.5408517147173316,1.0698064255209871
2016/3/4,2.680619862718953,7.586602811736758,0.35333599626066275
2016/3/7,1.233876119094541,0.3639890284502242,3.3898717341785884
2016/3/8,3.966286826676528,0.1643456357073492,24.133812921806502
2016/3/9,0.5185477153824738,0.3919458222789039,1.323008655552097
2016/3/10,9.726784274443064,9.893779594544238,0.9831211804846288
2016/3/11,4.671138218058096,6.70347487379155,0.696823409649935
2016/3/14,0.6223937885037524,0.2986374466264334,2.0841116729822127
2016/3/15,2.599291369753491,7.182344487737485,0.36190012525733023
2016/3/16,3.014804065652285,1.035892574935878,2.91034431426338
2016/3/17,4.01714227763847,4.610986791980622,0.8712109704207005
2016/3/18,1.653583011093135,0.8293347302492239,1.9938668317872277
2016/3/21,2.054532424477724,1.3825001119478624,1.4860992825403878
2016/3/22,4.418414922707275,3.972929708411095,1.1121301525554412
2016/3/23,2.188126189548611,0.3514359505371308,6.226244600770933
2016/3/24,22.769848481048548,1.6293047313135955,13.97519324865079
2016/3/28,8.585007106973851,15.410815239162057,0.5570767654885369
2016/3/29,3.778148786163062,1.5832842301363688,2.38627323777339
2016/3/30,1.4125774212003246,1.6444934554282291,0.8589741823159076
2016/3/31,6.497071588547254,14.644068151858336,0.44366575743658865
2016/4/1,7.164198520551748,0.3510714210669718,20.40666967074223
2016/4/4,5.331166049855559,6.643033614824802,0.802519806306318
2016/4/5,3.508990392987259,2.3553646390469942,1.4897864792633697
2016/4/6,1.9418312894587573,3.815413379316166,0.5089438801010837
2016/4/7,9.897893130390084,2.359672788004054,4.194604091172441
2016/4/8,9.489820965204396,23.966701199892192,0.3959585796165842
2016/4/11,16.178211075293177,1.224692535042403,13.210018524962294
2016/4/12,1.1296263706113805,3.1892447961090884,0.3541987030878082
2016/4/13,10.88463437752522,9.343751130605604,1.164910561655739
2016/4/14,8.90191816012529,6.162866595196237,1.4444444030419314
2016/4/15,7.681025315609777,5.971405320420228,1.2863011139677984
2016/4/18,0.3504574358072578,0.2950116711328613,1.1879443089877824
2016/4/19,1046.914258590234,70.20518191940752,14.912207759707053
2016/4/20,1021.5532640355912,80.66106845273579,12.664762364686268
2016/4/21,862.3058066651314,30.545523675900235,28.23018573243425
2016/4/22,713.188478302361,45.29000759926667,15.747148567798183
2016/4/25,15.785780966720075,20.515280306498624,0.7694645518306477
2016/4/26,8.262645304332628,11.387780362950023,0.7255711860421038
2016/4/27,1.5890796783246142,0.9978711166620337,1.5924698608776502
2016/4/28,0.9496592261129628,0.154704905392338,6.138520454180738
2016/4/29,6.031520115227366,0.1286501120418146,46.883131460211764
2016/5/2,7.683830508983848,16.163984136475822,0.47536736265686086
2016/5/3,4.0594974342156105,9.379761226485174,0.4327932594651776
2016/5/4,7.650221251043223,12.876953776698986,0.5941017870924098
2016/5/5,6.190930670441843,0.22736286275213,27.229295917122442
2016/5/6,2.3466988173829204,3.445667946605378,0.6810577379328888
2016/5/9,1.4618983624838997,0.9818014122270284,1.488995986640377
2016/5/10,2.498689417188378,4.838087053863806,0.5164622689442655
2016/5/11,1.3293159433590924,0.0315991327759676,42.068114741746655
2016/5/12,4.184894033001057,9.77560596861418,0.42809561334992313
2016/5/13,2.2738356804708606,0.3609161211426125,6.300177651450422
2016/5/16,13.106427014203195,3.896586931863187,3.3635659215066562
2016/5/17,2.3884801960690094,2.457331394448898,0.9719813133322501
2016/5/18,7.13570369180338,1.4004380966775405,5.095336744074894
2016/5/19,4.762333683926996,3.3954821109442985,1.4025500733981395
2016/5/20,1.532379233153896,1.2475122809266754,1.2283480143503005
2016/5/23,5.787339826671212,2.427455211905128,2.3841180666436115
2016/5/24,0.0952257786656037,0.2669850529511122,0.3566708233776688
2016/5/25,3.681261034947045,0.1490288440931723,24.70166803847404
2016/5/26,4.19788841782702,1.2153927504286537,3.4539357062533718
2016/5/27,5.724530567495866,0.4811596625949687,11.89736175435527
2016/5/31,3.6356102519561952,2.622595220870425,1.3862643472482026
2016/6/1,5.231678643733265,3.434386598338833,1.523322577098268
2016/6/2,2.7839206133037173,0.3438008173868048,8.09748107774733
2016/6/3,5.009957981256242,10.259140082634971,0.4883409273001639
2016/6/6,8.603202752864467,6.2639544441187125,1.3734459325358117
2016/6/7,0.500533813841287,0.6864745712576895,0.729136715034119
2016/6/8,1.7263791278413638,3.383588613928082,0.5102213433202131
2016/6/9,0.966961403579568,1.3192669441682972,0.7329535601979079
2016/6/10,9.238936585252306,22.990134900258344,0.4018652620062915
2016/6/13,1.7384358970877607,0.9898451639535244,1.75627053643855
2016/6/14,13.689769333968783,15.871490133315438,0.8625383766098269
2016/6/15,5.042701932137861,11.059656274131363,0.4559546704839993
2016/6/16,1.7984554384592553,1.741630701425625,1.0326273170237044
2016/6/17,3.707835642445804,0.2176363935859244,17.036836447034414
2016/6/20,2.0420916893935117,0.3126529276834066,6.531497096554748
2016/6/21,8.444509380546169,13.114292676901542,0.6439164954294216
2016/6/22,6.948669594143156,6.015065096469697,1.1552110380686322
2016/6/23,4.670941816558423,8.445889517621385,0.5530432060250179
2016/6/24,0.4941918970527381,1.1003722068966608,0.4491133944999295
2016/6/27,3.884457610749196,5.804040583105023,0.6692678238771211
2016/6/28,1.2177241975909614,0.6280652867744039,1.9388497075597149
2016/6/29,0.3117166264440112,0.6073791752765798,0.5132158610839203
2016/6/30,1.3951306085281645,2.6286142122501106,0.5307475711066493
2016/7/1,1.143643631785762,0.0528884391781497,21.623697911248744
2016/7/5,3.007740789045467,3.302328730943295,0.9107938773213288
2016/7/6,1.0565053284923895,1.4713220723006246,0.7180653022083675
2016/7/7,2.3544943387099275,0.7579727882340446,3.106304573539537
2016/7/8,3.487051607384187,3.3690199785946366,1.035034410463421
2016/7/11,4.472947329467538,1.412774315393672,3.1660735056760596
2016/7/12,0.9056539852261756,0.1058976403207538,8.55216398102013
2016/7/13,0.2028962157784692,0.0734659908501761,2.7617706292459654
2016/7/14,10.560599308284315,23.69437278400304,0.44570073259817083
2016/7/15,2.4996885772719857,1.1414003823581231,2.190019046697401
2016/7/18,3.465863914971728,4.40553882282781,0.7867060203880061
2016/7/19,2.841715268646205,2.0720616003538463,1.3714434301378515
2016/7/20,2.56645843345506,1.8063192610933103,1.4208221595896955
2016/7/21,4.151746947205189,1.9415812568254356,2.1383328318658497
2016/7/22,14.347641493193848,4.619503934199786,3.1058835964990297
2016/7/25,1.2078624321348417,0.5077592118452322,2.3788094907138873
2016/7/26,0.1396645102725987,0.1153485692085198,1.2108040111024014
2016/7/27,0.4312436165132404,0.0195836774890908,22.020563643037274
2016/7/28,0.1815406322647066,0.0609569513711716,2.9781776841051584
2016/7/29,0.5585326337917861,0.0826616919906237,6.756849761255072
2016/8/1,3.7302488395222513,3.234791330896965,1.1531652146748836
2016/8/2,0.2503993851329842,0.3245382484403722,0.7715558530814909
2016/8/3,0.357617210739821,0.6716150912106191,0.5324734590093836
2016/8/4,2.2714479830259213,2.482181122295993,0.9151016268002451
2016/8/5,0.7532549214233869,0.1037614912356686,7.259484346775187
2016/8/8,1.9996116875720984,0.09829181202009,20.34362421931335
2016/8/9,1.7160252818874124,0.293473913940797,5.8472838653509385
2016/8/10,2.053667927750892,0.9824456392476716,2.090362912418779
2016/8/11,7.473862947829168,16.312938116130457,0.4581555385439064
2016/8/12,2.8936685176619856,0.9515412031843656,3.041033334109152
2016/8/15,0.9744897989329184,0.6696408251311892,1.4552425156306836
2016/8/16,0.5408942751397631,0.5604201052625907,0.9651585838204741
2016/8/17,1.6513962506090825,4.766582819319663,0.3464528600899852
2016/8/18,4.029415359791422,7.306529137144302,0.5514814605072917
2016/8/19,1.44431317528936,0.7579280480505708,1.9056072393734558
2016/8/22,1.055922245761565,2.5181806410429037,0.4193194993843869
2016/8/23,2.590589547008948,1.863820758654644,1.389934914599248
2016/8/24,3.768848558163925,5.722839516888689,0.6585626850170557
2016/8/25,6.604157375677185,2.831583820733233,2.3323192226628318
2016/8/26,1.967682935017225,0.3413248808545425,5.764838854088003
2016/8/29,4.453211565073245,12.12095452550336,0.36739776192571033
2016/8/30,1.1520087708750988,0.33135722227361,3.4766369749558566
2016/8/31,9.059907135441716,2.4132381760593598,3.7542531961084245
2016/9/1,2.909194137519154,0.3652658019806653,7.964594883353321
2016/9/2,2.7297269179046952,0.1055645536484239,25.858366502414047
2016/9/6,0.5674143904759195,0.1113499462356793,5.095776061489518
2016/9/7,3.335811508214352,0.0959196821064641,34.77713264845724
2016/9/8,5.473093171078999,0.1488567379444829,36.767520547979665
2016/9/9,16.573224129201698,5.835978391867307,2.8398364449562075
2016/9/12,7.259327823780413,0.151847072299717,47.80683429609951
2016/9/13,3.25014586795562,1.231150594686317,2.6399255151915186
2016/9/14,1.014195073525613,0.4027822123425471,2.517973839080779
2016/9/15,1.2915713088310763,1.8873515028696064,0.6843300290737144
2016/9/16,3.305711129684746,1.8093515024837443,1.827014333669776
2016/9/19,2.401786922374687,0.0560293111469695,42.866615227065736
2016/9/20,0.0515499326599457,0.0653265388083228,0.7891116474301572
2016/9/21,2.094563308397071,0.4643833410963255,4.510418705916934
2016/9/22,0.0563154611900263,0.1158092464729429,0.48627776196768163
2016/9/23,0.5810988113873241,0.894330722525811,0.6497583016561899
2016/9/26,1.957206280394981,0.3101149699455333,6.311227996309668
2016/9/27,6.937237771200727,1.1210457218991767,6.188184509948685
2016/9/28,1.7503022503444003,3.1437313613288285,0.5567594839288565
2016/9/29,15.712264038464376,1.9074320133732043,8.237391387113176
2016/9/30,5.845893247796307,6.914260177131373,0.8454835511008618
2016/10/3,5.722055312383787,10.464075618248424,0.5468285514302886
2016/10/4,0.923789788540102,1.9648272070907968,0.47016337375941714
2016/10/5,3.4353676921936684,0.699822480905801,4.908913025696417
2016/10/6,2.1063401528220216,5.83893093754498,0.3607407204079121
2016/10/7,1.365374716307315,1.644875752229611,0.8300777213455575
2016/10/10,1.5974851832814283,2.77240954122153,0.5762082259237835
2016/10/11,9.665906043584492,25.575423002565056,0.3779372893506028
2016/10/12,1.4139002221933004,0.8304899396410622,1.7024892833793845
2016/10/13,2.9206380851269587,5.799929493000297,0.5035644120591052
2016/10/14,3.906983827047733,0.7950917482166708,4.913877971706781
2016/10/17,1.411176136799236,0.0649891202696724,21.714036610182742
2016/10/18,9.677895737449806,8.022264946125738,1.2063794704416533
2016/10/19,1.814078655827549,0.517682341507291,3.5042312831178535
2016/10/20,5.76333502575202,0.44489558068316,12.954354405818378
2016/10/21,7.318746729947183,6.562308458127161,1.1152701487055523
2016/10/24,1.3175040634671815,0.6485544542797118,2.0314470971144725
2016/10/25,1.9335611143068023,3.167537574915109,0.6104303638319499
2016/10/26,3.5343786402804858,8.518287731989782,0.41491655969865815
2016/10/27,5.428362795148802,0.4893550325660015,11.092892550188813
2016/10/28,3.025985852479296,7.430412610303446,0.40724331355210164
2016/10/31,4.421015401742123,10.680009517091843,0.4139523840935641
2016/11/1,5.600765221206808,0.2910448059432794,19.243652890676632
2016/11/2,1.7516470483821531,2.5727351091231383,0.680850135783767
2016/11/3,1.2553750307893352,0.1624407141846126,7.72820433036641
2016/11/4,3.521095949504517,0.0620400361495855,56.755220790245176
2016/11/7,1.4930812905171824,1.698687373834803,0.8789617875045113
2016/11/8,2.9231867535961897,4.719216138430863,0.6194220963501257
2016/11/9,0.6850204493197707,1.6460219205790187,0.4161672701653949
2016/11/10,3.4481611176937164,5.980088865168925,0.5766070029122072
2016/11/11,4.497849830177652,0.5366725106415836,8.380995376119682
2016/11/14,8.442601145393578,0.2734781903994739,30.871204511999064
2016/11/15,2.4479058856261244,5.940314036148594,0.41208358189985955
2016/11/16,1.1280548246933777,0.6371712805747274,1.7704106557908168
2016/11/17,0.1936609503819617,0.1197107643376972,1.6177404885299644
2016/11/18,1.306824962075697,0.0434711392730423,30.061898168058747
2016/11/21,16.959278299081305,2.247203497975068,7.546836908345477
2016/11/22,4.661245604535409,5.198836707744278,0.8965939625670366
2016/11/23,5.808212528891604,5.984248621775628,0.9705834259219346
2016/11/25,5.267628404433901,0.3622889191381118,14.53985514369479
2016/11/28,1.3740751676143963,1.72548140537125,0.7963430746555938
2016/11/29,5.574222321351351,0.8642144828697412,6.450045019890653
2016/11/30,0.9450500014598504,0.4403686818234241,2.1460427148150147
2016/12/1,2.811820387138554,1.046490624072321,2.6869045192173973
2016/12/2,1.8258840457713672,0.6452642249460483,2.829668801062127
2016/12/5,5.514479527601877,14.705398662501397,0.37499694188255767
2016/12/6,4.973658594560158,0.2798238786214707,17.77424649769876
2016/12/7,1.3572913339068189,0.1751913951480037,7.747477167815027
2016/12/8,0.2977579499895786,0.8563666914831785,0.3476991257960755
2016/12/9,3.6402299085137,3.912844366886096,0.9303283154629156
2016/12/12,2.357966649199111,0.3539287151608377,6.662264315365222
2016/12/13,0.7403232409494207,1.6343746411369668,0.45297034248794293
2016/12/14,4.010804623730078,0.3751048731693615,10.69248871613348
2016/12/15,1.5423361342553483,2.364282210351244,0.6523485764528147
2016/12/16,1.7699662936294709,0.1275809481336363,13.873280607504947
2016/12/19,0.6643939737686702,1.5481156639253189,0.42916300716450895
2016/12/20,0.6320726060351589,0.048475156735948,13.039103916221672
2016/12/21,4.537706613734067,1.4863042838398288,3.0530132107343584
2016/12/22,1.7532799274444797,0.0415870123640487,42.15931435748344
2016/12/23,1.9959187039199595,0.4170640032635715,4.785641264414279
2016/12/27,6.475782632232204,10.408146434387604,0.6221840433409724
2016/12/28,0.0539488369280905,0.0173753952492307,3.104898401115744
2016/12/29,0.8642502256584778,0.081836289745644,10.560721024189398
2016/12/30,0.945681737083224,0.016293832862004,58.03924374899432
2017/1/3,2.0872677178002643,2.657216662621834,0.7855090430378342
2017/1/4,1.887999530165004,2.1496354870813232,0.8782882221247862
2017/1/5,3.202394488984158,2.815914299745616,1.1372485623136528
2017/1/6,2.468187820778429,5.267817715947747,0.46854085579048377
2017/1/9,4.249401564723214,7.778147568922261,0.5463256549286594
2017/1/10,2.3887428036356173,0.5319886580836412,4.490213780572838
2017/1/11,0.7991059931998533,1.0005205892064777,0.7986902037004874
2017/1/12,1.2793649093682078,1.1330982248035784,1.1290856179657194
2017/1/13,1.312477729750613,2.456016729632108,0.5343928296234415
2017/1/17,1.2257357288826134,0.1644278188771083,7.454552017129875
2017/1/18,4.70396125600032,7.974571555543334,0.5898700918584739
2017/1/19,13.911275749092091,5.217957421330299,2.66603857138134
2017/1/20,7.4192457266063805,5.591294881772191,1.3269279985202302
2017/1/23,10.311067844131438,6.302243176138865,1.6360948881138893
2017/1/24,15.562947897382974,8.15271172454058,1.908929007085673
2017/1/25,948.0714381350824,14.589359919319554,64.98375825793599
2017/1/26,18.830626658169734,9.234480145210876,2.039164778315707
2017/1/27,7.777238861371966,11.239225880315608,0.6919728230565265
2017/1/30,5.836879226135674,8.060731820422594,0.7241128170704566
2017/1/31,6.965172354046891,4.461143107732786,1.5612976732294712
2017/2/1,0.0486906797300861,0.0093660175587047,5.198653475172422
2017/2/2,2.7601584714005383,0.8228604203595107,3.354345892824223
2017/2/3,3.632086771050015,4.350666796777392,0.8348345071473549
2017/2/6,1.5111520955113458,1.8479169680068064,0.8177597379504011
2017/2/7,2.257880285216462,1.44489119084135,1.5626645795395253
2017/2/8,12.295332439070748,1.1757355784666543,10.457566024416657
2017/2/9,0.6642829794292299,0.0743322877136126,8.936668032989635
2017/2/10,2.511346250182417,5.216643850285017,0.4814103324391614
2017/2/13,5.23142036118247,2.6460491034494686,1.977068511072842
2017/2/14,0.925868183297911,1.343115657212163,0.6893436006990556
2017/2/15,2.0658641485706983,0.0763584287817005,27.05482788909596
2017/2/16,1.253616430146434,2.337251014389452,0.5363636265118532
2017/2/17,0.5898844410203599,0.2369176356589235,2.4898291736693765
2017/2/21,0.4391540946669285,0.8871211812382709,0.49503281395439547
2017/2/22,2.190678928943494,1.2407443574625812,1.765616676608228
2017/2/23,3.9271476136139696,9.122195646998463,0.43050464664240623
2017/2/24,3.508606264506484,0.9313710556147816,3.767141187558717
2017/2/27,4.31768832786325,0.1841283250136636,23.449343426889087
2017/2/28,2.392068995577198,1.5959724469891303,1.4988159727255552
2017/3/1,1.1509919102300892,2.73432228612202,0.4209422993302282
2017/3/2,0.905159091199,0.8357753863504659,1.0830171670303765
2017/3/3,4.266571410941368,1.044081334195497,4.086435865869508
2017/3/6,2.0234539151995303,3.669471684670163,0.5514292217195327
2017/3/7,1.407712332561296,1.3016127510324755,1.0815139383389254
2017/3/8,0.1708248635805873,0.0090668776402542,18.840539197548722
2017/3/9,3.4601190629708016,1.3183009505708765,2.6246807009222235
2017/3/10,6.018893963157519,11.344602940505498,0.5305513110262567
2017/3/13,1.0610634253995694,2.2252190658851174,0.4768354907913366
2017/3/14,1.823703513895355,1.3263762918971156,1.3749518330781625
2017/3/15,2.356217568954264,0.6803676834578037,3.4631532717417732
2017/3/16,6.294980394110516,8.29362100192913,0.7590147165690688
2017/3/17,2.9696762676333983,2.4880703968396563,1.1935660146133635
2017/3/20,4.6957781582532405,1.147532547857488,4.092065333589482
2017/3/21,8.991362862951524,0.4028676029130256,22.318406339793608
2017/3/22,1.1107759807893112,1.162927483971684,0.9551549826612897
2017/3/23,0.9702052329489776,0.4405889378332767,2.202064440655823
2017/3/24,3.084814006212064,1.4003497924099193,2.202888180461884
2017/3/27,0.6968582270556654,1.622544700417743,0.42948476357924137
2017/3/28,5.7775871352526265,14.148541578266228,0.4083521332069772
2017/3/29,3.673337973928261,0.6128889297060515,5.993480704064986
2017/3/30,0.544422154351437,1.3846300112251544,0.3931896246201677
2017/3/31,0.8579262717789452,0.7229652446392208,1.186677061090362
2017/4/3,3.5778026889282497,0.2735856260750448,13.077451254499953
2017/4/4,4.668148794720874,11.483696107899677,0.4065022925423495
2017/4/5,3.866535169336931,2.3659606385586924,1.6342347824063403
2017/4/6,5.2277977731222185,13.666863359264948,0.3825162830488259
2017/4/7,0.909180168480254,0.0443881679319279,20.48248915960082
2017/4/10,0.814884461315913,0.6135114684273488,1.3282302014740748
2017/4/11,0.8249833181549843,1.6571079337535837,0.497845252774984
2017/4/12,3.428726994171203,0.4387013943612822,7.815628211447068
2017/4/13,0.7686848610629134,2.105057351886136,0.3651610063612614
2017/4/17,8.904947053694643,8.711256115309943,1.022234559037277
2017/4/18,3.69455739375844,1.2469959214023507,2.9627662210824255
2017/4/19,137.48743665575313,4.145061964295884,33.168970172224654
2017/4/20,157.94546597043848,7.815200515029878,20.210033724238315
2017/4/21,83.98296376489613,2.6749030663717,31.39663818876717
2017/4/24,428.1329322336777,14.58396006382397,29.35642516573236
2017/4/25,11.511067312467215,0.4680273079519893,24.594862557994226
2017/4/26,1.0433029448810516,2.447835404125683,0.4262145008290286
2017/4/27,3.140949149119837,4.905234041602975,0.6403260522291837
2017/4/28,2.448581578980721,0.1999955118446696,12.24318264143077
2017/5/1,2.239600656987719,2.1455220667436734,1.0438488103675538
2017/5/2,5.3625869332424045,1.3872824756686557,3.8655335357405805
2017/5/3,1129.1293231116283,35.0218135740083,32.24074392165745
2017/5/4,290.0364609899016,15.995741125004033,18.132105209962788
2017/5/5,382.0812714947925,12.82180873477765,29.799327021502194
2017/5/8,219.27374006536465,3.355915289806806,65.33947407176295
2017/5/9,157.77549480779774,3.0390704635423456,51.91570801023625
2017/5/10,97.56729191257774,0.7854221565465007,124.222739452094
2017/5/11,94.9596097318366,1.525517541032212,62.24747154830092
2017/5/12,810.6235592816461,14.367099018107456,56.422215665109796
2017/5/15,9.481243225663013,0.4634283873766034,20.458917675144736
2017/5/16,5.672428842074544,0.1704696835754134,33.27529401769049
2017/5/17,9.974645795665518,0.1730737604860911,57.63233992056884
2017/5/18,0.6154829084179322,0.740986527410528,0.8306263145820152
2017/5/19,4.549276813195649,1.6123579360950198,2.8215055176976227
2017/5/22,3.5739532882325515,0.1256012881155063,28.454750280473625
2017/5/23,709.2164680202906,35.085529682971625,20.213930769427744
2017/5/24,629.9164676822872,38.66346909727836,16.292290433054518
2017/5/25,524.4907015024357,17.966891559277183,29.192066962279604
2017/5/26,439.2206861804746,22.084262152455118,19.888402118594044
2017/5/30,335.1207527316971,9.353031223907047,35.830175769658865
2017/5/31,4.59332618958136,10.62558421909284,0.43228928356971935
2017/6/1,2.0302225851965123,0.7038618334636642,2.8844049906867406
2017/6/2,1.6976114170345102,0.3939682586648209,4.309005559960095
2017/6/5,8.351707205181317,9.900949377485482,0.8435258970390148
2017/6/6,4.874322087261608,0.2656796321396937,18.34661561372044
2017/6/7,4.381280365246008,3.0942749849774294,1.415931158839125
2017/6/8,3.1446762412420464,8.412236381765965,0.37382166864192307
2017/6/9,1.5759854484050555,0.5486180803068278,2.872645844124656
2017/6/12,22.38157703661185,32.20614568003713,0.6949473947913299
2017/6/13,0.6350539942448892,0.23449834357169,2.708138507813138
2017/6/14,10.368255349179195,8.59970947547548,1.2056518163488228
2017/6/15,1.7034400875423217,0.906291684435474,1.8795715736963743
2017/6/16,8.905923887654582,13.775306125296106,0.6465136822840041
2017/6/19,0.5303645718714409,0.0442905548576164,11.974665333871679
2017/6/20,2.9349178188015803,0.3295773876330361,8.905094611859198
2017/6/21,5.070560380018194,10.583335328429982,0.4791079770851787
2017/6/22,0.482248719875487,0.3058077721867018,1.5769668521736082
2017/6/23,2.708035986789788,1.835349178222069,1.4754881626465783
2017/6/26,3.826953817525021,0.4579403175507348,8.356883355440825
2017/6/27,3.0854936473967856,5.074198486182194,0.6080750794039785
2017/6/28,10.873893227177929,15.113008089669831,0.7195055519496838
2017/6/29,2.670501958529842,5.682669232737023,0.4699379550626442
2017/6/30,1.5346010373440238,0.5554607249147646,2.76275345584426
2017/7/3,3.934354747875332,9.081874687932311,0.43320953911676074
2017/7/5,3.256839009793207,0.3832933506312065,8.496988023480847
2017/7/6,1.5107573434262975,3.969055530373362,0.3806339648979875
2017/7/7,1.8346288819372687,1.6406881628674872,1.1182069350283022
2017/7/10,1.892707239068798,0.3839520934743062,4.9295400942916245
2017/7/11,1.35858981215991,2.153023581123698,0.6310148314543029
2017/7/12,6.985861997392265,3.161844449119085,2.209426209862595
2017/7/13,6.693651451038027,0.5418676597573306,12.352926642707748
2017/7/14,2.55612848413368,5.638896817713826,0.45330293615303446
2017/7/17,6.485130612031151,15.686512514364562,0.41342080376964235
2017/7/18,0.9850078083861514,1.4576130974886377,0.6757676711901457
2017/7/19,23.631367620749224,2.6796078912303853,8.81896478141005
2017/7/20,11.857776943100232,3.1048033026863755,3.819171711406163
2017/7/21,0.6584352908466269,0.6504662481831259,1.0122512777346404
2017/7/24,7.346804886880039,3.24563024180526,2.2635988512337915
2017/7/25,1.481870005890192,1.4479575479640008,1.0234208923969326
2017/7/26,5.507981253015439,0.1112223807079515,49.52223840162471
2017/7/27,6.855018592859343,0.8560248812838618,8.007966523798025
2017/7/28,3.942738931252274,0.7681913110509955,5.13249613023876
2017/7/31,11.317046854471975,1.2422815252942387,9.109889042092526
2017/8/1,0.9179527476835134,0.0209555489269119,43.8047579132916
2017/8/2,3.227027839419275,1.2634380687000526,2.554163848125578
2017/8/3,5.53517426690327,0.9852641628100216,5.617959604982162
2017/8/4,5.947832135773932,1.2970538153135172,4.585647924204481
2017/8/7,4.456235956191235,0.0573873543676455,77.65188002295542
2017/8/8,2.219588756086486,0.0467244514312734,47.50379486747449
2017/8/9,1.908422849910662,0.6379849622209411,2.991328891620104
2017/8/10,4.763384425317508,0.5825682302492096,8.176526247028335
2017/8/11,1.2069882081011591,0.0535277822304477,22.548817787832792
2017/8/14,6.03399123566603,2.8590054138812437,2.1105210946329
2017/8/15,1.494496465004431,1.4681794041950618,1.0179249625312634
2017/8/16,1.2083276535447969,0.7654463372440251,1.5785922471003748
2017/8/17,5.0071931917817,0.8879711145669861,5.638914498050343
2017/8/18,1.669707448598022,2.8365277899794967,0.5886448405323366
2017/8/21,8.748398896577944,2.582595552375554,3.3874444213809967
2017/8/22,5.559458001178981,0.1374495781072537,40.44725402387822
2017/8/23,3.295593715534519,0.6591030445979217,5.000119089944363
2017/8/24,0.2268791148097892,0.1111477706996561,2.041238554598299
2017/8/25,10.725498391078284,27.647291581519276,0.38794029279337083
2017/8/28,1.5746355134642378,3.3814458907083926,0.4656692918822253
2017/8/29,1.6849678150533942,2.3457276816324883,0.7183134803954548
2017/8/30,1.7941655725597985,4.57988035837292,0.39174944150663493
2017/8/31,0.8248201184865774,0.8016310961895106,1.028927298862649
2017/9/1,1.070975470142274,2.272924813093212,0.47118825223470057
2017/9/5,1.9651923732728307,1.5190863885656822,1.2936672911198688
2017/9/6,1.151898073401045,1.5024545502788886,0.7666774833137066
2017/9/7,19.948641635453573,13.107452492686502,1.5219312560228018
2017/9/8,6.742479345782374,4.49814788923976,1.498945679823331
2017/9/11,1.740282148223391,0.7910432282974218,2.199983624117528
2017/9/12,1.037432693943508,2.6343534660088763,0.39380922390617884
2017/9/13,2.543492466066985,0.0637709483469961,39.88481482550816
2017/9/14,0.3695824918158827,0.0331957851542109,11.133416188199453
2017/9/15,1.7748095660656893,0.2113856530018862,8.396073909755136
2017/9/18,7.748008934275722,0.2855183160264255,27.136644128843287
2017/9/19,1.864889470516714,3.066529482738791,0.6081433363070544
2017/9/20,1.0356980535090383,0.3680234405235451,2.8142176271045902
2017/9/21,2.0761896641185675,5.5611535075844,0.37333795251057594
2017/9/22,1.4797300823379358,0.0563180577372335,26.274522627218435
2017/9/25,0.1182504076188492,0.0018024758777632,65.60443281248966
2017/9/26,1.4417917245512992,3.1692666919873584,0.45492912546504316
2017/9/27,1.155320617332233,0.8339458062017268,1.3853665414953444
2017/9/28,1.3162905103782123,1.817199076020372,0.7243512985164294
2017/9/29,2.746524087194683,2.204347943584524,1.2459576062790332
2017/10/2,3.9784879324829294,0.0982133350911724,40.50863285306074
2017/10/3,1.1270513128125348,0.5222716347625893,2.1579791774923063
2017/10/4,1.133729815717818,0.2374067133162519,4.775474963960117
2017/10/5,4.132293121822903,1.7730063964623886,2.330670171336047
2017/10/6,3.321723116757802,0.3695076807476362,8.989591529022775
2017/10/9,2.3127170274442777,1.723179885160412,1.3421216481000096
2017/10/10,2.728491370557008,3.677749773742574,0.7418915201999793
2017/10/11,3.7048240852701,0.172026711459744,21.5363303398209
2017/10/12,6.462362339422998,4.142861124561263,1.5598790654869885
2017/10/13,1.233252964757081,1.368692099909068,0.9010448477338437
2017/10/16,2.114753930602812,2.156860000834492,0.9804780698722267
2017/10/17,0.8978952094448327,2.6395665005742623,0.3401676787644817
2017/10/18,0.4119700109842538,0.4303511079754547,0.9572881383350608
2017/10/19,2.6312391172669174,1.980169014535656,1.3287952179596827
2017/10/20,3.442592872038513,0.3202377866291261,10.750114495468486
2017/10/23,1.2616933451471777,0.0291565930252361,43.27300326396626
2017/10/24,0.589552899097329,0.6723680121880464,0.8768306766688421
2017/10/25,1.9226585107673333,1.071650018696439,1.7941104625799995
2017/10/26,0.2020346083054805,0.1564263866439052,1.2915634800502012
2017/10/27,2.1901702494460324,0.3860678660634467,5.673018766825049
2017/10/30,2.323186713319624,5.62165952587346,0.41325638854990265
2017/10/31,0.1045173771469928,0.2119618219177292,0.493095295187452
2017/11/1,2.552644268825337,5.6085721310679,0.4551326450248043
2017/11/2,1.171015188592963,0.5085288641747598,2.3027506816024794
2017/11/3,0.8002005835895907,2.2953086899292776,0.3486243863844938
2017/11/6,4.221399717027791,1.140295600743782,3.702022277621955
2017/11/7,4.667578890238198,3.85953408669425,1.2093633027700632
2017/11/8,3.0957524351806454,1.2013899825103176,2.576808929863088
2017/11/9,0.0633152373034928,0.0267481782732675,2.3670859621408655
2017/11/10,0.4787500954284567,0.401773781804629,1.1915911816795925
2017/11/13,2.5430870507573364,0.0994841227588178,25.562742880314833
2017/11/14,0.494296256437981,0.7206638708234671,0.6858901582969228
2017/11/15,6.944952127161159,0.9724946754170102,7.141378048350888
2017/11/16,15.898291544524907,4.258602444955994,3.733218056866351
2017/11/17,11.378964057395766,15.3854383719424,0.739593099807086
2017/11/20,2.479787731598171,2.739552483647649,0.9051798592653325
2017/11/21,9.434433080545269,26.053051572720783,0.3621239168168586
2017/11/22,2.9334062661776925,0.1021825345531294,28.707511308133384
2017/11/24,9.446496853028744,14.532240141067591,0.650037211147735
2017/11/27,1.77567487491812,0.6175909768758556,2.8751632413746475
2017/11/28,2.208638864657489,0.510699671914678,4.324731316895154
2017/11/29,0.3597957104162017,0.1069369165606126,3.3645603593990567
2017/11/30,0.6560791703659563,0.4426408512160401,1.4821929981463533
2017/12/1,1.9563072304366824,5.58101506486631,0.3505289284653713
2017/12/4,10.3600265026512,7.929601719920772,1.3065002340060419
2017/12/5,4.034520664002759,8.348164317657826,0.4832823732840336
2017/12/6,1.6668937983204783,1.4394051294893082,1.1580435307409815
2017/12/7,0.3784278654916569,0.1635608112303357,2.313682982158441
2017/12/8,5.894162238336766,3.7163155932502,1.5860230624767457
2017/12/11,2.2606837555373804,1.9412521465472647,1.1645492624738423
2017/12/12,1.6170497533928672,1.789631129353079,0.9035659510333858
2017/12/13,8.343544300233708,0.360475262682687,23.145955254017586
2017/12/14,7.689581623473992,12.825966743423418,0.5995323219917801
2017/12/15,6.2521869315945136,9.01555164839999,0.6934891147458628
2017/12/18,4.333653855054136,4.119902363266458,1.051882659573079
2017/12/19,0.6108432174593855,0.0733153828026648,8.331719676122091
2017/12/20,10.924582800700732,12.16693938937914,0.8978907883963904
2017/12/21,0.9223243095129652,0.5020135476012,1.8372498390136285
2017/12/22,1.2058609410922665,1.604935977029526,0.75134519903038
2017/12/26,0.5383630171403652,0.3276912725423791,1.6428970261047786
2017/12/27,3.79305892572725,0.6810364390308306,5.569538879777236
2017/12/28,0.9496812820449124,1.8920094931116955,0.5019431908256539
2017/12/29,0.558031483180854,0.4114403253863826,1.3562877743128559
2018/1/2,0.4190702573829813,0.3792919949349118,1.1048750381744694
2018/1/3,1.683505769315689,2.144511898743384,0.7850298104208094
2018/1/4,5.339520761210075,0.1090870824778042,48.947323917077895
2018/1/5,1.922098597073404,1.409026582442939,1.3641322463490446
2018/1/8,5.141735212790495,3.717678607076416,1.38304995031132
2018/1/9,0.0117810438794526,0.0159783218994092,0.7373142156992222
2018/1/10,6.626442241052957,0.1047348783312896,63.268725248266264
2018/1/11,1.9265067592564649,2.7399692079786124,0.7031125582165676
2018/1/12,4.7863708929245785,5.678636759214052,0.8428732274798703
2018/1/16,0.515051358694761,0.1977286329511611,2.6048395268174365
2018/1/17,0.8105130402637225,1.863098863281906,0.43503490675528556
2018/1/18,3.4496956965775367,1.4019779427025083,2.4605919904330067
2018/1/19,3.239782167886717,1.6724719603582607,1.9371219635830081
2018/1/22,20.28089516525308,1.695572813341748,11.961087725440786
2018/1/23,3.455619214920463,1.9928654407523412,1.7339952533954863
2018/1/24,1.2376043882665273,0.7147459397230447,1.7315304914443919
2018/1/25,94.46608342842876,10.724828044723717,8.808167649354822
2018/1/26,1.5497119415915444,1.7087908389302884,0.9069055769058733
2018/1/29,1.0271931194450827,0.668202521550562,1.5372481939479725
2018/1/30,3.9883859621640942,7.369878272120688,0.5411739264746951
2018/1/31,3.310540181680896,0.8895903112637625,3.7214211303379683
2018/2/1,29.160420471634428,21.992276639134708,1.3259391444605688
2018/2/2,7.458703144306107,6.809644333083536,1.0953146419217852
2018/2/5,0.6524266610888331,0.0667560467913172,9.773296838986766
2018/2/6,6.431646322423306,7.958023376533555,0.8081964601145559
2018/2/7,2.885739254352696,2.441549028952622,1.1819296766654008
2018/2/8,4.573621057685578,0.230499514069653,19.842215616573963
2018/2/9,0.5124184043572442,0.0404961959198229,12.65349479669065
2018/2/12,0.8643998542895451,1.0096563542434354,0.8561327333370421
2018/2/13,2.611734711634861,5.049942668827867,0.5171810618279883
2018/2/14,0.3725901293662365,0.7328212248231876,0.5084325026968667
2018/2/15,4.934779208693817,11.371973029927062,0.43394221879591177
2018/2/16,5.733751303623579,8.515315583528064,0.6733457201180996
2018/2/20,1.6647229935368302,3.4509356060933825,0.48239758244036696
2018/2/21,4.186644460190292,1.7062910503262738,2.4536520070182224
2018/2/22,8.30244737289167,1.2684591520988937,6.545301328114333
2018/2/23,0.8318029074975307,0.8326887504052627,0.9989361656353579
2018/2/26,3.5633628349716844,0.0977085979397734,36.469286327986254
2018/2/27,2.8819705105746136,2.49580423696444,1.1547261872108423
2018/2/28,6.77911645797076,1.328335661328074,5.103466431965682
2018/3/1,0.2261601276124952,0.0039001534061355,57.9874953781851
2018/3/2,16.78472849495429,10.36093013117786,1.6200020927123224
2018/3/5,1.7200007585481405,0.0360374779639236,47.72811128098362
2018/3/6,2.7722095782800684,0.3343686359120248,8.290878032619842
2018/3/7,4.284919868610508,0.2170494914381638,19.741672004015076
2018/3/8,1.4182901473412923,3.705637903942335,0.3827384607201932
2018/3/9,3.2971536947622204,9.042854305741992,0.3646142670537784
2018/3/12,1.4183125002270902,2.20628743633123,0.6428502818225535
2018/3/13,2.419686188699369,2.334756401940326,1.0363762946269088
2018/3/14,3.342668419170011,7.669219418102351,0.4358551029691508
2018/3/15,1.0226593962174584,1.2111949156069284,0.8443392413887445
2018/3/16,6.559718303568058,9.796654939417976,0.6695875627071717
2018/3/19,3.3594682681863546,3.973855008616828,0.8453927636770215
2018/3/20,2.1147666478939304,0.2678242311927286,7.89609901417817
2018/3/21,0.8366024109370489,1.2602760148511878,0.6638247503550515
2018/3/22,5.626564479065383,2.7645662538544724,2.0352431312581474
2018/3/23,4.800962544742369,4.462290873166847,1.075896368300879
2018/3/26,4.634912977537827,7.944019325338207,0.5834468406634321
2018/3/27,6.037895545936294,0.2626596677574264,22.98752449314929
2018/3/28,3.0343829101107618,2.6540442676799416,1.1433053122219763
2018/3/29,0.2861280143368923,0.5342118843197263,0.5356077293212077
2018/4/2,2.296618179973803,1.3817107652417124,1.6621555232451557
2018/4/3,7.288061129085864,3.3973733556665,2.1452046525678616
2018/4/4,2.834270443751288,1.1258508997261594,2.5174474208269206
2018/4/5,0.3613303304831961,0.0136996674694066,26.37511686251514
2018/4/6,3.164542780860017,0.3422099286043952,9.247372785955378
2018/4/9,3.6480708536182167,2.143583161668805,1.7018564611125935
2018/4/10,3.315806611663611,0.7749825051456543,4.278556728245654
2018/4/11,3.266614292723921,0.1366608142835129,23.903079385632005
2018/4/12,1.1199318079809144,0.3690676709739185,3.034489054610417
2018/4/13,1.8460986741707524,0.5158836557789971,3.5785174689884247
2018/4/16,2.244449996688996,0.2767292005426447,8.110636652322205
2018/4/17,1.888825210617738,4.2892416132246325,0.44036344438935154
2018/4/18,0.3385801271435956,0.7072504856589387,0.47872731657178524
2018/4/19,370.0426272188616,20.48606698527733,18.06313664232374
2018/4/20,382.743590672381,18.51818765610044,20.66852317193653
2018/4/23,1199.4541190090772,25.236061373242716,47.529370818571316
2018/4/24,632.2409501537662,18.42196211435165,34.31995713753087
2018/4/25,633.7024137462586,15.75501541669219,40.22226554439679
2018/4/26,2.325589127889452,1.665248146797296,1.3965420903558206
2018/4/27,493.0442141945486,15.381414742416734,32.05454260555758
2018/4/30,2.780854956857368,4.277798797703683,0.6500667956496989
2018/5/1,0.8869347570204887,0.980415092956001,0.9046522879878722
2018/5/2,2.740212941059477,0.0945090299157424,28.994191808999183
2018/5/3,13.31252598605443,0.9476277196414336,14.04826569561691
2018/5/4,3.4206973773138145,2.796973027422772,1.2229997728886803
2018/5/7,1.5253876761870535,3.7702892625217994,0.40458107322162895
2018/5/8,5.4866912952913625,1.612251077663062,3.403124594740078
2018/5/9,7.66034287258139,1.629275924254574,4.701685428811666
2018/5/10,0.8691246033789249,2.2111606335687517,0.39306262520429464
2018/5/11,6.712346431900188,0.5384630415076174,12.465751434131123
2018/5/14,8.949538985247141,6.294304449744835,1.4218471725831354
2018/5/15,0.1495489435437646,0.2204473486146385,0.6783884881518326
2018/5/16,6.274430511945014,4.123008396599138,1.5218088124973201
2018/5/17,4.364685590726307,0.4950252607353734,8.817096695717
2018/5/18,1.5834820172631856,2.0571064977827884,0.7697618081367739
2018/5/21,3.125142278357317,6.711855383998776,0.4656152583096071
2018/5/22,0.5031076731635941,1.4547396384618874,0.34584035511367206
2018/5/23,15.831855151049874,3.0643513846601738,5.166462054679011
2018/5/24,15.651329175501068,0.7746118769249846,20.205382387929465
2018/5/25,15.971711678127289,11.348148503101326,1.4074288571181803
2018/5/29,9.09631449867561,2.067984015741669,4.398638688420073
2018/5/30,6.892285949992961,2.101850185051956,3.2791518629680967
2018/5/31,3.732020887307423,2.353625787229262,1.5856475177818463
2018/6/1,4.689730916856113,0.226599171366025,20.69615210234288
2018/6/4,2.0237045953015844,0.0900759324610331,22.466651635019602
2018/6/5,3.42058236120799,3.3246770894400464,1.028846492211999
2018/6/6,0.7161109780738256,0.6318748755382328,1.1333113655830045
2018/6/7,3.189010282864138,1.0904691076376272,2.9244389048056143
2018/6/8,0.4105470398150949,0.0264545533853937,15.518955615473343
2018/6/11,0.5566476435552871,0.0633993460699473,8.780021846615709
2018/6/12,4.370855197438331,9.886053604768753,0.44212335601032493
2018/6/13,0.5105457615345693,0.1342701749451277,3.802376527350281
2018/6/14,8.891963455983511,0.2592803019940062,34.29478979930017
2018/6/15,1.2127137100774443,2.194345497865182,0.5526539513751412
2018/6/18,3.408805262867992,4.109645455041344,0.8294645609115443
2018/6/19,2.166070661395726,2.333609766705633,0.928206031830925
2018/6/20,2.3030502559619515,0.5819568553933152,3.9574243942971274
2018/6/21,6.967889702522492,9.798389033798651,0.711126051281225
2018/6/22,5.132835799071931,2.3104930109690547,2.2215327095575783
2018/6/25,2.8739683918353744,1.4203184259522734,2.023467652972593
2018/6/26,2.645729058035528,2.4578369183630637,1.0764461377680021
2018/6/27,14.385267241084286,7.443754686257028,1.932528387541165
2018/6/28,2.0111465024588235,3.982897655413652,0.5049455638723792
2018/6/29,2.848457693710736,2.587062409025962,1.1010394197576356
2018/7/2,1.9092394802276635,1.5435803005326618,1.2368902865427989
2018/7/3,1.1195697300925618,1.7637542332570293,0.6347651554747019
2018/7/5,2.096500839890352,1.0647541551960618,1.9689999138855736
2018/7/6,0.3817459700628604,0.3838724064655774,0.9944605645863016
2018/7/9,6.875713745739339,16.710803942337996,0.41145319934723396
2018/7/10,5.006126725493269,5.909624741484524,0.8471141475957249
2018/7/11,1.5172099181543284,1.4292596141511371,1.0615355692782424
2018/7/12,4.378989067565732,3.9967047680177648,1.0956498720163332
2018/7/13,0.1334703007327022,0.0413249190802012,3.22977766692465
2018/7/16,3.6481604689941456,3.02658909801457,1.2053702537246709
2018/7/17,3.511301680647355,0.6744924168259792,5.20584308000201
2018/7/18,4.60378130411796,1.0553624983465384,4.362274868901268
2018/7/19,7.422397790926821,0.3096819434594425,23.967809385369915
2018/7/20,11.343429770679828,1.7019585396869743,6.664927203670967
2018/7/23,11.390309743241854,10.404438320371296,1.0947548913755658
2018/7/24,2.6830897518855266,4.728424590158352,0.5674384143653376
2018/7/25,3.3162942304371104,3.276284394264576,1.0122119545673676
2018/7/26,2.2225020246358307,0.0836259193961989,26.576712587232272
2018/7/27,2.041330953980909,0.0637816169415586,32.00500476259995
2018/7/30,1.020621508977279,0.1084630388880555,9.409855370460905
2018/7/31,1.4902738714077783,0.1975598188684197,7.5434057387972295
2018/8/1,3.1641967477305437,0.1592050123808185,19.874981951961306
2018/8/2,8.091504615539721,1.3224180011997784,6.118719352125133
2018/8/3,0.9166028365565044,0.2395883424439197,3.825740548169839
2018/8/6,2.22027706151809,2.071883903490582,1.0716223325918524
2018/8/7,1.3235565117080224,1.722157493878662,0.7685455693875558
2018/8/8,2.773922842173874,0.0809332741178856,34.2741952850374
2018/8/9,8.764805801986585,13.846479001338984,0.6329988873806119
2018/8/10,3.17478144773678,0.5835646343237232,5.440325305895114
2018/8/13,1.1254021205513287,2.1947551903150004,0.5127688616559583
2018/8/14,0.3832010191805913,0.1118355103035796,3.42646998382164
2018/8/15,3.2037766817298072,3.235488446238099,0.9901987705920684
2018/8/16,3.0885472324801637,0.8014673273850338,3.853615895431744
2018/8/17,2.2242340204942685,0.0278536756226769,79.854237215408
2018/8/20,1.060705363768977,3.130327897409237,0.3388480052351231
2018/8/21,6.933604646288472,0.0471166200849446,147.15836224644647
2018/8/22,1.424990775928387,0.1442148213854669,9.881028608838877
2018/8/23,5.024020643007665,0.5208864111779052,9.645136703886378
2018/8/24,7.547760521975644,0.180810715338526,41.74398905421185
2018/8/27,0.9343719998913974,1.1552198822960793,0.8088261067964555
2018/8/28,0.7975436052111792,1.333161787032949,0.5982346726170211
2018/8/29,4.500975353487505,6.942132152947429,0.6483563340949252
2018/8/30,0.9057474861829476,0.1451107386489448,6.2417674571566515
2018/8/31,2.683808112507775,1.4749240330990523,1.8196246398322382
2018/9/4,3.8376959776501858,0.2326794803858368,16.493486968796695
2018/9/5,2.736775499284489,2.22217276890014,1.2315763821725934
2018/9/6,4.337253254325989,2.726167315595161,1.5909710418412473
2018/9/7,3.2760398775767428,3.914677214591088,0.8368607928556748
2018/9/10,11.412141593613018,4.302422030883604,2.652492366321689
2018/9/11,0.1259762909879704,0.333960977896449,0.37721859536245506
2018/9/12,0.0624312388412466,0.003722079981164,16.773212600800314
2018/9/13,2.6913933847110565,1.7214267003633872,1.5634667361339945
2018/9/14,2.80452889258586,1.2816780746360454,2.1881695162665977
2018/9/17,1.992479136200608,2.0001236408325407,0.9961779839626561
2018/9/18,0.1694065063673447,0.0809862062562053,2.0917945684653487
2018/9/19,5.547424694449974,1.0598522037194738,5.234149322878882
2018/9/20,0.0217209282361821,0.0590412451942582,0.3678941418785401
2018/9/21,3.603519109614529,5.257503198617249,0.6854050246821103
2018/9/24,5.681709333456891,5.699918343662047,0.9968053910411887
2018/9/25,1.622252179025519,0.721047363876653,2.2498552249100685
2018/9/26,2.3936087317341856,0.3236260761444716,7.396217141246809
2018/9/27,6.247299565958561,0.2814587649211159,22.196145029306457
2018/9/28,12.78401521228646,0.4338695797568422,29.465110735468322
2018/10/1,0.9160710828917876,0.9640927669506858,0.9501897683448189
2018/10/2,1.218795214744517,3.33840669728808,0.3650829048883087
2018/10/3,1.0638479103585756,0.0637782236124119,16.68042554499025
2018/10/4,0.8335256278088238,0.3330173956261872,2.5029492115314547
2018/10/5,1.4605107505409345,1.191338934183142,1.2259405855331622
2018/10/8,0.1843098786372394,0.2145273726006468,0.8591438770862181
2018/10/9,1.0591694424193714,1.9628285173792024,0.539613844531661
2018/10/10,2.014657837728939,3.2010503443677507,0.6293739932187352
2018/10/11,2.5828190790868675,5.14442131553752,0.5020621214063605
2018/10/12,1.2749697830280755,0.0341293214652164,37.35702112705309
2018/10/15,6.399411477355472,6.231501896663204,1.0269452827707843
2018/10/16,7.761216368058454,12.10948429142037,0.6409204703752177
2018/10/17,1.0313151728324126,1.4904155875564655,0.6919648327908677
2018/10/18,4.440706076493242,4.749744235544561,0.934935831546751
2018/10/19,10.746625698776272,22.94559062651452,0.468352542050416
2018/10/22,3.539287475619531,1.226886346597796,2.8847720780609505
2018/10/23,1.204178097718471,0.5860777245267362,2.0546389110605716
2018/10/24,3.8514738632879753,6.362589678924942,0.6053311713696334
2018/10/25,5.878153606154299,1.462272555880134,4.019875489365435
2018/10/26,0.7696026327937533,0.009131876123261,84.27650817923356
2018/10/29,0.65581718618592,1.0985878084423075,0.5969638304249945
2018/10/30,1.2226969591821315,0.8165944621809333,1.49731233287646
2018/10/31,3.123292311689115,3.680494940852057,0.8486066036993529
2018/11/1,4.290722471960601,4.162892487696722,1.0307070107243161
2018/11/2,1.0061061880211606,2.7246640352724003,0.3692588058551499
2018/11/5,2.4243635412401536,5.696947917090392,0.4255548017153633
2018/11/6,2.3938930667353406,4.347247713186222,0.5506686585800256
2018/11/7,8.864174750043702,9.971594386177362,0.8889425709424397
2018/11/8,1.9589667321718476,0.4651443000462184,4.2115247504423845
2018/11/9,3.6132923517806255,3.2199917514336747,1.1221433564765615
2018/11/12,2.135576974965716,4.124863829781918,0.517732721149882
2018/11/13,0.4051371685710113,0.1098743165109647,3.6872781686936036
2018/11/14,0.1429815956374724,0.1506079098580459,0.9493631229079428
2018/11/15,2.0609822822195616,1.5999072937075998,1.2881885658783854
2018/11/16,1.9853459371798268,0.1905139230398258,10.42100181184554
2018/11/19,4.574082964532711,5.5537457991030506,0.823603227441818
2018/11/20,9.763749558470536,12.807432399072866,0.7623502708612647
2018/11/21,3.721216696917512,1.7622584532253052,2.1116180150005235
2018/11/23,4.683047254691249,8.878964785104118,0.5274316734027157
2018/11/26,1.330209005906452,0.1082516434448229,12.288118346992809
2018/11/27,1.68953916170626,1.7793088942735489,0.9495479773881872
2018/11/28,6.209185434538803,11.376091087599187,0.5458101017938659
2018/11/29,0.6433433098156609,1.004267975711924,0.6406092052866625
2018/11/30,1.8254752127131928,5.1327495294778505,0.35565250208086746
2018/12/3,1.8844796377905,0.2433908394986536,7.742607082798302
2018/12/4,7.594698395996952,10.871913619468756,0.6985613261677164
2018/12/6,11.3903644685038,5.203026309905262,2.189180640278407
2018/12/7,1.8090144225329217,1.7970544989715769,1.0066552926292383
2018/12/10,7.472841504814545,0.5635796340242504,13.25960175575293
2018/12/11,7.779419624591014,11.250355686344465,0.6914821043421385
2018/12/12,1.4913632975036666,2.293785712798336,0.6501755108083993
2018/12/13,4.650092573796676,5.440021444826266,0.8547930593580927
2018/12/14,4.412776700697388,8.641307713481186,0.5106607526327381
2018/12/17,8.644536736034457,10.347247822197865,0.8354430941036711
2018/12/18,3.519923796947408,9.7774091707425,0.36000577816465706
2018/12/19,1.3533769292437845,3.002703254990157,0.45071950649622916
2018/12/20,2.689957560481143,0.162106650785094,16.593751998782825
2018/12/21,6.356353637945078,9.39709740842841,0.6764167020599319
2018/12/24,0.3386028934958213,0.5303638771873447,0.638435059513327
2018/12/26,1.3842344536554194,0.4864001988145376,2.8458755918050564
2018/12/27,16.091520750666735,26.4361960970084,0.6086927442820603
2018/12/28,0.3249517594012333,0.0623029064709421,5.215675765508466
2018/12/31,1.473667923205064,2.179059528582417,0.676286216083209
2019/1/2,4.459068121887377,1.9248770325618048,2.316547003500185
2019/1/3,6.136301957879696,9.588033273497915,0.6399958972650753
2019/1/4,11.473536455487118,12.122834324631722,0.9464400938132651
2019/1/7,8.593074042486952,8.31878740090242,1.0329719499208236
2019/1/8,2.0176720539031394,1.1396584002960224,1.7704182704037068
2019/1/9,5.762201236868618,13.522545801854433,0.4261180787480425
2019/1/10,0.8750812251257244,1.0947791828334998,0.7993221270985855
2019/1/11,3.2564658565326803,1.4627124658784625,2.2263198902710806
2019/1/14,4.378552953939148,0.6642401850923363,6.5918218322345
2019/1/15,3.0194187275208244,2.477804388027472,1.2185863993583934
2019/1/16,1.7616847590149287,1.4118916886610382,1.2477478075429536
2019/1/17,0.8287069327635773,0.4540725666746023,1.8250539530115364
2019/1/18,1.2972588069613298,1.4226022392408542,0.9118914417381969
2019/1/22,11.978067111944185,5.208070956942813,2.2999047461088016
2019/1/23,4.085184324859092,9.795825894976092,0.4170331699090557
2019/1/24,0.92219013711264,0.6384759793438001,1.4443615217293373
2019/1/25,1.44335316998232,1.8792895331856236,0.7680312929406155
2019/1/28,1.0134546632133952,0.6197391322731174,1.6352923519549003
2019/1/29,0.7113604550768213,0.9608676686558838,0.740331346637891
2019/1/30,3.8606825678308905,4.436860091335881,0.8701384511469886
2019/1/31,5.689247869542895,3.5132641725798908,1.619362390663927
2019/2/1,3.724297597939925,3.5429664844854365,1.0511805895563882
2019/2/4,4.022751981997622,3.4829054439523106,1.1549989073009999
2019/2/5,4.56538363649729,6.590533831364473,0.6927183371353842
2019/2/6,0.3100479387904865,0.1985103132580362,1.5618732029678812
2019/2/7,2.915628451979204,4.152322590972688,0.7021680970351134
2019/2/8,2.309031518379716,3.7574279063772815,0.6145245034404307
2019/2/11,3.021079586875544,2.48828731827752,1.2141200755573682
2019/2/12,1.4111712697469063,2.110116312261577,0.6687646844616084
2019/2/13,0.8341166529230468,1.2045369260349852,0.6924791053676841
2019/2/14,3.7316525834134335,3.721377260454663,1.0027611613227074
2019/2/15,0.9057276554267198,1.393681196320481,0.6498815208370259
2019/2/19,0.1655702790007804,0.3606278700419025,0.45911670382420045
2019/2/20,0.4280198181592394,0.7436310418164691,0.5755808917197895
2019/2/21,1.0037466721251582,0.0868846906576317,11.552629865259146
2019/2/22,4.492701770593576,1.3322201067493624,3.3723419634881786
2019/2/25,4.488914220894444,0.3489653316181115,12.863496210583078
2019/2/26,1.8380274508532888,0.0588300396429905,31.24300887790217
2019/2/27,6.16500573726143,0.2171343121400559,28.392591094883613
2019/2/28,1.748382142033888,1.6141653223473913,1.0831493638404477
2019/3/1,1.8311268990354657,2.727980806670452,0.6712389231471126
2019/3/4,9.145546085464822,15.05779487546637,0.607362908121802
2019/3/5,1.6647275467258833,1.528183594920432,1.0893504892077843
2019/3/6,8.94788247321443,1.4965283194999122,5.979093316593234
2019/3/7,1.8559879324706337,1.8938519581111044,0.9800068714567132
2019/3/8,0.4852476997627675,1.074866024405854,0.4514494725340252
2019/3/11,1.633641939587848,0.6800925091971004,2.402087829957844
2019/3/12,0.3663198264357495,0.9161942950483613,0.3998276658297827
2019/3/13,0.5419222654009429,0.0225882981331422,23.9912835489726
2019/3/14,0.4068325199269288,0.3616293965450623,1.1249984758256062
2019/3/15,7.06756397150425,0.994540628333556,7.106360233212997
2019/3/18,1.777115057473354,0.0443731894225028,40.0492973482797
2019/3/19,2.04074136962876,1.8636057572879,1.0950499383510413
2019/3/20,4.726561990995526,0.7402179585109192,6.385365197709943
2019/3/21,2.592443419733966,1.5130823728696574,1.7133524692493982
2019/3/22,4.936684790653302,4.633787329225955,1.0653671478440387
2019/3/25,3.7411289053471672,6.94084636236561,0.5390018320578557
2019/3/26,9.257556270171865,7.973178124752947,1.1610873512823614
2019/3/27,2.0230882454046557,2.949052435670693,0.6860129785873244
2019/3/28,2.7086692312691643,5.198791006883469,0.521019065333218
2019/3/29,0.7442478633634125,0.5819656054774464,1.2788519739973796
2019/4/1,5.763423129196272,0.1357615009609409,42.4525589979624
2019/4/2,3.616112894498195,1.234244332550131,2.929819322748496
2019/4/3,12.434927022609466,5.85032012300928,2.1255122388436423
2019/4/4,5.903695528416817,0.2035159426723782,29.008516241504676
2019/4/5,3.0684530047170155,0.1018098574264497,30.139056102045444
2019/4/8,5.431632091616071,1.1517159779148445,4.716121158143449
2019/4/9,0.763045273728364,1.0441415646805865,0.7307871839790108
2019/4/10,3.589476896986603,1.5786323034042324,2.273789082642042
2019/4/11,1.7547445899743108,0.6781146984920843,2.5876811015545242
2019/4/12,7.841705109316225,17.515715831397234,0.4476953830947536
2019/4/15,1.294254534025014,0.7083669878686158,1.8270960620557115
2019/4/16,4.9712113343782764,0.9451512526408614,5.25969924971071
2019/4/17,5.9897906581741776,4.867271184788953,1.2306260388558765
2019/4/18,10.287823648008164,25.683511621549076,0.4005614107448
2019/4/22,1.2342018754058035,0.1546883247804789,7.978636249098195
2019/4/23,4.636603897759653,2.8734066063952155,1.613626100615265
2019/4/24,50.092544459686,6.299512155596251,7.951813286872644
2019/4/25,1.7131391160560483,1.9485321354073013,0.8791946947787705
2019/4/26,5.080242152764335,5.110318208024344,0.9941146413910619
2019/4/29,9.8436432269998,2.8729281208688224,3.4263451130211067
2019/4/30,1.3505256413083642,2.6839214704139995,0.5031911910224569
2019/5/1,13.042800339422293,0.8133676063497225,16.035554204028994
2019/5/2,2.923086260970248,0.6808837195971728,4.2930770362663635
2019/5/3,9.713851357838822,16.98758767704019,0.5718205281711489
2019/5/6,14.79733561789046,15.264524400323712,0.9693938199330111
2019/5/7,1.738898879537061,0.4958194655386359,3.5071210398083097
2019/5/8,0.904815941329671,1.3096887613298165,0.6908633318430171
2019/5/9,2.856711757893448,3.048339675257815,0.9371369539557103
2019/5/10,7.37088874134489,8.86952199977258,0.8310356230621994
2019/5/13,8.053277680761841,0.3378095684292844,23.839696780074124
2019/5/14,8.451958964951537,4.79236277857629,1.7636308759293124
2019/5/15,2.7896394575133177,1.0190302897175347,2.7375432169799176
2019/5/16,5.198521446884158,3.2662960486797257,1.5915646865462363
2019/5/17,4.475860277507811,0.2000725593114697,22.37118519856521
2019/5/20,3.1959740631273674,0.6170033444312091,5.179832641059035
2019/5/21,1.2365748768890092,0.2296106337085435,5.38552965477486
2019/5/22,2.878753268864668,0.1707466090218714,16.85979759923619
2019/5/23,1.0128889768796112,1.4563283871068184,0.6955086406657526
2019/5/24,11.122730112243842,22.14972735605932,0.5021610394315345
2019/5/28,0.1324337396403308,0.1095216963398852,1.2092009534744723
2019/5/29,5.15581700461643,8.391297964260866,0.6144242555294092
2019/5/30,1.34228223326594,2.882404262766591,0.46568146273055744
2019/5/31,3.192573400522278,0.5462547019884957,5.844477656486176
2019/6/3,1.7576130539244244,3.41678904477897,0.5144049079091224
2019/6/4,1.9041606835425,0.0966818309063465,19.695124365063148
2019/6/5,7.825793768836003,7.686255039247985,1.0181543194800975
2019/6/6,1.439116834899747,0.0496840485658792,28.965369699925553
2019/6/7,0.2319600867643619,0.0709000689682217,3.2716482528152313
2019/6/10,1.291440157624838,0.0368360457620867,35.05914196018417
2019/6/11,3.422689404847349,0.5816584186366628,5.884363219343959
2019/6/12,0.1306671824055854,0.0101865250885979,12.827454040421037
2019/6/13,1.3935396111135083,2.452669857050509,0.568172519064318
2019/6/14,1.3398865978405263,0.4268460113510901,3.1390397525313656
2019/6/17,1.7575253987448192,4.445244807965441,0.39537201541645284
2019/6/18,1.1022953474927497,2.8161375639303023,0.39142098795569735
2019/6/19,1.2475158702890607,3.660127291781659,0.34083947656416097
2019/6/20,2.6070763758101547,0.2241462331288832,11.631140704073736
2019/6/21,1.3134718802137284,0.6383095415021641,2.0577349934683298
2019/6/24,2.184152831683049,4.2593021492477785,0.5127959358480322
2019/6/25,2.9057118043789267,2.781037552520169,1.0448301216737537
2019/6/26,11.748526089503327,2.1699483234573127,5.4141962564273225
2019/6/27,0.7309891061059623,1.0566582957594126,0.6917932779589885
2019/6/28,0.5038298814916162,0.808902982129845,0.6228557597414587
2019/7/1,0.3234840937247328,0.1301877310438754,2.4847509909801975
2019/7/2,0.9385280672163782,0.1742206056489137,5.387009554470747
2019/7/3,0.971525717706448,0.0374467139544752,25.944218199961508
2019/7/5,3.0867845524120545,1.2369429626154185,2.4954946555379496
2019/7/8,3.5278870610542934,3.5718276873381742,0.9876979994192758
2019/7/9,0.218540865851043,0.0948583920761651,2.3038643294266357
2019/7/10,2.046632709783633,1.300389275028517,1.5738615729038146
2019/7/11,1.0961394537395726,2.3558414443909994,0.4652857501719229
2019/7/12,0.4970224117469974,0.2521350265753839,1.9712549204201764
2019/7/15,6.287191163906583,2.699604128147681,2.328930785944718
2019/7/16,1.576062982425309,4.325200375674382,0.3643907439038753
2019/7/17,2.8357266622433865,8.110108399065785,0.3496533613003296
2019/7/18,7.43994219810236,0.8235723048926774,9.033745008062024
2019/7/19,2.9231117982239856,4.9460908397956,0.590994361588552
2019/7/22,2.063022288236629,2.7168440890342955,0.7593451153724217
2019/7/23,0.754119043282989,0.1999292938665583,3.7719287088880606
2019/7/24,3.160685417474009,4.700931878955766,0.672352950193378
2019/7/25,5.00503899512924,0.2690968751140743,18.599394708717917
2019/7/26,6.221152320354424,2.037382701566796,3.0535020816512333
2019/7/29,3.1357375928333484,3.281136696333601,0.9556863620882592
2019/7/30,1.7908560767471589,2.98609055757058,0.5997326746192726
2019/7/31,0.9073169675369968,0.4830250070443044,1.8784057850109925
2019/8/1,2.3651568315152325,0.0329427861487362,71.79589549094554
2019/8/2,5.881263687898689,12.245434364362334,0.48028216173489313
2019/8/5,3.551166316537326,2.779208529816284,1.2777617362782314
2019/8/6,6.897022296534785,1.482572422589151,4.652064338610783
2019/8/7,6.514212621656845,0.1828307059538954,35.62975151066551
2019/8/8,7.240216348346685,0.586110299614944,12.352992863464912
2019/8/9,1.4363510961657335,1.1880708562837945,1.2089776367872056
2019/8/12,2.1881365428481496,0.4661061862416051,4.6945022560029575
2019/8/13,1.7469442708326763,4.485661861230921,0.3894507265318687
2019/8/14,8.851881293641954,0.2055699007360645,43.06020123542829
2019/8/15,0.6996642918474024,0.0218359714399595,32.04182116519109
2019/8/16,8.173327141783162,8.192203882033578,0.9976957677662521
2019/8/19,3.3787972458373146,0.2548244843546094,13.259311617542362
2019/8/20,8.199936350643204,22.7980467723703,0.35967714394642686
2019/8/21,9.12271631048281,6.425754981783066,1.4197111991268878
2019/8/22,2.026288100762327,0.5420908934896019,3.737912082821576
2019/8/23,0.6206446648208983,0.0616784158441255,10.06259088089097
2019/8/26,1.4693954257582529,2.785625829594103,0.5274920307485662
2019/8/27,7.182885745856459,0.4358185336160098,16.481368257241538
2019/8/28,6.431397904139816,0.7114849363628094,9.039401363882476
2019/8/29,2.6700352118961077,2.4595401316378167,1.0855831045611448
2019/8/30,4.372168453817449,9.382691828975796,0.46598231440525845
2019/9/3,2.495781566713819,3.631099666105983,0.687334911242002
2019/9/4,0.8213085503720793,1.1003359815070766,0.746416153043703
2019/9/5,0.3427831915449045,0.0583497210516978,5.874632909404981
2019/9/6,0.6836791926643676,0.408173333963835,1.67497270344697
2019/9/9,5.2206822352942535,0.8109523068263707,6.437717966085064
2019/9/10,3.384801160625625,1.6301971836932312,2.076313954215844
2019/9/11,17.189194758257305,22.631922291436197,0.7595110365309803
2019/9/12,9.387397882586583,1.4147754169318818,6.635256571636178
2019/9/13,4.332530584418195,4.498789443324523,0.9630436451848109
2019/9/16,1.0377900609403454,0.9616629098794872,1.0791619914616424
2019/9/17,5.659148218649436,12.373614310654752,0.4573561189616538
2019/9/18,9.127485736981816,13.877282837336889,0.6577285945649444
2019/9/19,6.968689375767683,9.497545373516012,0.7337358340187491
2019/9/20,5.8041371559763775,0.0768908665559523,75.48539138589102
2019/9/23,2.0547127903406284,0.0903333009016178,22.74590621434747
2019/9/24,2.5852815351996705,5.601746585078633,0.46151347547318233
2019/9/25,2.9435619258290355,0.4398112630183952,6.692784322137563
2019/9/26,2.7530082842736965,7.824849557855503,0.35182890915901427
2019/9/27,2.0028606746745137,5.300780221424752,0.37784261769226524
2019/9/30,4.450970135273023,9.812156651098316,0.45361792453393074
2019/10/1,2.1790023949923296,4.721090912126616,0.4615463746727126
2019/10/2,4.083323313579652,0.0695925120970148,58.67475092560724
2019/10/3,2.6791920657862707,1.5695026784162904,1.7070324903744123
2019/10/4,0.4224474828557883,0.0705131160673959,5.991048281741176
2019/10/7,0.7347875957395293,0.0249198533308859,29.486032119973462
2019/10/8,0.584461768267221,0.0543445274300776,10.754749298707562
2019/10/9,2.300795369442981,4.84912663470755,0.4744762392829821
2019/10/10,0.5019131280952397,0.1309153231897137,3.8338760953742668
2019/10/11,1.2173035207898493,0.6493351871170154,1.8746920618834126
2019/10/14,0.0673363646506756,0.0182823737498449,3.6831302965374975
2019/10/15,2.84789880338467,7.435944812525666,0.382990847186958
2019/10/16,5.831605547015054,0.3149651721538109,18.515080594902198
2019/10/17,0.1117351196202407,0.2124114279350167,0.5260315827000794
2019/10/18,1.5380754987332033,0.6790230699644525,2.265129959153999
2019/10/21,3.489482123087156,0.501104935922777,6.963575636430977
2019/10/22,3.0673424359863324,5.451345755973571,0.5626761855318287
2019/10/23,3.3042972103389574,1.379325064295432,2.395589912684443
2019/10/24,1.347259641637774,3.556169979169856,0.3788513061887652
2019/10/25,0.8947625275728238,1.8051114602518568,0.49568270285535876
2019/10/28,6.689056291508612,0.2610257601130029,25.626038934290605
2019/10/29,0.4264465606495889,0.6947306680276473,0.6138300499390337
2019/10/30,1.0391875515079534,1.3529451217250588,0.7680929069635493
2019/10/31,3.1644523194327427,0.1959447510994782,16.149717212002265
2019/11/1,4.434592528813496,5.708307202249679,0.7768664810236205
2019/11/4,1.4347381681295304,0.0231017738948014,62.10510823380494
2019/11/5,2.864365158420348,0.1268641308416836,22.578211346395843
2019/11/6,3.6759928174976566,0.3795397190650312,9.685396897466227
2019/11/7,0.5196375426820544,0.1834108606290484,2.8331885085749104
2019/11/8,5.6742689755292455,12.28603683118602,0.4618469774668163
2019/11/11,1.9693817520605976,0.1719344484926747,11.454259279195604
2019/11/12,1.0100410017312165,1.874261426132518,0.5389008105530965
2019/11/13,0.7534441963058214,0.3792756928599511,1.9865343613887572
2019/11/14,4.460742771976206,9.798727943106806,0.4552369244126471
2019/11/15,1.7749806565701376,0.0450811330311052,39.37302674592122
2019/11/18,1.2320150298184147,0.6918084966806303,1.7808613738191306
2019/11/19,13.562427783658045,23.41616742914076,0.5791907588933612
2019/11/20,9.924551659652304,1.3920371692083322,7.129516279580747
2019/11/21,5.533976769986958,12.348797653470417,0.4481389140287459
2019/11/22,8.392700783356005,1.3276870464067656,6.32129446925757
2019/11/25,5.632419878729427,3.359586896689567,1.676521564088561
2019/11/26,0.8327479735116523,1.9103394263434337,0.43591623667926327
2019/11/27,6.264237307004192,14.835890451711482,0.4222353439042511
2019/11/29,3.800889417885987,1.5244673069211565,2.493257415642672
2019/12/2,0.2181356646351997,0.0516820467962617,4.22072418097377
2019/12/3,1.5013484167390874,2.227122680645909,0.6741202133973451
2019/12/4,3.0859217816596995,2.4761517001458397,1.246257158427711
2019/12/5,1.2547917738660823,0.5147928936931152,2.437469105030235
2019/12/6,9.570645888072516,0.3683307962623872,25.983832970769814
2019/12/9,8.305064675798096,2.634095839237016,3.152909074942283
2019/12/10,1.3732640033584604,0.2332898264414265,5.886514745653747
2019/12/11,2.506069455369675,5.341439154556633,0.46917495132970244
2019/12/12,1.1945282129996382,1.011562757364834,1.1808740528481272
2019/12/13,2.2198703228241827,0.7313131468525373,3.0354579736166007
2019/12/16,0.8307743959245019,0.09449511435073,8.791717980688214
2019/12/17,0.7378704884239211,0.0402533679258457,18.330652227242645
2019/12/18,1.6614072060026828,2.393787565427867,0.6940495597844423
