Day,A,B,C
0,0.02863824862042142,0.031898359151694936,0.02039679500375833
1,0.011386188122636812,0.014520759686753398,0.013427413373519216
2,0.018704720369520013,0.025750318518129922,0.026616861839038664
3,0.03466986133096884,0.04349816290897986,0.03234566504685088
4,0.029947502965617562,0.03485963977070549,0.027292919839823064
5,-0.006037140708902807,-0.011239072331500087,-0.012266579761317387
6,0.018342328832040355,0.013228013818598913,0.014307034985097026
7,0.00441002124631571,0.008934128114485105,-0.00014227515707664236
8,0.005018928643796763,0.004159408711791414,-0.003830795430742435
9,0.01151826120025003,0.012403742569813666,0.01110891117041634
10,0.008146578389028434,0.010191967486209517,0.007893180514262525
11,0.02471982181171172,0.02521901503616148,0.018658510883058685
12,0.01595100570744756,0.018035098474845364,0.013475933462860135
13,0.00786363606616032,0.015835143422127326,0.014366219623367623
14,0.011939030460660669,0.01592501037839682,0.01143144519245714
15,0.010545238805246177,0.01379033214837225,0.007563484385705345
16,0.025223326822622263,0.02526370525208518,0.017278385131354667
17,0.003729485743114663,0.01157027504128773,0.0120653941709822
18,0.010284583316540377,0.007842227425298057,0.004614402178708335
19,-0.0044789961838186025,0.000704129209148141,-0.003817328988960529
20,-0.02596849532466121,-0.03785058877642661,-0.029957354780492988
21,0.014592249250863502,0.02195485483228717,0.01916081739301761
22,0.0172589044415139,0.02582742219761617,0.024864480641321164
23,-0.003063172136422044,-0.006282817110920507,-0.00433718267556653
24,0.035034932686336326,0.04337823569446776,0.032616398416361256
25,-0.012071877009660795,-0.012754966829050167,-0.008705028973805925
26,0.006903359868435923,0.005710587727832479,0.006867999028767455
27,0.003956846091212751,0.00016570306206532825,9.533067527306492e-06
28,0.02571284919048152,0.02668843091194735,0.021209709066284724
29,0.024910636971649407,0.03160358257392565,0.02610547853310309
30,0.008284502451464592,0.009672243773378622,0.007516889374849775
31,0.01110797487094052,0.01154509329390727,0.010027004255359757
32,-0.004905144826649595,-0.0028289849077024025,-0.0054947616026255995
33,-0.01873075836288304,-0.020870258235742525,-0.02033421024750503
34,0.0019237760502757283,-8.045164234506564e-05,-0.0027083776506839
35,0.008302230729088249,0.006164144145956885,0.006962164635971813
36,0.021886638261051236,0.027918664819935653,0.02315332162165565
37,0.021533591059727072,0.024140321394803262,0.022601781553725685
38,0.0014252155528436212,0.0020239719839757904,0.0010288090548213665
39,0.0025006943813294094,0.00798552828448229,0.002771910990271369
40,-0.006938707147403169,-0.006737947205223629,-0.0017709616886818049
41,-0.011637408678781075,-0.016691618084957362,-0.013412641108446833
42,-0.015258245103762117,-0.017801838833091402,-0.010182829877456893
43,0.03100012912972728,0.034187627103312475,0.029240974514355537
44,-0.00012209151490055487,0.004940083861761862,0.01087308704407818
45,0.0007833050104210813,-0.0008359019217902598,-0.001363704740462078
46,-0.009522191799057174,-0.010771182506107521,-0.005768606921842877
47,0.01615911685331121,0.02036407607018832,0.019110001656746523
48,-0.01408981711616861,-0.016404186340892822,-0.01487881271364227
49,0.0036335799781823815,-0.0018331796333555406,-0.0020119806848458532
50,-0.005002300287225487,-0.01057674536250204,-0.013083818794605137
51,0.011218527822911512,0.012031776216490665,0.004727697548993918
52,-0.00013667538059637316,0.0008461216937752807,0.0010771430485752797
53,-0.008609391802567659,-0.010766966294452635,-0.006105864491540066
54,0.005968075195980389,0.004134924163344392,0.005325548478448712
55,0.011742572541602657,0.009826994949136875,0.008936848150293728
56,0.007165939025771734,0.007329290378683736,0.008592532166698797
57,0.010150555820541739,0.010699215654235355,0.006694584357797773
58,-0.001699055024457421,-0.00041713475618344225,-0.0011955320271538833
59,0.0017362021778385313,0.0010515330304224871,0.0031734742301002816
60,-0.002181471285058102,-0.0007118365845308144,0.0008001724147122228
61,0.001776527598806494,0.0002513854361566837,-0.0004635670413614458
62,-0.003961021968295854,-0.005562635581260074,-0.000273389884079947
63,-0.015511384313626423,-0.019714280467398045,-0.019857091067014367
64,0.008568838224252357,0.007808544287614656,0.0046066294044735485
65,0.0012423838049250655,0.003467659328104936,0.0018779450113795052
66,-0.014296003936679815,-0.019728021170030155,-0.013200306926967255
67,0.012178339273022719,0.012964431834030673,0.010379088125306968
68,-0.0051519620748489885,-0.006413579112720192,-0.009120050459538901
69,0.006981618379035697,0.0042752673520539,0.005045637816708628
70,0.015546902508391278,0.017628748450364877,0.017542122178091295
71,0.007956074429263365,0.007297941104165725,0.008176239092520363
72,0.020736960643184112,0.02365690144023362,0.02088346092896324
73,-0.009294893103277035,-0.011343380707997742,-0.01500180426529455
74,0.01141381925494174,0.011167034125408017,0.006087936398232862
75,-0.0023376832878169553,-0.003501160667450392,-0.0012764557947558374
76,-0.004690254165247946,-0.001489931038173813,-0.0013655165109950477
77,-0.0009973781335851075,-0.0012784359647348461,0.0006297234591641256
78,0.0023836928710756315,0.006482068430065345,0.001181127586574503
79,0.007034996948372101,0.00953770797137701,0.007435702857786192
80,-0.008413553928695052,-0.0076481539126216904,-0.010513396598678875
81,0.017719209221869512,0.018813996770582393,0.008873123342744694
82,0.012214771041693308,0.014989470834573483,0.012926912271589082
83,-0.01310756103841998,-0.015305603402509197,-0.009579982994263287
84,0.025149621980882386,0.028242253688970504,0.023370510294100547
85,0.030305867270402957,0.033765029096413955,0.026907679244726024
86,0.021235068536900863,0.020769449300379623,0.011676036382274395
87,0.004048666165141315,0.009589608348594153,0.010853276580895424
88,-0.0072195130579413075,-0.011738423603212155,-0.009530021077586073
89,0.019662431879537964,0.027852043080944335,0.028478313617532423
90,0.0012247255103040502,-8.672606974586628e-06,0.0029729214003416018
91,0.02178739826775001,0.023417434627535573,0.012393184359490782
92,0.008959048561714816,0.012719436644471498,0.01256322605176767
93,0.01867817054882002,0.02041780048191964,0.011918008202120176
94,0.01083227330681397,0.014796352908214473,0.009435346704189123
95,0.01526207750052793,0.017262049791600162,0.013016677596223446
96,0.006457371244163781,0.009268081144467463,0.007117013330131612
97,0.02891422878766593,0.03163540138441932,0.0265655327073426
98,0.007929880422584261,0.012144819385523692,0.006481303863293173
99,0.011409363254922708,0.015234341019064903,0.00854866519645675
100,0.030144736840462778,0.03326549337621174,0.028511675112990825
101,-0.010723398161024307,-0.004510381205403242,-0.0036502059906016117
102,-0.009745949992825211,-0.009987121011261434,-0.007438280812564859
103,0.01858656153653214,0.0295469666923286,0.016700537497315565
104,-0.008514412426115912,-0.005156803737823512,-0.004685600580297541
105,0.030909634741171706,0.03649441368246054,0.026378797949113037
106,0.0010926430696241033,7.453924044557598e-06,-0.0029053130735174413
107,-0.0031300832884811483,-0.005031949908698754,-0.0011101460914279132
108,0.03064806176888809,0.03099061572017752,0.02132767592587301
109,0.02505175072234447,0.02786167701373369,0.01883329908792831
110,0.029947515238753657,0.03671736097142482,0.02832714134072366
111,0.017785214448253334,0.02616775884305506,0.022358145384223486
112,-0.004569183656510018,-0.007926739649760244,-0.009136891750950355
113,0.03048517824295931,0.03937152177072091,0.035399923530354066
114,0.0029345510290992812,-0.00043958670619247044,0.004233151075146214
115,0.01647491505508146,0.017915791348663224,0.011545252712016405
116,0.0183064502653026,0.020520553690655172,0.015641426391948602
117,0.0043638155024096955,0.006412348479714202,0.0026674907320651388
118,0.014092113217999457,0.018356675941204062,0.009355694573881409
119,0.01798964954254902,0.024630771252132685,0.02066282207734781
120,0.01108600351189861,0.01574080471379896,0.014912474434455071
121,-0.007581886918206653,-0.008329298886617672,-0.0003013656947178948
122,0.010097002983141624,0.013350845919940157,0.007842818710595955
123,0.02310215727975996,0.032745963852661514,0.03042231745853903
124,-0.0024611103848610873,-0.004569022910739231,0.0005896767613182028
125,0.004431811464065728,0.00776807981296476,0.006840130951206396
126,0.0008202498989277208,-0.004733553266421293,-0.0018826344622816132
127,0.029716096825656384,0.03696006927796504,0.03232958727424049
128,0.014828486084931772,0.01626601406944985,0.019255463420824792
129,0.011478585168802558,0.01378243299532645,0.012536909739660387
130,-0.0034141982893550775,-0.0008079964498443528,-0.0008365698517335499
131,0.013145578003880673,0.01629534304540715,0.010297208193289517
132,-0.002205153112938142,0.00015302505109859692,0.0010879290436406428
133,0.006727183573703433,0.012733073839698478,0.013425152958994912
134,-0.0017183320755160712,-0.0008315753251689664,0.00010826562094273123
135,0.014880834909150376,0.021560158888769616,0.014781793244294216
136,0.013617916354095441,0.015308823140516825,0.012528742197620978
137,0.0036897613147160915,0.004401751650365497,0.0031129821479758315
138,0.011333688043243317,0.011947757946644835,0.010395383816747471
139,-0.007501700640656931,-0.005703856021181931,-0.009818310783187114
140,-0.01253852696354089,-0.013736760518878701,-0.009247661885250792
141,0.011882469564225652,0.012654947269752938,0.012006851162783208
142,0.008432826804171664,0.010608497962370091,0.009893548459522365
143,0.014357138225890895,0.020522294318567648,0.01640593638225711
144,0.036469217250333745,0.04363888440958148,0.02920023562874641
145,0.01827138084912507,0.018924867990199087,0.015078790358776463
146,-0.005221834004572229,-0.005849059207046554,-0.0013249720194119827
147,0.02045381793589565,0.01828148319993929,0.01190522022958605
148,-0.010320503108105658,-0.00995353749514908,-0.01425345238901617
149,0.0004859205840039432,-0.0007492501162047473,-0.0054710721516047995
150,0.005461359704288323,0.005069540788133394,0.005048669060469929
151,0.02799681697187229,0.03636537324835716,0.03027143607149254
152,-0.0030959308239290736,-0.008032141057855227,-0.0036230076765734476
153,-0.004129157192877652,0.0012022779088818065,0.0007870780393862253
154,0.005079218446025853,0.004576403455168589,-0.0010833321421388673
155,-0.002067854931542005,-0.004136090686778489,-0.0058972099079774905
156,0.020575497750819197,0.027919993492311744,0.024925392249086607
157,-0.0073356178133016205,-0.006561650145937915,-0.004805033047309394
158,-0.008189902620715818,-0.0020764141642870566,0.00039381040523423015
159,0.000786521133659783,0.0002759333966598955,0.0015956696437286577
160,2.488774888401591e-05,-0.00035089392492361005,-0.0009288573138913883
161,0.030731419753793822,0.032199695828784694,0.02520949872805955
162,0.018333884151698236,0.02095046136948665,0.02263304211588627
163,0.007432000659346353,0.006637034721882728,0.0066209429470512286
164,-0.00917611414035719,-0.012430462868592639,-0.010350999832615317
165,0.017004996029728332,0.014890389257984221,0.013352475869720935
166,-0.006327279273293543,-0.0023414329389911054,-0.0011682562574735224
167,-0.013215425197317828,-0.020338203782572725,-0.023092722890981587
168,0.02135207560821741,0.01676114742124546,0.015464665674017348
169,0.010333597485318232,0.008642188983211367,0.0126720667735461
170,0.017972600466780817,0.019657612232003647,0.013258628189113896
171,0.010356176666655224,0.008792202866592495,0.011631827058914294
172,0.017162700530609892,0.024068381387674125,0.018442411804692367
173,-0.0019103394392269183,-0.002728293082242689,-0.0012545964211077272
174,-0.006757696814719531,-0.00802895984795902,-0.003038392308355501
175,0.014946119794157626,0.019865571993202918,0.013615613153102151
176,-0.0038378624115845113,-0.003700983869310205,0.000968323647952885
177,-0.002397636110677362,0.00021733817087213293,-0.003665821646735316
178,0.0005624742829228868,-0.0028335069428143825,-0.005034287865932251
179,0.006545651136750629,0.006123377105784366,0.0030218256442233644
180,0.0018468471707666781,0.004322189633341805,0.005551196487915876
181,-0.01106735571564492,-0.021295791812702948,-0.01811457298362926
182,-0.0018166450674700517,-0.006528689238519257,-0.010029532668390302
183,-0.021799517150972277,-0.024575144037426198,-0.020344852293283776
184,0.014233177120408499,0.015561131749808324,0.009968979641231815
185,-0.013940049218171022,-0.013767827068578379,-0.00870170817465556
186,-0.007644911729810209,-0.006615041299985075,-0.006377437584878111
187,0.006984397179488328,0.004592574265551081,0.0038978666915805565
188,-0.0030302588467649915,-0.0023503479930723327,-0.003162494887487392
189,0.025842317657810643,0.03481088347262237,0.02922094228320906
190,-0.010028934773314395,-0.011568493213296113,-0.009835359540573081
191,0.009702511313422622,0.008551998231193306,0.007869967215525022
192,0.0058276626062997005,0.00977407029544906,-0.00038175848605959996
193,-0.00845078857124297,-0.008131557500446794,-0.006197711724658799
194,0.01294353969508507,0.017248133592926786,0.015107416826569324
195,0.004154646796704917,0.007249573724807369,0.005169480114072353
196,0.016087019394064837,0.009834625924127071,0.009984505597471193
197,0.016741150476878238,0.022875149741663457,0.0206358003007581
198,0.03368756618467061,0.04614289425283842,0.04103860185654768
199,0.023230445227110184,0.02925730636642243,0.023737288499871247
200,0.0016547334056755897,0.0025951426869084636,-0.003975855064865613
201,0.0032966216181054327,0.006158278400269571,-0.002300761129018983
202,0.02023427121579118,0.025350688318483725,0.015215084796898887
203,0.014613058749067397,0.019596783822073093,0.015557554404913247
204,0.014421649818528389,0.01731063149344823,0.013351062195802605
205,-0.014128500585256776,-0.019378734335752816,-0.014629440355711272
206,0.006016851481355835,0.004044274501191013,0.0012582183879388908
207,-0.0030108793064428695,-0.006769614570483933,-0.007744681234951012
208,0.009865352544680852,0.007496481268284402,0.007752400723234463
209,0.005083040182317767,0.0027231515105123403,0.00425273632125223
210,0.017837509031607367,0.026974623366279947,0.020768099703114846
211,0.01033708362152852,0.014789160216644207,0.01170965429652839
212,0.01627090471290853,0.017548575500934766,0.01531741461634273
213,0.000424768560800811,-0.0007248078219223496,0.00101502816324951
214,-0.005621849864943047,-0.006390281672462464,-0.008729809947974862
215,0.0011377913828434913,-0.0007076657425606177,-0.0028416249234590497
216,0.006109262222253343,0.007544621715831158,0.002144369102711981
217,0.011120487572976376,0.015803585281316524,0.011039888761163134
218,0.03490280420908934,0.04177033660309447,0.035985093644655644
219,0.005790039933621568,0.008010622996830787,0.008135961718679372
220,-0.005767298757295077,-0.004117426117908902,-0.0067664315430581035
221,0.001948193559858532,0.0014772760991514666,0.0028017505056105534
222,0.0004604785444674384,0.001453161202829491,0.0014339886965675096
223,0.012414867753531827,0.013919503453706471,0.009573669371386841
224,-0.013165156590192732,-0.015888404115978503,-0.017158339240045138
225,0.007124763284326401,0.007522828678339281,0.0054654229001292465
226,0.008304223835049565,0.008292635279022452,0.008784279963923839
227,0.00926143893590027,0.011663051835087642,0.00249012609778429
228,-0.0012309617234582872,0.0003144195275350276,-0.0010011159168958478
229,0.003315057037085584,0.004440723725675114,0.010681249960952769
230,-0.011688548676441382,-0.01244914529293611,-0.007832252165812039
231,8.449753444421133e-05,-0.002232148142052069,-0.0009640560193063513
232,-0.0005421595523580373,-0.004457136369881498,-0.005896893289046739
233,0.011587218387554866,0.015223469417818658,0.010033708241720434
234,-0.00830012418058158,-0.007784877060540424,-0.006491282681505599
235,0.01620601654115059,0.019604882369746383,0.020752605743272833
236,0.02522845567438465,0.03453701024280631,0.02910193049142796
237,-0.019858914285596753,-0.02096030151167728,-0.019526248226740744
238,0.011716349167502024,0.022536328287265008,0.021750389751735905
239,0.014886839948995239,0.017229195661014184,0.012858092404020638
240,-0.0017384561423352185,-0.0052447846045807255,0.0011716531748112427
241,0.0012994201864706904,-0.0007812138150594542,-0.002416727139043209
242,0.004643734192442755,0.0037842199509585065,-0.00014522892950228315
243,0.0025577655390008327,0.004574662056186397,0.004211956857673606
244,0.002415816085456689,-0.003925432706378311,-3.39554892503811e-05
245,-0.014875402260121066,-0.013680858283844351,-0.0076639981227153995
246,0.02090052477801889,0.024323907469298786,0.01996253454285855
247,0.019980770340738675,0.023196494654417567,0.015432559641084549
248,-0.003963779185506657,-0.00816971780418424,-0.008133801918978435
249,-0.01222440824821253,-0.015030502807426354,-0.01840676991016052
250,0.012915562593556579,0.015540542933788756,0.009544890507758523
251,-0.0009586504153974978,-0.0015360042187982045,-0.0017931333740929824
252,0.008120136588974898,0.010816363417309939,0.009883223512994126
253,0.0022853348411573035,0.000877821575407558,-0.00037119155708964025
254,0.01507190549493673,0.015253468427150169,0.012022591149066524
255,0.01511251410595476,0.019868982724661366,0.014642337798512876
256,-0.0028536062004317743,-0.003112313555530743,-0.00011490030276412261
257,-0.01117376840777504,-0.012784980843470985,-0.01307122943393138
258,-0.01369820760492511,-0.013088910897678847,-0.007822569659917525
259,0.014045311619449403,0.01362074141277194,0.01709744271788311
260,-0.00871345696756242,-0.013160656153111502,-0.009033432755292357
261,-8.622081969012971e-05,0.003872212632113063,0.0014309600818167845
262,-0.0012182869286105607,-0.006151233228624546,-0.006616821679360556
263,0.005659625773742204,0.0026508261501949487,0.005946502140308899
264,-0.018167662175117543,-0.019214888412280338,-0.01893449930344121
265,0.008712436677772991,0.011208179159206699,0.005950348916967578
266,0.012951310844471351,0.015874346249519947,0.009017167667523779
267,0.007443016082443945,0.008641766800352637,0.0028703976841874656
268,0.002392121737867366,0.002969422750894386,-0.0009284611050387635
269,0.007556580799890597,0.008776612877347477,0.00951918905294285
270,0.011372136697095213,0.017932850214566837,0.01783200370084329
271,-0.028746277217233898,-0.035754587593664885,-0.030808008679161454
272,0.031065106510854916,0.036767819884312304,0.030069903729452452
273,0.011258888919204298,0.019185212072124244,0.01774883385196187
274,-0.0019278330212016215,-0.0022264063092751075,-0.0014631131145532918
275,0.0013793428222440476,0.00871346695241801,0.003950979412781826
276,0.012569949689949433,0.014751964664635927,0.007151753173208765
277,0.004855943749673044,0.010151278350820948,0.011316275159124154
278,-0.01936179718892858,-0.028468814098953903,-0.0212059942082481
279,0.032438553940551444,0.03941213117470773,0.033354199672363236
280,0.004926314316710445,0.0009010318281729391,-0.002781861587535715
281,0.01922883282342584,0.025744998376919667,0.021339061829257863
282,-0.0024292597731492708,-0.006750536527714132,-0.003411357878501472
283,0.025758358665283913,0.03180738852080309,0.026438973024944648
284,0.009946548322393799,0.011043476270222764,0.006478810741360473
285,0.01402588834550865,0.013168505956167063,0.013735853562183912
286,-0.006896970155592499,-0.013397230084398547,-0.015548580450204075
287,0.02164446609146382,0.02435730746833511,0.02242278581554686
288,0.015050141605483625,0.02356452353796642,0.022270217891751924
289,0.02279175231524808,0.026422021545627727,0.026109762274049278
290,-0.0016201937136001996,0.0009562767357379225,-0.0003180340134207761
291,0.0002399900777618879,0.00010760270723418662,-0.0030743930484868603
292,0.035467052536236096,0.04533291653399613,0.03877680336177108
293,-0.007083702102132658,-0.014277643561278988,-0.013633227705728328
294,0.004604912514890231,0.004250901642276884,0.0035398473368085156
295,0.020705219952324327,0.027848547821120943,0.021274934579623938
296,0.007560689249318214,0.008556569621574764,0.003992653654196165
297,0.013698400913923927,0.016164685487588024,0.013946837830912879
298,0.001271880353881017,0.0001650163371474079,-0.004269927765812361
299,0.011005433188952694,0.016841176573823197,0.015345660056346291
300,-0.010201847382274105,-0.011301393863637772,-0.012098819670859243
301,0.027298433743522393,0.03289733115272594,0.02084164957183192
302,0.004829885239755942,0.00782937931070331,0.006105049751022298
303,-0.0022790940373940043,-0.0008747822923690252,0.0006651202562221176
304,0.014753708654031458,0.01837670965262835,0.016525795109742336
305,0.0004968597553113687,0.005488374848884636,0.006978561600217889
306,-0.01055262770769259,-0.012853799170044743,-0.017725903792046565
307,-0.010710223412228399,-0.011972898608968836,-0.01275686466643201
308,0.015100168688243126,0.016087007929875687,0.013206870512213188
309,0.004306093245911956,0.0056420179239069345,0.009317124476990117
310,0.00463334949926006,0.010580962195326954,0.010943187459889132
311,0.019957055964431078,0.021914308013447275,0.023544011581100494
312,-0.00792878900739371,-0.013099282077116099,-0.0121394298717155
313,-0.0029178684183291123,-0.00034941135094841876,0.0005882536529920924
314,0.0014561680306414944,0.0012769617569720212,-0.002456843706036174
315,0.007518019012731817,0.00932521476793631,0.006181497823392576
316,0.005791123967084452,0.006806687968055518,0.003120141150900705
317,0.0026956874824046275,0.0034850298389019316,0.0007831756969641761
318,0.005545036141842281,0.009343657550004648,0.0062307306736654145
319,0.0049672390082016495,0.0033071431278030223,0.002654308117929335
320,-0.002777800207969084,-0.00653287083286701,-0.005156054053520317
321,-0.003959082941975584,-0.004482206688790232,-0.0018672146796980672
322,0.00979694310186158,0.006676323379878861,0.005783741107001764
323,-0.004944728135918504,-0.010275650286342794,-0.009308488035263988
324,-0.008314959403733724,-0.004074980865898586,-0.0049125231402887175
325,0.002374336083622865,0.005244528478785664,0.0032243870056416386
326,0.004330207788495792,0.005164447989863454,0.0027115782709071553
327,0.03487010052306949,0.04575904230439827,0.03815982064310989
328,-0.00258927643748189,-0.006397795423464937,-0.0023812053639992396
329,0.01825596459347781,0.020909132805610908,0.02075618882489834
330,0.01577582322911169,0.020902521296168094,0.014199459419720234
331,-0.008714540963705917,-0.0076408979957119936,-0.004628433094077348
332,0.016105517784732463,0.020948606827926437,0.01234852118864099
333,-0.008650481882819912,-0.018416680970089295,-0.01355326270120168
334,-0.02731160853069143,-0.035835274690728905,-0.025244509381643035
335,0.013993958067559108,0.018301371451910187,0.014168053622210892
336,-0.01588589894248373,-0.02018869618554597,-0.01275898393869873
337,0.012028475219412343,0.02246708796927485,0.014373202634535762
338,-0.0023275742045677133,0.00013694557051056313,-0.0027005866701262375
339,0.02731639695516028,0.034544486209817496,0.027206120536430886
340,0.01984024893288456,0.020276194098113168,0.019453468246790083
341,0.0005896281245098547,0.0005959356582887453,-0.0008432793178555048
342,-0.0023759787243816,-0.002088420561664273,-0.003104997288035331
343,-0.009032444077742355,-0.007272567914234078,-0.00895385853627552
344,0.0007472761604907646,0.00368311257662674,0.0035880562558139226
345,0.002778307643027092,0.0066005678246582634,0.009222850452817555
346,0.0017115063273869515,-0.0008678587346927624,0.0015214580681571163
347,0.008306719723496982,0.014433679436494975,0.013749946350345234
348,0.013642337753117495,0.012005499974310286,0.008949889221172047
349,0.010747373232848037,0.011202137233301811,0.007180369184077409
350,-0.0033411857185542447,-0.0026472049255811137,2.3875691458857644e-05
351,-0.011862228109996445,-0.01470867256398052,-0.011867849732774202
352,0.02358466963970763,0.025120235686541512,0.019547191103796564
353,-0.0023963636961575373,-0.005473605095609059,-0.0015383978228045532
354,-0.0019263785954445256,-0.00720766437193808,-0.006391590337436771
355,-0.00026802595569653566,0.0013606203698727365,-0.0015607848533750763
356,-0.016988635338051058,-0.016400093707880224,-0.010244968498636962
357,0.00027860925986291155,1.685897880331587e-05,0.0002687458892929086
358,0.0002573358595079102,-0.0009572110825823395,-0.004045143593057663
359,0.014171536072943799,0.01234994938228929,0.006360642056609222
360,0.015159417077164852,0.021079098536883258,0.017164997672948667
361,0.006372253713602688,0.014639462749160007,0.019103108554482492
362,0.018111608504840313,0.01604987587051895,0.011597692877367127
363,0.010624810014393702,0.009386901793858907,0.006446130122802192
364,0.006126190555596654,0.005202366770272779,0.008980481033650647
365,0.00836015352634191,0.00824765431258844,0.006416984391625564
366,0.0039129581859947,0.005414480842462124,-0.0002488697291735814
367,0.0013300601309114753,0.006700777438394954,0.000387002864830799
368,0.002937964189946132,0.006715021696279503,0.009251069437865122
369,-0.007943784815360809,-0.007864132361322447,-0.00418410780634846
370,0.009871893479141745,0.009557008606570931,0.010258045757519483
371,-0.006237575114176706,-0.01102566548807353,-0.009003174664748039
372,0.016970442298254097,0.01784490600659868,0.011977859600137841
373,0.003169126139615593,0.008698368429987016,0.00627196467452252
374,0.006950622819386862,0.008145497920398872,0.006946566816107598
375,0.012571151341948111,0.013672361307627095,0.008286916406165738
376,0.014461911165663432,0.01677320675809864,0.015194025912756
377,-0.013542433950299557,-0.013643248966228918,-0.014897791998412173
378,0.0037074078285765965,0.00029729419730378185,-0.0008144402495984338
379,0.017458035762834223,0.025423867787378582,0.019693964692271942
380,-0.015154973069233392,-0.01769114631139202,-0.016338113567051813
381,0.011223308902581552,0.012783830953621334,0.003252644449336154
382,-0.022206326174517038,-0.025247189037026746,-0.01878146299613527
383,-0.0066092468756558465,-0.007240464065382055,-0.008182264998701165
384,0.006813197444673572,0.0070873921686123685,0.009862170398568765
385,-0.014631417309008382,-0.018356842083493367,-0.01576691658368847
386,-0.00614127903820184,-0.01011711946755341,-0.009805624906656724
387,-0.012292848533886683,-0.012675728432880498,-0.009851164938590437
388,0.027171996428589126,0.03092408357545816,0.028070535843793987
389,0.008401890369765522,0.007058313797113161,0.003864999571044269
390,0.013500272810273595,0.01672483388465243,0.016588749451012907
391,0.003507913336997473,0.008412609790030775,0.011284727859873826
392,0.0018539580263802228,0.0020718705078880987,0.004789172106802936
393,-0.014122405539703106,-0.018869871667622367,-0.00995266936433873
394,0.00263307222985667,0.004436918039548507,0.007637240066392081
395,-0.003307643918879658,0.002155249851369693,0.006514678316858236
396,0.017176529959991332,0.016020507531592638,0.017889731304782355
397,0.020758479083967486,0.026118806238228494,0.021553018615893375
398,0.02487547175689139,0.030499106961639683,0.023041960420484228
399,0.01710857912950267,0.02420338735392861,0.012208867373553298
400,-0.0012478845632768769,0.0016360684672672423,-0.002873994620414811
401,-0.007790549118670374,-0.009939084995630393,-0.009368862677721922
402,0.01602216272909623,0.013899683989917217,0.009912594853450505
403,0.010831342589021036,0.015548189691544818,0.011955373235022021
404,-0.016045883214562327,-0.02189617104360325,-0.02068161937637538
405,0.010821083847497666,0.009991444565448648,0.002946863761101195
406,0.016627506674007534,0.023584411396169975,0.018455727306781865
407,0.007069911617462071,0.005603532139991842,0.003883833627276584
408,0.0039837909612768,0.009216733735835876,0.004819676883696873
409,-0.00389147975829516,-0.0036077414501686977,-0.005233084361367641
410,-0.01197282214001396,-0.013358245580475225,-0.013659632651918333
411,0.016447612627042897,0.020708791703600845,0.015313115201262937
412,0.002414532507789051,-0.0022837114202284865,-0.0045348364363289005
413,0.0033714096875619125,-0.0015717424121759003,0.0027266816857127686
414,0.028241937323116015,0.034571963394316244,0.028419669297372867
415,0.014982885554662144,0.019775659648487515,0.012745788488033327
416,0.011015161789869318,0.013479433169314187,0.009896692781273036
417,0.00812151081196391,0.007147892724128619,0.001985923373720236
418,0.02555113848741816,0.03072120313129184,0.02777771969319542
419,0.02807583072636335,0.03343158210177322,0.031122448438062146
420,0.018081968316512882,0.01867156230838988,0.018896427747258332
421,0.013689178594650034,0.019633475804561738,0.012086944708111565
422,-0.020170310675644315,-0.02967598614613714,-0.024029400574499947
423,0.007889527502152303,0.011329199963223905,0.007793481994425905
424,0.004678818061619555,0.006829918992522827,0.0072411766835725234
425,0.007512980113883396,0.012208565378338337,0.006579561648281294
426,0.018253249618133547,0.018724824266329414,0.012842502208430756
427,-0.02832992428717094,-0.033675231590114825,-0.02824689224964995
428,-0.0008767358330766502,0.005813743416077467,0.005135735434360848
429,0.009738605368382065,0.013779989175534114,0.013219019047453269
430,0.0004193743562097216,0.000821314936847999,-0.0003824762895412708
431,-0.011598046872043966,-0.012212678594093515,-0.007670500949806231
432,0.017316170608799777,0.021051919834042237,0.01944116956528599
433,0.009826738690678573,0.01872031427178992,0.014302005637064666
434,-0.0059590538348792575,-0.004040333834177977,-0.0071713839531103146
435,0.010306712971844956,0.012097317309074507,0.0059742248137111134
436,0.01671688389285116,0.020858202719846973,0.018557767170318394
437,0.006391502588959325,0.00643399133410563,0.0036412391711003467
438,0.016450988093964482,0.023567067739656576,0.013437844744457231
439,0.0073144769347151025,0.004330878615232163,0.0054030284728381365
440,0.0013252601903409964,-0.0034843165749816516,-0.002377765893888188
441,-0.008341083070672564,-0.005396438619348572,-0.008763209187108335
442,0.005237607541474896,0.013093891669482204,0.0142047667940991
443,0.00878218819037925,0.012019535976189112,0.01226130407283316
444,0.017403060824381537,0.02124018166228099,0.017430896338434174
445,0.004868548215873987,0.00792072079285005,0.0023068249657736007
446,0.012110455932196822,0.012486384207222815,0.005554548849463103
447,-0.0058769287667040536,-0.006510794882761987,-0.006179671722289972
448,-0.0035750074623425226,-0.004166968823495856,-0.00875345140659035
449,0.0049282288633992625,0.007895244768871308,0.007597172113563249
450,-0.007015556805413248,-0.013345492106745467,-0.015137808731743745
451,0.016699960967429824,0.018436568435558243,0.015270754588046125
452,0.012182742096939382,0.017291401234637314,0.012921969331560264
453,0.009854868523480251,0.009689426959714108,0.01000240421991153
454,0.010611391096773913,0.00959238483015398,0.004707857137219126
455,0.03188895893917881,0.04472434986686437,0.036645088416653725
456,0.00039384033129521556,0.0005931480979718707,-0.003936353502928451
457,-0.021521719068906334,-0.027656762783696238,-0.01960966165183963
458,0.008845525561588165,0.005262885446752037,0.00384676733212881
459,0.005684465531902792,0.009127754295651373,0.008870220929770026
460,-0.00022160030703275314,0.0019449422718813673,-0.002619913986455294
461,-0.0060567718690872204,-0.0082128870535478,-0.0049920665873400966
462,0.000769198466836896,-0.0025625197488643456,-0.0010817156394925744
463,0.008618325174918923,0.010264358115948401,0.009361600213936505
464,-3.5628758069122454e-05,-0.0026859634789962714,-0.001160135386147982
465,0.036839948828385566,0.041228777084181364,0.03237123515274774
466,-0.00582497087379263,-0.007316352426743025,-0.0019277491474047346
467,-0.003707673951591768,-0.0077739971117083695,-0.006712190407018828
468,-0.022624452780269665,-0.026369370855224915,-0.023432954933660374
469,0.009505609510349237,0.013329372542464647,0.010477789504614395
470,-0.01918119521128979,-0.025672585183996035,-0.023543869811665216
471,-0.0004990660228412777,-0.00492565012603308,-0.005407805624723622
472,0.0028375682283066613,0.008342281471022589,0.006113322162101897
473,-0.002652872244440686,-0.006156842255017543,-0.0061257293205572915
474,0.028319748207503062,0.03189677577566746,0.026147969529369725
475,0.0189027599965517,0.02335693142565792,0.024838582920272474
476,0.023010463618867844,0.029507928719557812,0.02541184489926835
477,-0.00483725794691357,-0.006615254723134795,-0.0019012913966046127
478,0.020600266510788962,0.026177479421368742,0.019349114436089436
479,0.012598526168520304,0.013850201833071825,0.009223852971162674
480,0.016082154514023894,0.016227474119243628,0.011786075306139092
481,0.019346040963415342,0.02772565910128672,0.024877599419923922
482,-0.005170491523976905,0.0016645534968603793,-0.005461304277616159
483,0.0009573147857999129,0.006511904309536801,0.0019423695594526667
484,0.017235627705834002,0.02113118521405933,0.01722856253352573
485,-0.027266664406188218,-0.026922165601393412,-0.022246374767292083
486,0.025466809672443542,0.031685004888349556,0.031570511525770825
487,0.013321183999402617,0.014476109088881924,0.012996585903080882
488,0.0057464408652284586,0.00837055074750112,0.004602407389369806
489,0.009113781055124792,0.010638041951838359,0.0035216019721049843
490,-0.006703210030971911,-0.011152744706930657,-0.009999141155974691
491,0.0018980829836796219,-0.0005630439214823349,-0.004571578890922606
492,0.020242173650686507,0.026826918676542147,0.022937530095920998
493,0.02274337886231639,0.021452807800375024,0.017671709164036768
494,0.04042939167325861,0.050425718125899174,0.04135260433011671
495,0.005389474037480921,0.001314173022629016,0.007626272336727958
496,-0.0020055540195235274,-0.00911441370841859,-0.010161190367143053
497,-0.00018004701003049729,-0.006030999947578592,-0.005433235486098265
498,-0.0065527689970118685,-0.0016438690251409848,-0.005149406671512495
499,0.005339761898538304,0.005787167994738737,0.0043748595087267275
500,-0.06472888367070533,0.013672736264386367,0.015976562573763557
501,-0.070003242918742,0.01155778363612436,0.011044685046475522
502,-0.05570229597232425,0.027184977195322625,0.02138594192961269
503,-0.0725327301087054,-0.0003660055450406983,0.0005029202784331919
504,-0.07396505026933288,0.005063575634090263,0.00022179877371426415
505,-0.07692263779944637,-0.0006511364476927399,-0.0017660044787005367
506,-0.09022148328182807,-0.018272664340340635,-0.014348539160236736
507,-0.0894009759273589,-0.0161307598848584,-0.012590207980388742
508,-0.08448540765116809,-0.006261771606505434,-0.009849650841156918
509,-0.0531082008543384,0.024542083573827166,0.020669702319709223
510,-0.058245862279720055,0.02244627370449765,0.018839915794673173
511,-0.05217803592094905,0.028429414644363486,0.021551191109154842
512,-0.08642140113946492,-0.018315218269419252,-0.014638972109205589
513,-0.09447146003476929,-0.0248291027116374,-0.02455449436757404
514,-0.07791923394615617,-0.0018184892195054164,-0.006134315991559641
515,-0.06734615513073547,0.014360766361901374,0.011914531610322547
516,-0.06326212006094205,0.018325539246308108,0.012548905267235956
517,-0.05631419277451928,0.02538511704447435,0.02027155187212255
518,-0.06597422351476964,0.009326400385034926,0.010115822907017636
519,-0.047526898307143656,0.03973725740859349,0.03123979119383616
520,0.003508791432778984,0.0048911998417157185,-0.004975152926562708
521,-0.005225084732373582,-0.009452508886016075,-0.008038415742749425
522,-0.014941359898568023,-0.018508028213179088,-0.016327617334852555
523,-0.004920141744602385,-0.0030699837200579925,-0.0031981556896894065
524,0.009387132196931854,0.011288647281076106,0.011876116473621051
525,-0.004916965543537159,-0.003095846266271695,-0.007468427755920379
526,0.018173514383411304,0.025298404005438955,0.021010181786185484
527,0.024189244734893,0.030293682917990034,0.02920068331470393
528,-0.023648611616565694,-0.031090627783807848,-0.02685190815604724
529,0.01725404846865999,0.021133203417763296,0.018400194656970348
530,-0.02200444420897701,-0.026262506073534666,-0.017954277681096763
531,0.011403161290299677,0.019563562922414596,0.016315660521269277
532,0.021818078607326555,0.021038812796560332,0.01466458336129738
533,0.007144927385199941,0.008147566837055108,0.004274351028062088
534,-0.009862374617195684,-0.013681915515112907,-0.008593429802206355
535,-0.0010806287550755266,-0.00023705748954795484,0.001682893849629731
536,0.0030149731289112395,-0.004090287563625288,-0.005759261550307999
537,0.004019320886492147,0.008348886091039759,0.0029587740990079294
538,0.00375809073283607,0.00455318541376555,-0.00040771812813459804
539,0.004934635887348538,8.810578539066114e-05,0.0053250891879143385
540,0.009024888078577879,0.009687925695512202,0.007535479220081437
541,-0.008962826543137802,-0.008829683842867437,0.00039995105500865297
542,0.003263219715071371,-0.0011167364057977167,0.0008634003251565741
543,0.025529208845604542,0.030645240157799868,0.025906083748882532
544,0.0014591328055783698,-0.0015930659259654997,-0.00030593409308073615
545,0.0007104234716923839,-0.0009056708796680019,0.00243505254670531
546,0.01996279230749402,0.02403990495919386,0.01617696393897912
547,-0.026046854674164857,-0.03067610497034459,-0.017710322778004033
548,0.02126794395655641,0.024032914262172602,0.018909149576291834
549,-0.001668465228927986,-0.0011395003463274375,-0.003135946674763655
550,0.008398105970457191,0.012664399478488486,0.011088301481165614
551,0.007542934808443671,0.00816951738887137,0.009989892736102726
552,0.018245938835663,0.026422141341194836,0.01795154479787364
553,0.0029397197683428927,0.008151590928652024,0.008313871095625688
554,-0.002251867807901109,-0.004057916334351437,-0.005511928421775021
555,0.022741150320814908,0.025272351442492104,0.018616903670101485
556,-0.023580140866465468,-0.03355874609340528,-0.02839487619259844
557,0.00658176463451394,0.007497870191511042,0.008412826275289463
558,-0.010725502485875595,-0.01401989415597289,-0.01472311124803359
559,-0.0033086707287130644,-0.0015068286049022,-0.0005963572621707702
560,0.03176516361095783,0.0333442271618657,0.02558939908980144
561,0.0057604628370286045,0.006035366803202074,0.002149179623336125
562,0.008792013502247256,0.013613854955445457,0.0070535853852788264
563,-0.016210630354797535,-0.02176234835298544,-0.021213745558682683
564,-0.0028972112307494207,-0.005887452333464659,-0.009876478514667232
565,0.008810831629398361,0.005997370859083183,0.007631826183835644
566,0.010811924631155956,0.021261291687472157,0.01624485895227998
567,0.014127621599601204,0.014589428186950235,0.012173244003751265
568,0.006433690568341729,0.0036083709440153013,0.006612458661960377
569,0.012990689861180318,0.01304682965863018,0.006579114498751338
570,0.01206449294000197,0.012028855492600663,0.006645655539001496
571,-0.016820033582170994,-0.02103592557687926,-0.01602325921011886
572,0.006792644791116236,0.010761229920193143,0.0028407379182408266
573,0.016037837836987315,0.018302024711558618,0.012811582766847634
574,0.013786010437508357,0.01362498897171303,0.007975222474260336
575,0.0017220649754324368,-0.0025230573396528805,-0.0009764044143254552
576,-0.0038659035085881017,-0.004569965174696725,-0.0050025201413050864
577,-0.007821095941192076,-0.009250794765941834,-0.001050310208296483
578,0.00466683862844533,0.010441439527021904,0.011319024555177238
579,0.020657008081608703,0.025080755106539777,0.017366427087612074
580,-0.01836403070822439,-0.022349928620813902,-0.01910473552740394
581,-0.0020224881798770874,-0.005749444971863322,-0.005698714717703675
582,-0.00809293204686785,-0.010679025449546053,0.0019130858362412864
583,0.016253569854736676,0.018117705842486738,0.009718494077443074
584,-0.0006869684753540474,-0.0019949240384614314,-0.0009522901832222734
585,0.0003714075106693209,-0.0025877428857401944,-0.008661747484382991
586,0.003580336206761549,0.005998751126361419,0.004777062785744915
587,0.01195838382951431,0.013899608633833934,0.017159291164358447
588,0.0013611834685589679,0.0009998468283139977,-0.0004917720241062664
589,-0.032206445207146724,-0.04406802398985618,-0.03176151142042368
590,0.013196967546891088,0.017397400726323387,0.013708845879029909
591,0.011878058267938965,0.01579374760703413,0.011298939831960427
592,0.003547556562808003,0.0016035077107712388,0.0004869988866814882
593,-0.00738754383308437,-0.0057340138666050686,-0.006443160216830502
594,0.010774260861533635,0.008613368571319748,0.004910924769894989
595,0.011121547542903249,0.013276698327490271,0.006414914588217659
596,0.0003790573822986766,-0.0004027640534499459,0.004442711040722298
597,0.003583094969710894,0.0001344415544755062,-0.0011354634615767052
598,-0.005441097193235297,-0.005929424299626198,-0.003814543499635055
599,0.004065562135306701,0.010262674119671734,0.005438302203503324
600,-0.013286997006171173,-0.0157305181926021,-0.009052180261423539
601,0.011603267260003877,0.012459717362813622,0.009102714564962986
602,-0.005620866205665607,-0.005331424941923544,-0.004553010525451101
603,0.009336348381160318,0.011537934037291267,0.003446615275066716
604,-0.011459625164219896,-0.013663758628425898,-0.009678820176295807
605,-0.0011391491266424022,-0.002712661584876652,0.003558354753719317
606,0.004926962611035645,0.010409036677698772,0.005578964706998434
607,-0.014681820340943248,-0.01617503673987731,-0.014389077207893071
608,0.007781073507724023,0.007665484794930635,0.002532691412846719
609,0.0015286758483268967,0.0014928728977273808,0.001602744976321022
610,-0.01571470100121543,-0.02120046742932563,-0.016757911652709543
611,-0.010160306468085994,-0.014115953276484036,-0.009063100405324357
612,0.013978786214785746,0.014748390813841022,0.013542625128295188
613,0.01765254206649287,0.017596042267293655,0.011507432472453859
614,0.004656028341299207,0.00804519958784596,0.007147507860531498
615,0.01144443226395651,0.012812964799256806,0.009212192583808416
616,0.009155977318884373,0.012739478044487194,0.006741433224724382
617,0.010493992890979267,0.01047366731329181,0.007977780357502618
618,0.022591109308032063,0.026918448202109542,0.033556663731029064
619,-0.012737634153993337,-0.017533668779497327,-0.006705722648203
620,0.014881181968049967,0.02013320894008441,0.016548737678485522
621,0.0014924817755047762,0.001005407306657872,0.006303075148441474
622,0.003487879248828232,0.0018742298853326568,0.0013558691096830818
623,0.0025013650386968298,-0.002189883398655282,-0.0019199449026384657
624,0.001579277935158524,0.002766867692826264,-0.003951593156655121
625,-0.009185735976699173,-0.013262993397845011,-0.013646515100864946
626,0.008643633136518645,0.010322461498025704,0.005780326979157762
627,0.02746049861634557,0.03139761120421132,0.025458093995247583
628,0.005614522534085241,0.009754839436143881,0.00784809453108844
629,0.006307035761538472,0.00928917970812575,0.005600567302168747
630,-0.0023691662438862565,-0.0014287906991478265,-0.003005023386216401
631,0.00483860678523113,0.00385798207803367,0.0025609633135269816
632,0.012221146020208561,0.016139913812127978,0.008543523847253475
633,0.0016413177239945212,0.00739235495586028,0.003976550731477012
634,0.0005843377958852499,-0.0019303979498345612,-0.0027500627972109302
635,0.011425493106321998,0.014255575937543508,0.007454937440287323
636,-0.005287388581770373,-0.011560148293094229,-0.010292422546886922
637,0.009518413092628998,0.01584473737144173,0.010035897853359678
638,0.01670089649485263,0.01878276725373862,0.01893283594300784
639,0.023526694889663156,0.030706765579801943,0.023794437162684288
640,0.0051813033103645,0.0007682377718261357,1.5194185151452713e-05
641,0.02362344411853159,0.034032451589418915,0.028579504992292965
642,0.019408920422248014,0.022162177646072114,0.0194910305826244
643,-0.006276648589354354,-0.005806458343108685,-0.010135645344875755
644,-0.009081283666342234,-0.010420611354978454,-0.009527985054919967
645,0.002467036523733904,0.002152574268493449,-0.0011525532028831228
646,0.019339674208284977,0.028538552388325297,0.022371773290526836
647,0.0054101889638270536,0.0012806470552754468,-0.0006715147059887523
648,-0.0012732285836333408,-0.0005832587665801462,3.0090240225776966e-05
649,0.025959051046001907,0.03403057572082414,0.02412397620771256
650,0.009953641932396874,0.011849956972406298,0.007684527913890327
651,-0.023028898426253965,-0.028008366942991803,-0.024276104569019134
652,0.010336355173178286,0.011952408043543486,0.012985380940765966
653,0.012902606591687519,0.011601000682952112,0.010444530296964766
654,0.009178304152235233,0.01113453435764635,0.010074156005203616
655,0.01201301343262089,0.016036971289598693,0.011924159128575593
656,0.00547357869965128,0.006785224244148437,0.004211594726175341
657,-0.010351979903006462,-0.013283388515656589,-0.008852663910939262
658,0.001635479368660651,0.00041392874451709884,0.002789604956706588
659,-0.005636643501223281,-0.00764718581928637,-0.006069850313611653
660,-0.005473787659383914,-0.002591208750067015,0.001537240793702592
661,-0.009652135974190765,-0.018181082349376404,-0.01051563390039863
662,0.012048139916833615,0.014584484972051776,0.006403350556755756
663,0.007562854494956542,0.008038973340971057,0.007792156205534465
664,0.0006556620624709082,0.005390463438554224,0.004177651624096083
665,-0.0018889919707105853,-0.0020913085400187372,-0.00044516978990994044
666,0.006028273873372295,0.011929675695827775,0.013072768200513459
667,0.019975408839063208,0.01725416065015576,0.01089233125164811
668,-0.019026991012785655,-0.021379054137835436,-0.02222699990770859
669,0.011091708130451801,0.01419567047089388,0.014854620959180722
670,-0.0005782158169545222,0.003703395519437801,-0.00019476927113435934
671,-0.017513779544655463,-0.026206935491816068,-0.02313556503229695
672,-0.018286858252503743,-0.022434496175543224,-0.017300528860369927
673,-0.005221344087961114,-0.006056712015481036,-0.007015014074044226
674,0.009101155978248085,0.009353544157485252,0.0024478232257831283
675,0.011296451860998688,0.017402898759226446,0.01403043654508626
676,-0.0055527264820181685,-0.007734278887352787,-0.008658694588681622
677,0.01918896636461036,0.029461243774237908,0.025459593955090475
678,0.024324031007621445,0.0325224404604263,0.024417597780718562
679,0.01133469835673882,0.01660843818665701,0.011109692704619646
680,-0.0011561624579575214,0.00038126372465829795,-0.0003590690337248929
681,0.020547457991704297,0.021293248785325465,0.02036180046313579
682,0.015879639052270866,0.017692320545234362,0.017024901231126027
683,0.017296487637105323,0.022566984016769865,0.01459650247911236
684,-0.0019791263359612817,-0.00023232813234914376,0.008667590447830775
685,-0.029530038233902538,-0.031302367609649585,-0.02607208928116667
686,0.03310007915426808,0.03824191672293514,0.026949274863432827
687,-0.014051623833572963,-0.01958199243375303,-0.01285675776782427
688,0.005872121021973261,0.009763271222970585,0.006666908246186601
689,0.03643886667518451,0.04116637597573115,0.039743759866495074
690,0.01050605728568628,0.01536892325238963,0.014974879113490984
691,0.01833167898964405,0.025791913696345967,0.020005123626462465
692,-0.01267942511194085,-0.013772827579515135,-0.006036704316249959
693,-0.016161350672359052,-0.020524384991369795,-0.013734369928953702
694,-0.0004136612340083154,-0.0003664800748452027,-0.004179291887831584
695,0.020121569392484006,0.026022587290613415,0.023627418678616726
696,0.0019448077477738418,0.0023659787356090267,0.0002595062890561237
697,-0.003726887423994394,0.0024793584934143685,0.0017199859443911174
698,0.008828665474084946,0.007461622016401484,0.006383728170147237
699,0.020010073604896962,0.020841371851484276,0.013893151800454718
700,-0.011952653126899138,-0.017432398210073634,-0.01816231706995297
701,-0.008987736947621706,-0.012649699755094586,-0.008956724642575293
702,-0.003651409338849716,-0.011272077675968746,-0.013407641920716093
703,0.02017075723359704,0.02221377920148803,0.009627517624151047
704,0.009294838782874057,0.009087938920812546,0.004626353062404684
705,0.03329439971353169,0.04020156280405622,0.03320825641116879
706,0.01816976091536036,0.023124914549110344,0.017646492559699058
707,0.005880632545158292,0.003134850639791787,0.006514900377864428
708,0.02232666486338562,0.029638219260895333,0.02429165498229775
709,0.00899980443455422,0.016498955662943758,0.010775880637231347
710,-0.0025920728605031305,-0.0037691427610669313,-0.004405399450312348
711,0.014925632358067802,0.022889357822762007,0.013768743609884764
712,-0.0024833575664020497,-0.0023507690469167335,0.0015529770696270041
713,0.0026512902625378276,0.009470470833283399,0.0032089547179499564
714,0.023119825548281053,0.03127695120155853,0.022110976467947588
715,0.0050434345953210245,0.0011066208249976492,0.0003784271259038447
716,-0.003834468948251524,-0.004542457819791748,-0.003626524580105604
717,0.0004510964867343054,0.0038753840987779185,-0.001651490396548566
718,0.01924929748904647,0.02319575375767503,0.015693047390434606
719,-0.0006645927911837013,-0.0009141473150399281,0.00010681412346702837
720,0.0014309831748718707,0.005732528513434448,0.008158521751074135
721,-0.00013019400242141304,-0.002400988825083416,-0.0008171448923497842
722,0.008651049247887909,0.01043664833003935,0.008267701031538451
723,0.0014484526904989673,0.0027615377542770875,-0.0027315400317478073
724,-0.013937246091336182,-0.017780235006695642,-0.016176395916534116
725,-0.004897494571358092,-0.005940647301140856,-0.00310340825170828
726,-0.005474396470085981,-0.004118437012698586,0.00012350389575664558
727,0.022051439776004107,0.027830480472154775,0.02507683794357515
728,0.016604159193777404,0.0173676016477675,0.014330702194947052
729,0.013752864185138424,0.013011890407817034,0.014218793471366727
730,-6.777794792535256e-05,-0.0025766937337261897,0.007050623854910298
731,-0.00399448215407064,-0.004789430621035129,-0.0057095007650675815
732,-9.509097511641983e-05,-0.0006198831879358724,-0.0029090905820899314
733,-0.006980792477562372,-0.011007831568085045,-0.004004400620927704
734,0.037911919365454044,0.04360278542513236,0.03562683254849435
735,-0.022076766633812545,-0.031298906234716234,-0.024683976893594282
736,0.01345876168276956,0.01747188345022625,0.01521830333096104
737,-0.009923888820702137,-0.012035216906010447,-0.011697841579036432
738,0.005004702951786216,0.0020218461695301016,-0.0016548330761902825
739,-0.006172790563466843,-0.0073168426951444295,-0.00831103036421566
740,-0.008571403719767601,-0.006039940873833877,-0.0008919246853199706
741,-0.008097913842276247,-0.01205737922852117,-0.01418896006243844
742,0.028523569351870122,0.03838711368259957,0.032286575392153245
743,0.004642370052614115,0.004547981723888078,0.0018748227829157478
744,-0.003360896455423065,-0.003407488150764001,-0.0038434347386389405
745,0.013354766121665057,0.01633483452476128,0.015417284895737836
746,0.006455464945341013,0.012178564123045476,0.01241177858457784
747,0.015432342007269412,0.01901982222302772,0.016300444822080682
748,-0.016750668957605932,-0.023711812097190012,-0.02489277414087417
749,0.010164874698817087,0.008052197322991592,0.011409584461551655
750,-0.016098457806321985,0.01447062736552251,0.015719707069188595
751,0.014693185304325403,-0.023045547369980435,-0.01814728924106744
752,-0.011993827061635374,0.014538484340248563,0.011663225537611696
753,-0.02777974370171179,0.030305046233158207,0.029940719574874087
754,-0.006136618586736818,0.007108393545790016,0.00868210098891344
755,-0.0167146098986697,0.017831734172983397,0.014172750300393794
756,-0.014806675138685721,0.015330576191489989,0.011340004889344713
757,0.0026247625263814177,-0.004670281511095582,-0.004348243291440164
758,-0.006827569145939634,0.010418015856593526,0.012057147311729103
759,0.013496534150701858,-0.01325762603699945,-0.00731735804206296
760,-0.0006159732715549206,0.0019129185971756332,-0.003571756667923749
761,-0.009685271911581172,0.008492232557933643,0.008263114324248115
762,-0.015471133469951815,0.020600700967693952,0.019213152356045527
763,-0.006635876815699707,0.010141534717818377,0.003349372958635807
764,-0.015431709182402484,0.01938656173529433,0.015499874020994104
765,0.007626227393621941,-0.011060288292390594,-0.014467735931501993
766,-0.0050381752426372365,0.008287421090544636,0.007039429174685006
767,-0.00656842238812676,0.009219176598756354,0.0007875753527137666
768,-0.029720239639608747,0.025807921597968023,0.01849046863883308
769,-0.0036155375905188064,0.006376581376928393,0.0031689050112443896
770,1.2438654811415192e-05,-0.006036859309602614,-0.007071067398333429
771,0.006594629313047592,0.010011921125458144,0.012599671521553696
772,-0.005301412335153739,-0.006848914505771905,-0.0037856984931475155
773,0.008762720083578361,0.014289795653243254,0.010168288841894975
774,0.0017069314962881157,0.0017379047902541546,-0.001560327379254238
775,-0.016334145028522578,-0.022404694501989255,-0.01867883261412837
776,0.005583487552989076,0.00623421186193262,0.0017330285401036026
777,0.002307917592031885,0.0061209028810131575,0.007973871463489567
778,-0.014324147639934767,-0.017105978074603047,-0.007370453940404135
779,0.00547536797084959,0.00620888204318331,0.008297616143943322
780,0.02516358366796361,0.03254762307278801,0.027086995428041362
781,0.012918584109674077,0.01616751565730952,0.012410248324558832
782,0.01406489008522992,0.016859123999226722,0.012206240630223695
783,-0.010644185185664387,-0.008453160986037319,-0.0012434543739833614
784,0.012356895553190687,0.019745977026423587,0.013975513315778017
785,0.008202310499775033,0.011782280423644667,0.01436245143070826
786,0.013016507073950474,0.0147155262522783,0.008194179735178463
787,0.011670431516247047,0.01873816601356782,0.014053766067916086
788,-0.010875461523616285,-0.009309201282881183,-0.012867683897730218
789,0.0058008718743263535,0.00923439869570011,0.007891061713839034
790,-0.0032618370445236028,-0.007759776257774907,-0.010204078633416769
791,0.00569103607039012,0.007274086901712275,0.011084618063539848
792,-0.005026768293087462,-0.008383819856250363,-0.00540333649041962
793,0.022926138206908614,0.027008524957506913,0.023306217693301254
794,-0.0045406814583793175,-0.004689691085371548,-0.0028578451234924436
795,-0.00504626347636145,-0.005738784312973073,-0.008045944860549721
796,0.007268007028996422,0.007218972812963729,0.006167674738890016
797,-0.007299789979520855,-0.004734314772788004,0.002021907400940524
798,0.000952942222829641,-0.004220107346418912,-0.0033490328257409795
799,-0.0041737587017629885,-0.002699467373801544,-0.005375661513468681
800,0.024174626889504055,0.023135674413504982,0.012650917728560326
801,0.016264274867788912,0.02072701138192935,0.014325871099431472
802,0.005597617022801752,0.003912502689647915,-0.0024426549230783393
803,0.0013760075428694831,0.004428649403362902,0.006169246045195545
804,0.01822632633085597,0.022144978482361546,0.020186250580592157
805,0.01145002656439333,0.014523348224178848,0.008849529499708107
806,0.012624475292023714,0.011929288387377078,0.01148501008543548
807,0.005993246812242553,0.005121963659774804,0.0022746612566738617
808,-0.015030053087851412,-0.017380784771439915,-0.014048872844555473
809,0.004901960663628918,0.0077277629393660875,0.007358437082782409
810,-0.00041096858278204165,0.008769453310474568,0.005611637829785916
811,0.014483930843680652,0.018085456908949527,0.01579084063401298
812,0.019123462206208537,0.026034656309410428,0.015496984892415612
813,-0.0019979402409939966,-0.007320985682324934,-0.0054853000157170425
814,0.01224921197116497,0.010493567041861513,0.008284325633914773
815,0.028281880820884796,0.032814083801010856,0.01978000374212938
816,-0.0021214167583453623,-0.0063322989615991745,-0.01078858203757993
817,0.027599369499476004,0.03781965055269891,0.024375390485529343
818,-0.004459897391197118,-0.006649102277399251,-0.004009128576546599
819,0.006614975809304561,0.01230881387912044,0.010239045862115414
820,0.006183573242991308,0.012121906894920431,0.010563855442067668
821,0.006470006177039204,0.00789928876494311,0.002125053936168117
822,-0.0042713269130195885,-0.003538762144279616,0.0007707417215630868
823,-0.0011533851680762854,-0.0015614643129846912,0.0018588453825334186
824,-0.0021215124588454875,-0.0008431276529853534,-0.003099852194217492
825,0.010460341364969511,0.014080870778073531,0.014983725761700114
826,0.010499205999085045,0.012208032749255507,0.008972939909627437
827,0.03448077145247407,0.04297378103440446,0.02876217136021781
828,0.023666346948060194,0.03385042256313025,0.021917303865631396
829,-0.000124508258872562,0.0021053453839053097,0.004004513701508958
830,0.010433867034335813,0.013550909281110215,0.010511696195342571
831,0.018937210981176695,0.023119209046476893,0.02128204519893586
832,0.0067116411822011265,0.004851615822295008,0.0036018322997354224
833,0.005443651289370326,0.003283783582507915,0.0034734765523584347
834,0.00697693247771949,0.009394862109032943,0.014231069855393826
835,0.0172948333542049,0.01642340506543869,0.017555948716794317
836,-0.004405944831380629,-0.007710474444229766,-0.0075370995576222125
837,0.0022051261769410017,0.006698646095215137,0.006544672097562634
838,0.012275116218539899,0.0207834652697005,0.018190345994526753
839,0.010264083787139035,0.0070486848600876595,0.008046678167692587
840,0.009355064157358166,0.016369994560618766,0.01332054520681637
841,0.0016468994527098447,0.0013076527596067257,-0.000514562537716633
842,0.018626268119215438,0.022304071491550358,0.017831800839226426
843,0.03331609087184702,0.03962066998023163,0.030177734787414996
844,0.011465349865931038,0.017175400392836087,0.01906359506159185
845,0.0038810418492324665,-0.0004266695116052028,0.003582185258169515
846,0.015883997850178397,0.020503313417784146,0.015758763508750266
847,-0.0004949930519498567,-0.0035819335792988223,-0.0015111678154240064
848,-0.0031583607960548486,-0.0019850411401221048,-0.0021112610470581015
849,0.006739556798884533,0.012966218553435134,0.014146334630214323
850,-0.0263455250524591,-0.031615949764942544,-0.021975908386699546
851,-0.008271890503342948,-0.008743086334207688,-0.005196363733754773
852,0.0019231473060598823,0.003602893206275144,0.00563749410092505
853,-0.010794610086228465,-0.015482068764698001,-0.010296746702529143
854,-0.006737461527825085,-0.0033047304870194695,0.0010689251823382821
855,0.0008000772777002089,0.006356419149340366,0.006764720195965767
856,-0.014457494456318557,-0.015129759467658955,-0.01162345592434055
857,0.0011881082413891103,0.0016574787741204982,-0.0004993646750882338
858,-0.00044613621349070924,-0.0019959999498536437,-0.006567112204410779
859,0.006645908612048193,0.00599395429747957,0.004707099126435411
860,0.020923956821754106,0.03051888849129103,0.022071687434804782
861,0.008506582770559845,0.01468067241649991,0.011934303265045989
862,0.006590971158608749,0.007707850086518246,0.009772821134702072
863,0.007582565751026342,0.004102899882634621,0.0038288395163785763
864,0.009200871691733704,0.0020854381605355764,0.0003560000149459522
865,-0.006536284338577082,-0.011269637130477066,-0.01171353929603179
866,0.0048727495384916965,0.0054342414859723225,-0.00017509142867911266
867,0.010229983938773425,0.01670534836899003,0.017578979232546234
868,-0.011014339360658112,-0.01527792510480317,-0.0178407304020243
869,0.0172742949174569,0.022325520541041557,0.01490437295187817
870,0.02000300042437118,0.028124620551423,0.015184709642749872
871,-0.0016617894134241659,-0.0015876797727947935,-0.0022698712606795918
872,0.003271846894470648,0.003475756560155228,0.0016982064313727269
873,-0.004783771489438861,-0.009879199410846844,-0.00918185074316484
874,0.015171096437166808,0.014402754920561204,0.011322569664064922
875,-0.007098962807915182,-0.00720293279118083,-0.008359414430852466
876,0.0035104190027678045,0.0035771773993205375,-2.7490901547924662e-05
877,-0.004540017624999576,-0.00506054310151346,0.0017000373755087445
878,0.006969081607868087,0.00821339266527167,0.005514314333517865
879,-0.016370849249471763,-0.01754481120894549,-0.011165580374428087
880,0.023103115395229922,0.025242339002897216,0.01754776882746043
881,-0.005876858064152728,-0.00811342884937125,-0.0013908474723977318
882,0.007082169793862615,0.01449485845385002,0.016384151089392125
883,0.0036363278133443064,0.0018344475376835087,0.0021981032480040373
884,-0.0033155154618338166,-0.00486903824867203,-0.007372254792034373
885,-0.00490507385256344,-0.007749893023943277,-0.005924791880664348
886,0.01816916410149736,0.023209519087796535,0.018717205233942498
887,-0.0003243306990389251,0.0028438915623395125,0.0030328706002389332
888,0.00975461698826597,0.01013005691442798,0.005010640330218018
889,-0.0038136674611719103,-0.005940652886557899,-0.009568671616319503
890,-0.0018617142156950742,-0.0031162743568817737,-0.0019795824795551275
891,0.012298061771540709,0.0164331556629342,0.013113980530611516
892,0.018093395328668924,0.019373901147241274,0.015505682713252993
893,0.004106958750177451,0.0037394606987043643,0.006238597090911867
894,-0.011661466458215412,-0.02149529543533244,-0.021861103388919237
895,0.031596922828300886,0.03354684601838592,0.03003357097404954
896,-0.004510031648710121,-0.005767616356137363,-0.006964384931128555
897,-0.013175154260379865,-0.012970889295670054,-0.011626513346179283
898,0.039141718979899896,0.04790317433347204,0.03571119583414007
899,0.0012139061330111401,-0.002017923584603321,-0.0013309359933301255
900,-0.012165063180570923,-0.019026074742160184,-0.021247585083557535
901,-0.002320349906009384,-0.002232032931763245,-0.003582071127735451
902,0.010973671375537283,0.007941781616103642,0.004722459891641422
903,0.008731827268541412,0.013848949288452463,0.015076057673707201
904,-0.00444906153161594,-0.005136816338513932,-0.003632903697283984
905,0.029380387805722073,0.030173672734582345,0.02633836020634867
906,-0.0002729637345282839,-0.003382170790003025,-0.0026869564519400964
907,-0.008660676436301234,-0.012683285227373147,-0.013463542394317376
908,0.018476472409230293,0.019726717488987258,0.018650207679041693
909,0.02313601831462569,0.023051640110504534,0.01576779181940059
910,-0.0040160053193978055,-0.007585132136749226,-0.00773223326973745
911,-0.011401241635325812,-0.015845757713958318,-0.01210075610871556
912,0.01935868297326067,0.020981136512949927,0.019774965401051177
913,-0.019572267578496855,-0.019919809057530474,-0.016572681088350614
914,-0.009191117763617578,-0.010697846697296056,-0.003781578742754304
915,0.018561888711215814,0.019133311343955198,0.013499475649976472
916,0.005624394816158359,0.005691107350271644,0.006657664013201349
917,0.002985982595781835,0.0008017753552678661,0.0006528560319231469
918,0.010787371611751122,0.011996141578406715,0.014487919064316068
919,0.004392094733845767,0.008039116716866853,0.007109304719434453
920,-0.010102676715877796,-0.011325461805210393,-0.014996953829854855
921,0.022465773557804766,0.03418663382576637,0.030790925181368372
922,0.023084804675749318,0.02889055251124829,0.022854562967041938
923,0.008921829637697323,0.007817156055883704,0.004504789518645386
924,0.006895460475194123,0.01083517759381589,0.012535496220848121
925,0.03591872834934879,0.046517516381706835,0.03616632320702852
926,0.002827925679015279,0.0068535706483551645,0.007380181192983589
927,0.0030411373573458944,0.00018907110819084676,-0.002278584518508395
928,0.010934918968430813,0.012655032264391686,0.007479950190451451
929,0.024935469531633385,0.03350166710455013,0.03252689593704199
930,0.026471688818192538,0.026438445831745247,0.01866194062252924
931,0.003053841493607157,0.002085315325834946,-0.0001809558078807469
932,0.010224671364453236,0.007757232472265734,0.0008036013012882575
933,-0.011106974926639712,-0.016277415916509066,-0.00786747629651019
934,0.0023783350140578804,-0.0003476686191299667,0.0009804463112365886
935,-0.004304370862376295,-0.0012105959909189381,-0.0002165515698249775
936,-0.0064109709110362805,-0.008434839481495269,-0.003664213173851318
937,0.027595005255182645,0.030383836238560367,0.020103337654797666
938,-0.0036971663239790493,-0.007711472457874382,-0.007880118117870075
939,-0.00039978662733584306,-3.1753042150380766e-05,-0.0003145539285471125
940,0.0109522171164534,0.013107446594172727,0.0055892618642021125
941,0.02274089071454729,0.03153940522609131,0.029378620885468318
942,0.01241023378493076,0.016473472168937665,0.013120499961425525
943,0.04122794345450404,0.04494579001795106,0.03493430358214378
944,0.005380071802122564,0.004467074522254309,0.004320670206227568
945,0.009597088197364014,0.014900372236519126,0.009540423644018553
946,0.009810658738205278,0.009808754545788157,0.00798966348077136
947,0.024476653788663462,0.03485718338510708,0.03872457528463763
948,0.012740676934181468,0.01181571618794048,0.011364745426103943
949,0.004854352980407376,0.0076359859907238516,0.011384451586672546
950,-0.005660332747416651,-0.009515802002002052,-0.008735513027246832
951,0.009416547640184054,0.009688375863574064,0.0053740308632928765
952,0.02405032113708472,0.032334405568573976,0.02684689319680314
953,0.001133590607440304,0.0009584870785431451,-0.003476053906292789
954,0.013015221672366302,0.018190627869177717,0.007257261290720974
955,0.009438105933368478,0.012822403395109046,0.01257142135106537
956,0.017247311019598605,0.023080705833414955,0.020492653955191474
957,-0.0038548637834875292,-0.0074345342781256705,-0.0033107583320466888
958,0.0360075532440752,0.04250838412338447,0.03409578825938608
959,-0.009855695049710098,-0.010485229483163789,-0.002132019794214573
960,0.0017006591382845715,-0.0006442132112326666,-0.0007915265440214348
961,0.018190591661442816,0.02698164157768838,0.019833522937827693
962,0.010077966049972858,0.00963574838540384,-0.0017987850134695352
963,0.016823142076781285,0.019239075882816547,0.015242109136650934
964,4.930200869496162e-05,-0.00312385683380484,0.0001315430686407021
965,0.005378338817939458,-0.00032372863203566655,-0.00023728589076509897
966,0.0064792790347390685,0.013457490142768347,0.014321093390131417
967,0.02617429380854209,0.03076297611497944,0.03186743233677414
968,0.01505786843929022,0.016653011039968874,0.01277422734063835
969,0.01640174896338013,0.019053706555795604,0.019136530870141197
970,-0.001997624617547167,0.0020928545786981253,-0.0033406225078537865
971,0.018580059013348478,0.019244135749655188,0.01865662596393597
972,0.009177962741325745,0.013162537570068118,0.010730804583814934
973,0.023896008114320202,0.02733507362615435,0.021167960673827015
974,0.031800625056872506,0.036273911151304655,0.028502416166611564
975,0.0024442410785991066,0.004726284811786514,0.003286752883295086
976,0.0011851820696851577,0.004547309572840701,0.002661327116655076
977,-0.0046048453706368795,-0.007150918263929053,-0.005092475515959659
978,0.00450840219090314,0.002978768107404886,0.0018318543640226535
979,0.0014922731490103836,-0.0019062775855418427,-0.005179958804449442
980,0.010871966246319368,0.01653594480502004,0.01454759604026217
981,0.004495913657971939,0.0035759772083130024,0.0009385345331260017
982,0.0017506460101420806,-0.003746689577423571,0.00031667299817378066
983,0.019790610493634436,0.028207392741518088,0.02245894393251137
984,-0.005538795491198407,-0.01097843069003326,-0.008381059542132738
985,0.011802985739103747,0.016628453511908003,0.006822522509768688
986,0.001189753499463527,0.002007756510947865,-0.002367766286525296
987,0.015487172683056192,0.01949507575897953,0.018567382212944895
988,0.02384688189109678,0.026768301391044393,0.019094108873465035
989,0.0024906319777807623,0.0041448600807536175,0.001632172350118166
990,0.011903229360612754,0.009009892135389469,0.006328990358951165
991,0.008586126060758835,0.012162889909086217,0.014042844662786982
992,-0.0037874270601165804,0.0003787855988550944,0.0014861567113521493
993,0.00937030317195479,0.014039903263748281,0.015375343095187108
994,0.009981672580095885,0.0055916606002820906,0.0036266356015335
995,0.011547004008466071,0.010744062669335246,0.009269372672054818
996,0.0038149857234724307,0.003984123181712921,-0.00061769135330892
997,0.007516004148459349,0.010559035939465364,0.01217249060944674
998,-0.008191702493431933,-0.010167308359431276,-0.007790270900183363
999,0.0017947307576095433,0.0005939960710982855,0.0006147453201654536
1000,0.06253767507596977,0.017910891385792292,0.015398560780414957
1001,0.05828110757893583,0.024817638641505102,0.024429269167471
1002,0.07491201545926147,0.00044459991221838845,-0.0003226131536895957
1003,0.06824556917977198,0.01148399223258478,0.014446184730165868
1004,0.06668543678223653,0.0028953979182122017,-0.000376432511219191
1005,0.06702156638596296,0.007683051961803955,0.0074815065236907684
1006,0.06272980361168601,0.01478192231903813,0.01817924482562947
1007,-0.05922215406432256,-0.0215519937810675,-0.018790525207134454
1008,0.07019401414424933,0.007893180007992093,0.007090111112763331
1009,0.06654654605469537,0.01442350205655208,0.014313716302133971
1010,-0.0695659299032389,-0.005992252586853807,-0.005229879206654372
1011,0.04839567810481979,0.031031133178146826,0.020080372894942564
1012,0.06752652747738261,0.005226348125771534,0.0008418418093877472
1013,0.04979442892767944,0.03308155709565593,0.028302315824321012
1014,-0.0722198059972117,-0.010222654655494906,-0.005358904744296073
1015,-0.07074267954290747,-0.004117295948787162,-0.0008128549521405088
1016,0.06673351736929267,0.010397447447198968,0.011943294304115306
1017,-0.06098530433174709,-0.02160954812915422,-0.01706000132951433
1018,0.06685098498393716,0.01176080201405848,0.01006713271509223
1019,0.06834037170169813,0.009056055535624661,0.0024417599989159733
1020,0.019171817840453617,0.022890450606732657,0.019315842746603633
1021,0.015192104808420221,0.01796418832102995,0.016308817417280647
1022,0.0010438381316657946,0.002579257473976998,0.00021912993042713007
1023,-0.007557801293621133,-0.0061460444964063585,-0.002880323411599226
1024,0.027983693515711075,0.03515086736671886,0.0223783491670074
1025,-0.0036949952149312034,-0.0012333480826273923,0.0013885070125652047
1026,-0.006900400479576087,-0.008420062622329834,-0.005786467689579036
1027,-0.00739790900499615,-0.003759473041085395,0.0036667517822578195
1028,0.020457473875972666,0.026354976483191073,0.02555255001168893
1029,-0.00023907077690130119,-0.0020061964163143303,0.0031605331891307077
1030,-0.003209135862751432,-0.00731016293578155,-0.00326329377129369
1031,0.008066209162283273,0.010330237629722265,0.010308968214378093
1032,0.003706888779995428,0.00031668271152720303,-0.0034833001404827786
1033,-0.002252749188086969,-0.005781384102853849,-0.005684759015502306
1034,0.01586187680827128,0.019790311903025853,0.021608872156385087
1035,0.01979984884710785,0.02183750972525519,0.012865211474475724
1036,0.01878794550710995,0.01959412951219,0.01425138742274281
1037,0.016025407074390048,0.01912146882118944,0.010809162828641713
1038,0.011417410210360513,0.013930719949156503,0.015732888466819785
1039,-0.01613884847662482,-0.02001752251160153,-0.017803175665081397
1040,0.027439093457232524,0.03173300396087244,0.03027064968944481
1041,0.010144450254439075,0.014875957913759612,0.010592334440503594
1042,0.014017193259894027,0.0179034822750778,0.012728580205186236
1043,0.020427837103480808,0.023806869120885407,0.02308855958890773
1044,0.02445518971637738,0.037139097857471444,0.032680124881009506
1045,0.011616918057224505,0.01455325144018976,0.0030529686115578145
1046,0.011833826878387894,0.01778030679948921,0.01565087788094751
1047,-0.0012550988638288779,-0.0032800963305770546,-0.0007261827529914246
1048,0.006743111243563289,0.003781735782791326,0.0036888563967695026
1049,-0.004479824972681201,-0.007879543908929525,-0.008383332340669637
1050,-0.0027820521254314353,-0.004185983901264138,-0.0032589517311674074
1051,-0.004978366160209157,-0.007544452439734853,-0.0072943428804191435
1052,0.0043509918605236855,0.0094472144023455,0.008226033611166571
1053,0.019594651126713863,0.02313397799335057,0.01786715553868866
1054,0.04643456606646887,0.05718077200175774,0.04377790808037751
1055,0.008721557202047845,0.010318882321115804,0.008772993480637531
1056,-0.010731671016022612,-0.014249024400098438,-0.008861684880752783
1057,0.022325469418296145,0.026910717246474883,0.0224424906743588
1058,0.0025199067878608154,0.00844419481666774,0.005004584891932429
1059,-0.0020315558750579827,-0.004866333725876677,-0.00282973840394219
1060,0.00897896458447306,0.01320019426873462,0.013943135996781401
1061,-0.009368242502991238,-0.014486410814576453,-0.00654401769043317
1062,0.009138516495355924,0.00951275336401579,0.011428819251578615
1063,0.005206683549463238,0.006259351351497848,0.00670682646167451
1064,0.00756894834824358,0.010114826672971408,0.004900730958130395
1065,0.011149131719979818,0.01806902259137355,0.010136961190974958
1066,0.007178272349564523,0.008455551601211904,0.006124455689987938
1067,0.006531217553937366,0.0051697142784068815,-0.00032046213103880707
1068,0.00992088112789163,0.01396067056302018,0.008686829233666427
1069,0.011579003800980401,0.012743198509934398,0.00965658484413655
1070,-0.006722780444105067,-0.007312559133274442,-0.007381255106105197
1071,-0.011763562325971463,-0.014483802415326258,-0.012624009876097277
1072,0.005544888778734808,0.0005081163501562697,-0.003793026285380031
1073,-0.011798274410659351,-0.012550546133505619,-0.009308474743238865
1074,0.0074317505805658705,0.010762872312306992,0.011761532997912405
1075,0.018198868414428887,0.024768823655942466,0.01808169605566302
1076,0.014003978029647104,0.02249833680726955,0.02029370935749933
1077,-0.006933868125878422,-0.012099891715460588,-0.0012596321704442283
1078,-0.004556999614490984,-0.0038350595850263087,-0.0033583796375722735
1079,0.010477274724277709,0.013867034093429636,0.013152934134960576
1080,0.0012484949833435491,0.00017294035637723773,0.0007605939451743542
1081,0.002319147458267541,0.0040387371301597265,0.006297209161822137
1082,0.01387489144377724,0.018229892136654408,0.009149065598861958
1083,-0.0061637432992738056,-0.011250308609473895,-0.012342637662616044
1084,0.0012492930817916692,0.0022777764355594366,0.002275893923227679
1085,-0.0037957764413213855,-0.007457852992849232,-0.0031614604859108533
1086,-0.006870105112862683,-0.010305477382801277,-0.007831628695133082
1087,-0.004516721515872855,-0.011032301700618153,-0.014089684165743355
1088,0.014893849255270219,0.016375720426411146,0.010496082476366452
1089,0.006980037160342703,0.007732297605745192,0.0036727566825193294
1090,-0.004796044744722208,-0.004016453605925103,-0.001983062347071498
1091,0.0034013255166554304,0.004084436437994349,0.000857770371514147
1092,-0.014404899626195893,-0.022163022916251295,-0.01988331943139643
1093,-0.0029511995170119583,-0.000815087880371654,0.0027782027242258776
1094,0.03351476144224738,0.03984270990024961,0.036096808751579085
1095,0.005183050881274372,0.007764024465528193,0.004904329887997964
1096,0.015579390039580664,0.021749826256051666,0.018743521233359182
1097,0.00549618561745626,0.011094093957861737,0.0029255009822249855
1098,0.010728586498589082,0.019076248093295174,0.015888163703842426
1099,0.01471418028001039,0.017428577323266758,0.017705902861573485
1100,-0.007647862237299899,-0.008193572799345657,-0.0048890282211558065
1101,0.005933239179270112,0.003709809828039426,0.0032874303128609277
1102,0.02629579585121942,0.03491202952319677,0.026700626625763484
1103,-0.0037378191520039605,-0.008232326078188058,-0.008631196804230416
1104,-0.0008404050608090069,-0.006717193158908032,-0.005940062816400011
1105,0.0024325343097513904,0.00554495228570605,-0.0004701258239460486
1106,0.009727470586947751,0.01002321543810735,0.01311129080017601
1107,0.012964299454859503,0.018016169480004236,0.016197126287753216
1108,0.022356185569417063,0.02811786803060891,0.022170360079620557
1109,0.012642763740302803,0.010016795519015853,0.0060534416221104965
1110,0.005539638466514,-0.0019528151368015442,-0.0017846855188907958
1111,0.022251899657883236,0.023234520382526963,0.02111046542933468
1112,0.015230933542723351,0.018329270912130567,0.017861895800530547
1113,-0.012594460363787283,-0.018976948445472423,-0.018039280396221623
1114,0.03828086671168345,0.04387282710532557,0.03201969343443189
1115,0.02871248678493171,0.029841408462040392,0.030445066953713483
1116,0.004196795005221137,0.005573355283486159,0.008052906429450179
1117,0.011104782009454915,0.013612955211376952,0.013130900949765786
1118,0.02307651567697821,0.026169521671578183,0.02049717941808885
1119,0.004146368441102206,0.009393550521463501,0.010436849290400427
1120,0.01556285592342967,0.023411617880306733,0.01470297747612941
1121,0.020296490643848634,0.026143320619225256,0.025758533555351844
1122,-0.006512089867618121,-0.013505884041708882,-0.01091782894050795
1123,-0.0012944069380348257,-0.005046625299558208,-0.0015363765790827378
1124,0.01797955208948852,0.022862921658147736,0.02033385735967292
1125,0.012153448626616433,0.01259646475780276,0.009661108052830616
1126,0.0180097602212215,0.020071393912504065,0.015502558022933374
1127,0.004647687835567451,0.008420009911806536,0.010598993007140583
1128,0.0026688964312454756,0.004818203753907463,0.007100632813858313
1129,-0.01895645653713502,-0.018592026636500947,-0.020477908188570034
1130,-0.00817133086881493,-0.011162876012899654,-0.01428215766455416
1131,0.0069198995590964586,0.01265272409569064,0.007129966947209566
1132,0.01675447082017091,0.018353048120748578,0.01185679984520946
1133,0.013043489248579,0.0203939955391732,0.012778107052135619
1134,0.004702408402081976,0.005977568611679592,0.005642544297626055
1135,0.002886886706806777,0.0007430932985262773,-0.00087188757527147
1136,0.009071684522479194,0.005727652419091403,0.00839622288205067
1137,0.007313857203309144,0.007823289477524592,0.010853034482869617
1138,0.024090806938670935,0.028098689389729474,0.02238824715062364
1139,0.008176900828421617,0.01252444609246351,0.015343118336891986
1140,-0.01241188874154777,-0.015243984366314507,-0.012118615121037209
1141,-0.009772173326376168,-0.013094077977052428,-0.011850191130709316
1142,0.025535510210145038,0.03404850379204025,0.02744367352969884
1143,-0.008489582934527558,-0.010898463533550147,-0.005730861150550794
1144,0.01599476818827103,0.017371485203616047,0.00879181429571024
1145,0.0029298788997331186,0.005332927622167585,0.003606693121137407
1146,0.004177263878592247,0.0034637438205299166,0.003711474332051601
1147,0.004627894910557586,0.007636789187811258,0.007257605875882562
1148,0.021773988807390697,0.02424116892130461,0.01822783711935952
1149,0.0038852776949343574,0.003957274390484604,0.004711495746957943
1150,0.005903096025160524,0.007564941080487391,0.006975722530888169
1151,-0.013038747487399398,-0.016829588289532092,-0.015335448435731836
1152,0.008939006471308717,0.010684270484525148,0.015446236995367171
1153,0.013041770746002875,0.01822887368602481,0.01597307874587506
1154,0.009349534229254624,0.012517877947022055,0.00896700864794322
1155,0.02400669979100671,0.030328999961187077,0.022455265641487733
1156,0.007022423891147761,0.006417501188740609,0.008389277776292212
1157,0.010106354241853324,0.014824509614364597,0.012182349088775031
1158,0.02717666493781295,0.03472933995685746,0.03584131182537832
1159,-0.013281745655468323,-0.01276184241342868,-0.011587987046282828
1160,0.0005587700631990555,-0.0016264463683928585,-0.005230625256552186
1161,0.024364195165793325,0.02869167223136223,0.022865747567499192
1162,0.01816575649128311,0.02380231789624955,0.019595466231103736
1163,0.014905460247000905,0.0159613098514201,0.006069918765043547
1164,0.016856846648861563,0.01951315394403722,0.014632846468973774
1165,0.010461651986334228,0.018643914844993427,0.013750099956033676
1166,0.026962811702230756,0.038527384289759034,0.029655774739379723
1167,0.011102872853789577,0.01724448372520345,0.011802638177567586
1168,0.009358660881864288,0.014198459866765881,0.007111220121099379
1169,0.008335241176646788,0.006779134271795133,0.0078204342130047
1170,0.008764112832691531,0.012137799493114719,0.007863972736449372
1171,-0.008310684277874375,-0.011108447519421832,-0.012123986249146613
1172,0.016072884054029395,0.01593996260135577,0.010348846922767633
1173,0.004674608695771452,0.003999912642653139,0.0017063128846923632
1174,0.029370160971086554,0.03560995824502235,0.02883153897133941
1175,0.005367644147844779,0.004710282672640429,0.005881699584099695
1176,0.011648797267557097,0.012236776001922202,0.0067752025688341926
1177,0.009443853658588356,0.013837279526695287,0.009554152168493004
1178,-0.0015881848288118753,-0.0014501170759836676,-0.005414962690688412
1179,0.018874203834954268,0.02338730387184708,0.007982448611688746
1180,0.03042191608730471,0.0368600708862603,0.02998072037575057
1181,0.006137636633897847,0.005228403005487691,0.00898939557116011
1182,0.0025237659162915373,-0.0013056098582713686,0.0006064843222085691
1183,0.0018337576205994096,0.0031826009905186322,0.000942616420737974
1184,-0.01761213964042871,-0.022737958183171755,-0.017885272709204668
1185,0.004075377192271374,-0.0014681992166861672,-0.004889666733442375
1186,0.009499458260326655,0.010157943242415228,0.00773963220211644
1187,0.019666305015069396,0.02014566962214672,0.014764000281726102
1188,0.018468305418470887,0.024371292530387882,0.016800514857735985
1189,0.0010562123448560352,0.002916978616909624,0.003616367877636445
1190,0.0028229906315592585,0.004958902849284613,0.012188624132748894
1191,0.02054095788069378,0.02254610320464708,0.023303496332054613
1192,0.0041303912940995075,0.007269838777502938,0.005587956116774648
1193,-0.00012686475804383254,0.0008585836586299472,0.0034826829485394076
1194,0.023938675256410004,0.027430336456865143,0.024672389611511678
1195,0.019449091222037262,0.021905330632274983,0.015476569473084185
1196,0.006562254773625844,0.010697696777233694,0.010594360888709367
1197,-0.0011862013125523482,-0.0029211091041641065,-0.006893704404916439
1198,-0.019123941433583123,-0.02198848363770209,-0.02013736402448345
1199,0.013783781472455538,0.019810196847919723,0.016603160346722164
1200,-0.005013724475175591,2.1402160195774407e-05,-0.001294552030228784
1201,-0.01850225902127604,-0.016941082014767253,-0.007998392438396465
1202,0.026371125516385038,0.03449400232269139,0.029644485647233293
1203,0.014520771600413651,0.012662816095228215,0.008922142260286718
1204,-0.008082885335033364,-0.011878424857162595,-0.010990843599837286
1205,-0.009036542134901841,-0.012577054430651127,-0.009470390567059941
1206,0.017341447266823764,0.026037455504620926,0.017492081390014826
1207,-0.004780992147485805,-0.007948628079073958,-0.004475412089226563
1208,0.022719698401591278,0.02848480338931586,0.018438756079154104
1209,0.014122217371218541,0.017265630506247635,0.01578263562974188
1210,0.013112024078386953,0.012777297010244399,0.009701343364272457
1211,0.011443592914179821,0.014939745032751079,0.013262919092064689
1212,0.008746238582820646,0.011755009114899604,0.0062019294412225135
1213,0.017462238899080145,0.016983577824164434,0.014361573506778025
1214,0.0005808425751197294,0.004564089122084413,0.01127978466921064
1215,0.007411771342092522,0.002296001558544986,0.0003909549246748933
1216,0.015836010903742516,0.017135074937259173,0.014711766437466377
1217,0.013445874560294337,0.019208689418991606,0.02012797226629867
1218,-0.008790964993651507,-0.01432257058199768,-0.009049336464649282
1219,-5.181927057501014e-06,0.0011014197800803408,0.002246877642325843
1220,0.009522294830733751,0.007327302301509904,0.0026562749003618234
1221,0.00116353212266889,0.0011020703733704241,-0.003158432869908241
1222,0.0287724078075069,0.027210096342525587,0.021937045287518882
1223,0.0013515170611577221,-0.0010426251960278343,-0.0022989805534681983
1224,0.0042726362289809,0.0002480174510464013,0.00013814659717280468
1225,0.016057162774374613,0.01799810682285725,0.01504882896420225
1226,0.010505500559880539,0.011293523705049286,0.006895766320550598
1227,0.004486962637889843,0.0032540420060810753,0.004165724565850274
1228,-0.0032444150254293735,-0.001370074954258688,0.0047812107519423835
1229,0.01013843999206684,0.009361568431898578,0.004297438289633391
1230,0.01946820116101306,0.02536794819774995,0.01880952259823587
1231,0.012384683817373525,0.020013842950442774,0.015854191682704223
1232,-0.003518774141310666,-0.003782769513734004,0.0005802345382380429
1233,0.02829321390908616,0.031239665363182564,0.02124006299336444
1234,-0.011973368461079315,-0.018318797428829775,-0.0180233319983283
1235,-0.013695010472232094,-0.01867855013230678,-0.021784936990851895
1236,0.018474749929194505,0.02439797584926105,0.018125833090180378
1237,0.009181236521324847,0.011509504930911138,0.011358413706277864
1238,-0.0006261125887523063,0.0022110714780098272,0.0051373934826687995
1239,-0.007571387359115808,-0.006649664700304663,-0.004190312715842946
1240,0.03568060926225057,0.04326201349344898,0.03270921796413577
1241,0.007805650717243902,0.010864082212912496,0.010925325171884118
1242,0.013081725034742258,0.021564873683853156,0.017898011061744955
1243,0.010345519086323777,0.016891320962099,0.0074392523624227545
1244,0.01182448928512347,0.013232020176186885,0.006702039287201164
1245,0.013156269907929905,0.01891716507947766,0.01991466994338803
1246,0.015589067655611927,0.020559504102164016,0.017466505217616612
1247,0.001578325658255871,0.005487565420792656,4.257075452859544e-05
1248,0.002635543567506481,0.005286490362955801,0.006822111686374052
1249,-0.015697834810531112,-0.02191798968973731,-0.014177839690810733
