Date,MSI
2015/4/27,3.1672630203529453
2015/4/28,3.077093441861599
2015/4/29,3.106508759621946
2015/4/30,3.1538213142060387
2015/5/1,3.1999511869216217
2015/5/4,3.357841104933049
2015/5/5,3.052692272461836
2015/5/6,2.9706621255617387
2015/5/7,3.0359387128870323
2015/5/8,2.946181863396146
2015/5/11,2.9431493468377576
2015/5/12,2.9059746341795973
2015/5/13,2.946656701777501
2015/5/14,3.417320927116258
2015/5/15,3.5056409591314055
2015/5/18,3.515948454632074
2015/5/19,3.4787534057249467
2015/5/20,3.5811606967456213
2015/5/21,3.6630607384836393
2015/5/22,3.6515253956003018
2015/5/26,3.658546954362476
2015/5/27,3.6995050891565047
2015/5/28,3.750381505524642
2015/5/29,3.9393254831274187
2015/6/1,4.047762429047318
2015/6/2,4.057959716616123
2015/6/3,3.9284445432645554
2015/6/4,3.974833217204092
2015/6/5,4.0410555292088555
2015/6/8,4.038052677494222
2015/6/9,4.071299480491024
2015/6/10,4.080871759056107
2015/6/11,4.04701136850057
2015/6/12,3.9518380597355107
2015/6/15,3.980306478351376
2015/6/16,3.9799009229046316
2015/6/17,3.989476230133528
2015/6/18,3.9828002749068774
2015/6/19,3.9941096666212115
2015/6/22,3.9908467062776354
2015/6/23,4.02005049363878
2015/6/24,3.980162016190035
2015/6/25,3.8803252204671943
2015/6/26,3.939991958095756
2015/6/29,3.9334926289533567
2015/6/30,3.7343035168901597
2015/7/1,3.603088978268751
2015/7/2,3.527378016979279
2015/7/6,3.55043138822492
2015/7/7,3.5526656476533645
2015/7/8,3.5581308633777677
2015/7/9,3.628713629703582
2015/7/10,3.6258194832849724
2015/7/13,3.7323610388640645
2015/7/14,3.623087028403384
2015/7/15,3.568097688485379
2015/7/16,3.48064927821054
2015/7/17,3.4350715259404385
2015/7/20,3.2870504487463035
2015/7/21,3.266745630094717
2015/7/22,3.23351358591058
2015/7/23,3.2348763417054545
2015/7/24,3.240338334143794
2015/7/27,3.260808256780775
2015/7/28,3.3115109075811966
2015/7/29,3.091554170704892
2015/7/30,3.0904631476928213
2015/7/31,3.157395910377418
2015/8/3,3.122646977124789
2015/8/4,3.134152603172928
2015/8/5,3.245174589048475
2015/8/6,3.2554254879072806
2015/8/7,3.2538691104958
2015/8/10,2.7816370648730873
2015/8/11,2.586586116761046
2015/8/12,2.5732814054823736
2015/8/13,2.5820906306485996
2015/8/14,2.480924543176714
2015/8/17,2.4780068844845737
2015/8/18,2.4709032919701803
2015/8/19,2.4519317316611997
2015/8/20,2.4773840225549875
2015/8/21,2.5220565825269907
2015/8/24,2.349311913600833
2015/8/25,2.346578874614242
2015/8/26,2.4820639890989393
2015/8/27,2.4622340313225766
2015/8/28,2.41817170466564
2015/8/31,2.4360483046874273
2015/9/1,2.470645830800675
2015/9/2,2.514564056932022
2015/9/3,2.514368089860246
2015/9/4,2.613762871807608
2015/9/8,2.746715186542171
2015/9/9,2.7553354234589524
2015/9/10,2.7559336682021063
2015/9/11,2.749599765916538
2015/9/14,2.7629427336170176
2015/9/15,2.770301163963867
2015/9/16,2.7702290934173868
2015/9/17,2.747070913814565
2015/9/18,2.7483797353437707
2015/9/21,2.857699679577831
2015/9/22,2.7598905102763367
2015/9/23,2.782157954167105
2015/9/24,2.692455329144608
2015/9/25,2.804479817627011
2015/9/28,2.843067656002593
2015/9/29,2.8549222168623287
2015/9/30,2.929080066079641
2015/10/1,3.0199124045983363
2015/10/2,3.0045481018404607
2015/10/5,2.9937789795749676
2015/10/6,2.9187678896378313
2015/10/7,2.9067869309415153
2015/10/8,2.852100238368615
2015/10/9,2.8436584649886973
2015/10/12,2.850349807355363
2015/10/13,2.8447572423581478
2015/10/14,2.855127233351222
2015/10/15,2.853186460235141
2015/10/16,2.8882401153821617
2015/10/19,2.9198144571405753
2015/10/20,2.849244335785716
2015/10/21,2.7183308370533967
2015/10/22,2.7186841941072357
2015/10/23,2.907066034394808
2015/10/26,2.8402893028888263
2015/10/27,2.85625989387946
2015/10/28,2.8351542125194396
2015/10/29,2.725789209087581
2015/10/30,2.7153344633248984
2015/11/2,2.827198561228856
2015/11/3,2.870589262355152
2015/11/4,2.8739798091467965
2015/11/5,2.8790589886633366
2015/11/6,2.902404544896696
2015/11/9,2.985862084198334
2015/11/10,2.955988637297904
2015/11/11,2.989503542980007
2015/11/12,2.9985410289134746
2015/11/13,2.9441356537875434
2015/11/16,3.002302077349116
2015/11/17,2.995073313749537
2015/11/18,2.8863422584793144
2015/11/19,2.8308840764393763
2015/11/20,2.8284611058233806
2015/11/23,2.9027615087800256
2015/11/24,2.8136844970453674
2015/11/25,2.809589185896517
2015/11/27,2.8721517555384013
2015/11/30,2.884931457906816
2015/12/1,2.786887173317587
2015/12/2,2.845244184369219
2015/12/3,2.8370333137914754
2015/12/4,2.8938107810694262
2015/12/7,2.9220004861964575
2015/12/8,2.9267324133850687
2015/12/9,2.926198709059533
2015/12/10,2.942023138921485
2015/12/11,2.923573379527086
2015/12/14,2.98405987474188
2015/12/15,2.8768876131726775
2015/12/16,3.009212797925316
2015/12/17,2.9094150098808926
2015/12/18,3.0342382593901203
2015/12/21,2.964124641358269
2015/12/22,2.9906430116069513
2015/12/23,2.956852231367152
2015/12/24,2.8769312691747806
2015/12/28,2.7809182620435946
2015/12/29,2.756828190407489
2015/12/30,2.762606082609202
2015/12/31,2.763081218069667
2016/1/4,2.834735441681132
2016/1/5,2.852085228210706
2016/1/6,2.881865728961515
2016/1/7,2.9095746033790477
2016/1/8,2.9054547640834256
2016/1/11,2.909998214629845
2016/1/12,2.913655741110601
2016/1/13,3.0162023845411254
2016/1/14,2.9615602798817338
2016/1/15,3.0018640988049423
2016/1/19,3.012394928876519
2016/1/20,2.9905059648945764
2016/1/21,2.8125349439234597
2016/1/22,2.8518135170724235
2016/1/25,2.8066556045928337
2016/1/26,2.7296857650438136
2016/1/27,2.760120026624711
2016/1/28,2.818513507564697
2016/1/29,2.6721522138108753
2016/2/1,2.6321535216406926
2016/2/2,2.6434469113062433
2016/2/3,2.665805247351039
2016/2/4,2.6334598922106247
2016/2/5,2.6161252629992697
2016/2/8,2.589446880380909
2016/2/9,2.5680015828309832
2016/2/10,2.5623724317894907
2016/2/11,2.5452152411515163
2016/2/12,2.5420163350814295
2016/2/16,2.5012442026781847
2016/2/17,2.6516269624971835
2016/2/18,2.5595805994175738
2016/2/19,2.5264597381467433
2016/2/22,2.4557128667356145
2016/2/23,2.443877566433519
2016/2/24,2.434047304822102
2016/2/25,2.294002411688728
2016/2/26,2.2687829432218014
2016/2/29,2.293396020787569
2016/3/1,2.09900172968347
2016/3/2,2.0764024140695563
2016/3/3,2.0265201459863094
2016/3/4,2.1191354861971012
2016/3/7,2.1002338972221355
2016/3/8,2.083025206854188
2016/3/9,2.0723355267292103
2016/3/10,2.236690451544764
2016/3/11,2.286352248677214
2016/3/14,2.287732594148798
2016/3/15,2.271674745531855
2016/3/16,2.2638450763963065
2016/3/17,2.1501056746698777
2016/3/18,2.116907275581373
2016/3/21,2.073986111593377
2016/3/22,2.1197090644461696
2016/3/23,2.116906520756935
2016/3/24,2.1406170632387003
2016/3/28,2.3660873108202116
2016/3/29,2.3846517473941655
2016/3/30,2.365418873473509
2016/3/31,2.536163929627608
2016/4/1,2.48204233553621
2016/4/4,2.548815019104955
2016/4/5,2.5445850409640824
2016/4/6,2.6071936291156197
2016/4/7,2.6299661267894603
2016/4/8,3.0249999705776838
2016/4/11,2.8912272072735106
2016/4/12,2.928870031390687
2016/4/13,3.0405155719115537
2016/4/14,3.132220388406549
2016/4/15,3.2313422991644334
2016/4/18,3.224576094902822
2016/4/19,4.340287690740864
2016/4/20,5.6767337783759775
2016/4/21,6.18103211895884
2016/4/22,6.90242944258805
2016/4/25,7.185750295693778
2016/4/26,7.358963820704715
2016/4/27,7.365808883642661
2016/4/28,7.331157052994846
2016/4/29,7.303184191059216
2016/5/2,7.572081781322345
2016/5/3,7.660520338634859
2016/5/4,7.849659764715883
2016/5/5,7.8387923011186835
2016/5/6,7.8924689771861045
2016/5/9,7.907611748895799
2016/5/10,7.825360278347352
2016/5/11,7.813493281389752
2016/5/12,7.825627762957737
2016/5/13,7.830780933217556
2016/5/16,7.894196138265793
2016/5/17,7.928569999362678
2016/5/18,7.9295791279817
2016/5/19,7.962114797942585
2016/5/20,7.976708990122706
2016/5/23,8.01174128435739
2016/5/24,7.989678327698767
2016/5/25,7.991622899831502
2016/5/26,8.005387782415719
2016/5/27,8.004392914880345
2016/5/31,7.9216594550325725
2016/6/1,7.972832747864049
2016/6/2,7.975823667558706
2016/6/3,8.140276905231309
2016/6/6,8.079779819390883
2016/6/7,7.979496481015318
2016/6/8,8.030912333803679
2016/6/9,7.933194374744192
2016/6/10,8.299098413499568
2016/6/13,8.238746053032449
2016/6/14,8.489448643083552
2016/6/15,8.650734579119945
2016/6/16,8.613546262336852
2016/6/17,8.611316269721
2016/6/20,8.58937207299383
2016/6/21,8.551096696956154
2016/6/22,8.624959711395043
2016/6/23,8.738316312431596
2016/6/24,8.512588046682236
2016/6/27,8.603470866049536
2016/6/28,8.503221393915362
2016/6/29,8.474088302852522
2016/6/30,8.454308316734755
2016/7/1,8.41586191092099
2016/7/5,8.071455703105174
2016/7/6,8.075566195392812
2016/7/7,8.035044995261561
2016/7/8,7.935466142728044
2016/7/11,7.856297938064668
2016/7/12,7.758539476729678
2016/7/13,7.754847048724966
2016/7/14,6.979666896468226
2016/7/15,5.654339095295263
2016/7/18,5.218672681077391
2016/7/19,4.498373581095509
2016/7/20,4.186557563672087
2016/7/21,4.029120911903345
2016/7/22,4.089481458862307
2016/7/25,4.095365697303189
2016/7/26,4.095144004922633
2016/7/27,3.826070663939521
2016/7/28,3.670757259354288
2016/7/29,3.4575190579424824
2016/8/1,3.5076428657448964
2016/8/2,3.455624037442146
2016/8/3,3.450454265425206
2016/8/4,3.4111891665657423
2016/8/5,3.412391872540071
2016/8/8,3.2511033032635024
2016/8/9,3.2499792664768057
2016/8/10,3.2014102449332134
2016/8/11,3.4323370236279063
2016/8/12,3.424855408736353
2016/8/15,3.379424720639468
2016/8/16,3.3679731843784
2016/8/17,3.4069586445019757
2016/8/18,3.5242843792385288
2016/8/19,3.5344326993044857
2016/8/22,3.5561458308147227
2016/8/23,3.5791901824157173
2016/8/24,3.6308609206826885
2016/8/25,3.6208142077225953
2016/8/26,3.620772942113724
2016/8/29,3.6518031828281976
2016/8/30,3.5529265624641124
2016/8/31,3.5817059558774735
2016/9/1,3.5314005756783495
2016/9/2,3.5111722025030185
2016/9/6,3.1298591199359738
2016/9/7,3.11496036190519
2016/9/8,2.8529164719823403
2016/9/9,2.7658551739446064
2016/9/12,2.739358780125841
2016/9/13,2.7562506834775147
2016/9/14,2.7577528382218333
2016/9/15,2.570637151987968
2016/9/16,2.5005419254215355
2016/9/19,2.360710921980295
2016/9/20,2.3434601608454897
2016/9/21,2.254465873478678
2016/9/22,2.2459282728069865
2016/9/23,2.250710798594474
2016/9/26,2.212069144556065
2016/9/27,2.2298717659347482
2016/9/28,2.227228476441174
2016/9/29,2.23449697545905
2016/9/30,2.3371017652740056
2016/10/3,2.455352692601568
2016/10/4,2.464553574129854
2016/10/5,2.4744523214729384
2016/10/6,2.570543403917852
2016/10/7,2.2030517867216277
2016/10/10,2.2302352727026844
2016/10/11,2.5830666756983054
2016/10/12,2.5623738146864254
2016/10/13,2.6289339852182088
2016/10/14,2.6098258267413956
2016/10/17,2.533917246509227
2016/10/18,2.659159008747236
2016/10/19,2.665864571618882
2016/10/20,2.6729531033387834
2016/10/21,2.7813089617847164
2016/10/24,2.7907405078228678
2016/10/25,2.789619611889837
2016/10/26,2.926182103282327
2016/10/27,2.92314443563825
2016/10/28,3.005614960438374
2016/10/31,3.1818857608693105
2016/11/1,3.1850983107680304
2016/11/2,3.2230859973544024
2016/11/3,3.209419248603352
2016/11/4,2.9385709472703367
2016/11/7,2.9510233834478448
2016/11/8,3.0185163053361723
2016/11/9,3.0366096689247795
2016/11/10,3.0568347696889338
2016/11/11,2.9440038259138888
2016/11/14,2.9359296616197033
2016/11/15,2.9929652182047985
2016/11/16,2.9725210602368
2016/11/17,2.879135581027617
2016/11/18,2.8326670363366135
2016/11/21,2.8644316799552887
2016/11/22,2.7490630496593043
2016/11/23,2.843277906317671
2016/11/25,2.809095418702317
2016/11/28,2.831765678758827
2016/11/29,2.8444098442458485
2016/11/30,2.849893489838978
2016/12/1,2.865736338871742
2016/12/2,2.874009796988435
2016/12/5,3.0218334681656693
2016/12/6,3.0239664149376986
2016/12/7,3.006367094945394
2016/12/8,3.013926836264404
2016/12/9,3.0476850506646787
2016/12/12,3.0234280042092974
2016/12/13,3.04973375970913
2016/12/14,3.0548967319484808
2016/12/15,3.08656171310273
2016/12/16,3.086757908130408
2016/12/19,3.0976543238203997
2016/12/20,3.0932936602669066
2016/12/21,3.0993813029659174
2016/12/22,3.047678897149838
2016/12/23,3.0228394303146775
2016/12/27,3.0810708679356145
2016/12/28,2.906959197552295
2016/12/29,2.8755760155965424
2016/12/30,2.8641838714624788
2017/1/3,2.81115530021376
2017/1/4,2.819567962461288
2017/1/5,2.820293041770023
2017/1/6,2.4818329536597346
2017/1/9,2.5976272474810878
2017/1/10,2.5098282335658104
2017/1/11,2.513252047582307
2017/1/12,2.5310538659912054
2017/1/13,2.4382830623829785
2017/1/17,2.4323954870058087
2017/1/18,2.557890086586811
2017/1/19,2.5354842359735303
2017/1/20,2.6178632430984052
2017/1/23,2.670108336452134
2017/1/24,2.664015402994648
2017/1/25,2.89901548444054
2017/1/26,2.9290832766889974
2017/1/27,2.9384035494093936
2017/1/30,3.067898332984049
2017/1/31,3.099371799627543
2017/2/1,3.0968205546837777
2017/2/2,3.10950089442061
2017/2/3,3.153700551469653
2017/2/6,3.1058455652959185
2017/2/7,3.102493386466958
2017/2/8,3.0224208316885863
2017/2/9,3.0147151613064533
2017/2/10,3.0971012556378796
2017/2/13,3.0421968400928936
2017/2/14,3.0539625797035175
2017/2/15,3.053240040777584
2017/2/16,3.0914697053628575
2017/2/17,3.057964940990922
2017/2/21,2.9861030155491552
2017/2/22,2.907044611143938
2017/2/23,3.0530430566082774
2017/2/24,3.039807884112336
2017/2/27,3.0284731148147346
2017/2/28,3.0477331775674963
2017/3/1,3.075863705268325
2017/3/2,3.0790388912917317
2017/3/3,2.8513502691533
2017/3/6,2.9078443992541114
2017/3/7,2.9266180885188526
2017/3/8,2.912496424954804
2017/3/9,2.869254034682884
2017/3/10,3.0524319384386285
2017/3/13,3.0622793455177644
2017/3/14,3.0781338691632265
2017/3/15,3.0500686270483355
2017/3/16,3.186169294611594
2017/3/17,3.2018352068268334
2017/3/20,3.220152830012192
2017/3/21,3.2020955519967456
2017/3/22,3.220784559856873
2017/3/23,3.221176642099701
2017/3/24,3.0710466980667395
2017/3/27,3.0977995198195476
2017/3/28,3.3322446079615577
2017/3/29,3.3421878595756254
2017/3/30,3.3209780820523473
2017/3/31,3.2972002446783124
2017/4/3,3.254828100117136
2017/4/4,3.358426073316335
2017/4/5,3.2682229578102753
2017/4/6,3.487137536163297
2017/4/7,3.4712019958087215
2017/4/10,3.4625422165357844
2017/4/11,3.4492270699378085
2017/4/12,3.4537982961958784
2017/4/13,3.355973059468259
2017/4/17,3.4141947043679193
2017/4/18,3.341789721695088
2017/4/19,3.3058367014977055
2017/4/20,3.300211514672527
2017/4/21,3.101637233790063
2017/4/24,3.1907952324336146
2017/4/25,3.011275256227554
2017/4/26,2.9177269826226055
2017/4/27,2.9251284981871084
2017/4/28,2.9283056564252083
2017/5/1,2.9503500171982773
2017/5/2,2.900960278513132
2017/5/3,3.4538585552798233
2017/5/4,3.6963727208492014
2017/5/5,3.890473940121051
2017/5/8,3.9451669901559385
2017/5/9,3.9088741003768934
2017/5/10,3.8778636512618436
2017/5/11,3.880903682658845
2017/5/12,4.119082692480941
2017/5/15,4.08785231536406
2017/5/16,4.086744849496002
2017/5/17,4.074844059150132
2017/5/18,4.066514761982598
2017/5/19,3.941350800134207
2017/5/22,3.927921304009219
2017/5/23,4.509611326641851
2017/5/24,5.127402937480005
2017/5/25,5.3812790920325915
2017/5/26,5.735420538134336
2017/5/30,5.873903036296195
2017/5/31,5.98983824520324
2017/6/1,5.979875729910426
2017/6/2,5.986290752927502
2017/6/5,6.129334893376079
2017/6/6,5.944686171569982
2017/6/7,5.959170436888187
2017/6/8,6.077268105052667
2017/6/9,6.075072278333485
2017/6/12,6.473614356301952
2017/6/13,6.436054822080819
2017/6/14,6.560257770874452
2017/6/15,6.56864817223316
2017/6/16,6.7788544829219
2017/6/19,6.772249509872307
2017/6/20,6.754403303126025
2017/6/21,6.903749813592896
2017/6/22,6.673037583491569
2017/6/23,6.693411920966836
2017/6/26,6.67796709273893
2017/6/27,6.750487646764646
2017/6/28,6.997811354491224
2017/6/29,6.901127573238514
2017/6/30,6.8709525746777835
2017/7/3,6.794536096822238
2017/7/5,6.800184516533893
2017/7/6,6.85611025089966
2017/7/7,6.855836588051559
2017/7/10,6.8549240997034415
2017/7/11,6.855723536857401
2017/7/12,6.763233342420887
2017/7/13,6.751481204726804
2017/7/14,6.77637845228377
2017/7/17,6.907566985606014
2017/7/18,6.887278819457963
2017/7/19,6.688872949914736
2017/7/20,6.732819216493643
2017/7/21,6.7028630638946
2017/7/24,6.675203000564638
2017/7/25,6.696002367833294
2017/7/26,6.6620973730660324
2017/7/27,6.653243079826285
2017/7/28,6.0823493754436635
2017/7/31,5.8364583821151665
2017/8/1,5.623110829017656
2017/8/2,5.588236208665875
2017/8/3,5.554006103653671
2017/8/4,5.5625332979664535
2017/8/7,5.538064461522045
2017/8/8,5.2993915520774415
2017/8/9,5.302300828324847
2017/8/10,5.3091691374360765
2017/8/11,5.307176704465149
2017/8/14,5.342477019239662
2017/8/15,5.340074043707995
2017/8/16,5.350738127860137
2017/8/17,4.780778818386727
2017/8/18,4.183663129931746
2017/8/21,3.9272581964833853
2017/8/22,3.561477986910921
2017/8/23,3.4165791839224355
2017/8/24,3.2413385764492157
2017/8/25,3.6903957389168087
2017/8/28,3.7401870327842017
2017/8/29,3.6142666711866522
2017/8/30,3.6861700166238722
2017/8/31,3.647959285144074
2017/9/1,3.545637425666195
2017/9/5,3.5618118974705095
2017/9/6,3.0500837119745383
2017/9/7,3.2646329477931184
2017/9/8,3.196273588022523
2017/9/11,3.1943527804202225
2017/9/12,3.0086702360987685
2017/9/13,3.0089949093235915
2017/9/14,3.004055215948944
2017/9/15,2.831189388025143
2017/9/18,2.8308512304224718
2017/9/19,2.851370902164417
2017/9/20,2.849872287547297
2017/9/21,2.857988204570667
2017/9/22,2.6070433707051235
2017/9/25,2.512362258090803
2017/9/26,2.5559256908753465
2017/9/27,2.4184602095131695
2017/9/28,2.442358638269656
2017/9/29,2.4129468451565086
2017/10/2,2.3872389313602365
2017/10/3,2.389544257048375
2017/10/4,2.3576173092515833
2017/10/5,2.334470008373972
2017/10/6,2.331597342057144
2017/10/9,2.2663353931812535
2017/10/10,2.0661893475042206
2017/10/11,2.0447629077370726
2017/10/12,2.0691504616259206
2017/10/13,2.040215274912965
2017/10/16,2.0653218374571547
2017/10/17,2.055220775103305
2017/10/18,2.0382606677701625
2017/10/19,2.0694097783339576
2017/10/20,2.060479993423045
2017/10/23,2.048162748122616
2017/10/24,2.038664189570846
2017/10/25,2.056175764067005
2017/10/26,2.037725569366069
2017/10/27,2.0277389644202928
2017/10/30,2.099815726262958
2017/10/31,2.102391967388793
2017/11/1,2.1950894287160705
2017/11/2,2.1929318270819675
2017/11/3,2.2214775014099684
2017/11/6,2.2395902983851905
2017/11/7,2.256265776265407
2017/11/8,2.2518192859039954
2017/11/9,2.239507649921149
2017/11/10,2.2314043610417764
2017/11/13,2.1857869665880982
2017/11/14,2.1547547718955635
2017/11/15,2.1686721901840595
2017/11/16,2.2286638468566946
2017/11/17,2.483235356877407
2017/11/20,2.0681063719128794
2017/11/21,2.445966466613086
2017/11/22,2.408574047495096
2017/11/24,2.5744467105400077
2017/11/27,2.5713793752181133
2017/11/28,2.5420089561984716
2017/11/29,2.5184731316650537
2017/11/30,2.500809570014006
2017/12/1,2.3753689462170025
2017/12/4,2.4325598433950195
2017/12/5,2.5585118615510263
2017/12/6,2.5385960559423664
2017/12/7,2.540259220323756
2017/12/8,2.6016445504586887
2017/12/11,2.6304756586844453
2017/12/12,2.655544205573223
2017/12/13,2.610443301905621
2017/12/14,2.818075690287286
2017/12/15,2.875648992634212
2017/12/18,2.9433753977263657
2017/12/19,2.9445672795084477
2017/12/20,3.0945284911316437
2017/12/21,3.088996286821635
2017/12/22,3.0854585685051217
2017/12/26,3.054180957321085
2017/12/27,3.0638946757200793
2017/12/28,3.0867236400258986
2017/12/29,3.0896242002270666
2018/1/2,3.066395626868276
2018/1/3,3.095979030501538
2018/1/4,3.0690774837901613
2018/1/5,3.031265430601834
2018/1/8,3.090359628862112
2018/1/9,3.021578248817748
2018/1/10,3.0005122951247847
2018/1/11,3.0102307819105203
2018/1/12,3.0608819528878497
2018/1/16,3.0570049116374447
2018/1/17,3.055053742449883
2018/1/18,3.0730827450511056
2018/1/19,3.100471334506656
2018/1/22,3.117524747859218
2018/1/23,3.132878338226816
2018/1/24,3.1421836641114687
2018/1/25,3.314496333755806
2018/1/26,3.249281855640086
2018/1/29,3.2568858673006336
2018/1/30,3.286240969651514
2018/1/31,3.2925919937696637
2018/2/1,3.620874792923088
2018/2/2,3.715363938462083
2018/2/5,3.6521509711303684
2018/2/6,3.764761527697422
2018/2/7,3.8050082085420778
2018/2/8,3.802153637413162
2018/2/9,3.8011705052991784
2018/2/12,3.805987046689511
2018/2/13,3.8739445132463586
2018/2/14,3.8151814929108117
2018/2/15,3.7482904038772227
2018/2/16,3.8445531222085636
2018/2/20,3.4678511894314403
2018/2/21,3.4945863313609924
2018/2/22,3.273523314878181
2018/2/23,3.2771082777703375
2018/2/26,3.270225093204089
2018/2/27,3.310039548544153
2018/2/28,3.3248011287126866
2018/3/1,3.231849213521684
2018/3/2,3.272371353709302
2018/3/5,3.1338359063810706
2018/3/6,3.115418631488116
2018/3/7,3.1163101094915793
2018/3/8,3.116132148003115
2018/3/9,3.2344921839896936
2018/3/12,3.241436455772663
2018/3/13,3.2743411414269574
2018/3/14,3.1883953526716056
2018/3/15,3.058322740458388
2018/3/16,3.152935283394247
2018/3/19,3.2179442771578164
2018/3/20,3.0196256911880424
2018/3/21,3.0322633989755423
2018/3/22,3.051590570255958
2018/3/23,3.120500563599699
2018/3/26,3.241550278371489
2018/3/27,3.2143944479489175
2018/3/28,3.251771180320477
2018/3/29,3.25435317847689
2018/4/2,3.241639826251863
2018/4/3,3.296444597471674
2018/4/4,3.291725002759728
2018/4/5,3.2299920204329444
2018/4/6,3.2354292138780276
2018/4/9,3.2694100186003197
2018/4/10,3.2366602402197704
2018/4/11,3.1442939744709277
2018/4/12,3.1471496251046402
2018/4/13,3.1246960383129254
2018/4/16,3.105941892610261
2018/4/17,3.149554720158034
2018/4/18,3.1330826813633204
2018/4/19,3.4413027071054034
2018/4/20,3.7380267357116934
2018/4/23,3.979880624520343
2018/4/24,4.2584334791107
2018/4/25,4.5098803606963935
2018/4/26,4.414803191941004
2018/4/27,4.656333599126886
2018/4/30,4.361092301769703
2018/5/1,4.263938481100911
2018/5/2,4.26440103081965
2018/5/3,4.147561103204782
2018/5/4,4.153484836512617
2018/5/7,4.212481332320153
2018/5/8,4.2386772470158744
2018/5/9,4.249004239849394
2018/5/10,4.201691205928408
2018/5/11,4.198451902873148
2018/5/14,4.113824093203444
2018/5/15,3.9755762892882207
2018/5/16,3.9867775024633167
2018/5/17,3.9665897393034686
2018/5/18,3.979733861731533
2018/5/21,4.077719972291425
2018/5/22,4.100337156300127
2018/5/23,4.109812942095056
2018/5/24,4.100584212355005
2018/5/25,4.289655018183257
2018/5/29,4.151439249592655
2018/5/30,4.185869461377455
2018/5/31,4.219523747232743
2018/6/1,4.219682908564874
2018/6/4,4.159423542373519
2018/6/5,4.064120588768486
2018/6/6,4.037880379421936
2018/6/7,4.017142257850224
2018/6/8,3.8897628434382754
2018/6/11,3.8706329172793255
2018/6/12,3.8721228950351714
2018/6/13,3.808129814473977
2018/6/14,3.807987415653998
2018/6/15,3.823555240370898
2018/6/18,3.8459732270573457
2018/6/19,3.8104952086163255
2018/6/20,3.687794167450577
2018/6/21,3.8467229902179314
2018/6/22,3.8409971359394164
2018/6/25,3.855765578299959
2018/6/26,3.8737010141853143
2018/6/27,3.94114070302849
2018/6/28,3.988758148956615
2018/6/29,4.031647527982558
2018/7/2,4.051670367514695
2018/7/3,4.045339885374499
2018/7/5,4.050169412875339
2018/7/6,4.054289606078374
2018/7/9,4.326651877267775
2018/7/10,4.416547562029534
2018/7/11,4.4357564022563425
2018/7/12,4.430880788169561
2018/7/13,4.419782028726582
2018/7/16,4.128790730605536
2018/7/17,3.8313958099509615
2018/7/18,3.4283841620360254
2018/7/19,3.1265128258544883
2018/7/20,2.892295211237735
2018/7/23,3.037948380797302
2018/7/24,2.860398544926328
2018/7/25,2.8437066382023435
2018/7/26,2.8287601519763466
2018/7/27,2.828248028426777
2018/7/30,2.8142619504142203
2018/7/31,2.770938396938315
2018/8/1,2.7107536594359654
2018/8/2,2.705923108161577
2018/8/3,2.6827616484647328
2018/8/6,2.6804403696300967
2018/8/7,2.7001686105029474
2018/8/8,2.5966124242424984
2018/8/9,2.823712951787904
2018/8/10,2.764722222416647
2018/8/13,2.793051054576307
2018/8/14,2.760629871451654
2018/8/15,2.7026904224889763
2018/8/16,2.6918025506376955
2018/8/17,2.64119425548707
2018/8/20,2.6804561891618075
2018/8/21,2.4921056577782013
2018/8/22,2.4600428378722645
2018/8/23,2.4336934416410307
2018/8/24,2.3974798571095177
2018/8/27,2.4129568689583523
2018/8/28,2.4336749665345514
2018/8/29,2.493965884259674
2018/8/30,2.4858531486448525
2018/8/31,2.4922607307358766
2018/9/4,2.49569781285255
2018/9/5,2.53167736989972
2018/9/6,2.412345931746827
2018/9/7,2.4753527157409265
2018/9/10,2.54273841122242
2018/9/11,2.511732002556274
2018/9/12,2.443299946305271
2018/9/13,2.4330968951995673
2018/9/14,2.4447589155202794
2018/9/17,2.3147878256375107
2018/9/18,2.2776293788922968
2018/9/19,2.27162160852175
2018/9/20,2.231641680635603
2018/9/21,2.195204155841607
2018/9/24,2.2238211673124133
2018/9/25,2.1927209165599253
2018/9/26,2.172388346153455
2018/9/27,2.1476834216811898
2018/9/28,2.137168678757203
2018/10/1,2.1468390180986217
2018/10/2,1.9239657306811226
2018/10/3,1.8265349553832544
2018/10/4,1.8082642517411718
2018/10/5,1.7615081545105946
2018/10/8,1.7643948620692684
2018/10/9,1.7466655190586793
2018/10/10,1.7887748178510423
2018/10/11,1.8569257981375586
2018/10/12,1.852333254437655
2018/10/15,1.9278256437205918
2018/10/16,1.9562430765714098
2018/10/17,1.9022762598613785
2018/10/18,1.9268339238827115
2018/10/19,2.30786666900135
2018/10/22,2.3272517478289543
2018/10/23,2.3352119925895987
2018/10/24,2.4379624902572075
2018/10/25,2.4596802826488626
2018/10/26,2.437792180564254
2018/10/29,2.4521088383308935
2018/10/30,2.4311873476423997
2018/10/31,2.463826305091956
2018/11/1,2.5318589586516036
2018/11/2,2.346495375883827
2018/11/5,2.431718430596605
2018/11/6,2.4675933059777924
2018/11/7,2.6319226205756885
2018/11/8,2.585750218139157
2018/11/9,2.6260589585399674
2018/11/12,2.6943424611092883
2018/11/13,2.6440015680943176
2018/11/14,2.645726422923869
2018/11/15,2.669987964129238
2018/11/16,2.664481755993603
2018/11/19,2.7540306740563456
2018/11/20,2.9482342160026254
2018/11/21,2.9553858271058306
2018/11/23,2.9876663709751097
2018/11/26,2.9870520527217073
2018/11/27,2.992125133741282
2018/11/28,3.1778486605281713
2018/11/29,3.157550247308367
2018/11/30,3.1976599508730796
2018/12/3,3.1364718446215383
2018/12/4,3.2459633710979574
2018/12/6,3.327114459964771
2018/12/7,3.3570033336146117
2018/12/10,3.337705882508959
2018/12/11,3.5038505093707664
2018/12/12,3.508744877236863
2018/12/13,3.5980621312130308
2018/12/14,3.7244197230423923
2018/12/17,3.8958898326591194
2018/12/18,3.9712215988612067
2018/12/19,3.9262680140500086
2018/12/20,3.916952335498482
2018/12/21,4.068176857703215
2018/12/24,4.072325276240985
2018/12/26,4.073200786558614
2018/12/27,4.4977358420595746
2018/12/28,4.443134112212623
2018/12/31,4.47838880062879
2019/1/2,4.504919794577717
2019/1/3,4.644864700232962
2019/1/4,4.843336482766815
2019/1/7,4.949269130825534
2019/1/8,4.914912598424339
2019/1/9,5.054548006529621
2019/1/10,5.072225504219092
2019/1/11,4.99274568037268
2019/1/14,4.801991611933881
2019/1/15,4.81844809194173
2019/1/16,4.762817216160338
2019/1/17,4.387958581829673
2019/1/18,4.391220513373724
2019/1/22,4.468253733913992
2019/1/23,4.5254743375148445
2019/1/24,4.511744394572572
2019/1/25,4.542913688856944
2019/1/28,4.5349328775874564
2019/1/29,4.537337431028707
2019/1/30,4.549943516870103
2019/1/31,4.539116378284823
2019/2/1,4.552754752438373
2019/2/4,4.515854044552739
2019/2/5,4.5532421465223765
2019/2/6,4.390357411973722
2019/2/7,4.451810383489162
2019/2/8,4.460767652738223
2019/2/11,4.433491377546483
2019/2/12,4.466828744142325
2019/2/13,4.484394227745275
2019/2/14,4.519752060524393
2019/2/15,4.539804848412404
2019/2/19,4.4532528829280515
2019/2/20,4.252189526973778
2019/2/21,4.224266630930983
2019/2/22,4.098487552958404
2019/2/25,4.102499447761292
2019/2/26,4.073824800184116
2019/2/27,3.8878421872597975
2019/2/28,3.8980071430370553
2019/3/1,3.8579276643235985
2019/3/4,4.104834398256394
2019/3/5,3.949105564513922
2019/3/6,3.887330598007166
2019/3/7,3.888943888992825
2019/3/8,3.897465328832518
2019/3/11,3.721294275880062
2019/3/12,3.6983344189175624
2019/3/13,3.608043866472677
2019/3/14,3.470049227857075
2019/3/15,3.3141707746260036
2019/3/18,3.15195350827067
2019/3/19,3.132968549975632
2019/3/20,3.1426037384377294
2019/3/21,3.011203487845083
2019/3/22,3.0795938787123935
2019/3/25,3.187167981438245
2019/3/26,2.8794510152339874
2019/3/27,2.9275635073873167
2019/3/28,2.977892365359001
2019/3/29,2.9555105082409283
2019/4/1,2.797972645365312
2019/4/2,2.6164961454972855
2019/4/3,2.575355024199067
2019/4/4,2.5597526499053394
2019/4/5,2.336073717498206
2019/4/8,2.337022664082895
2019/4/9,2.3300464823962637
2019/4/10,2.345286351034795
2019/4/11,2.3152915228758726
2019/4/12,2.5836885919214754
2019/4/15,2.587926832274709
2019/4/16,2.579969315831376
2019/4/17,2.5742893196288117
2019/4/18,2.839084081738361
2019/4/22,2.831020954162306
2019/4/23,2.847589572049132
2019/4/24,2.9422524557711847
2019/4/25,2.9587135302170418
2019/4/26,2.969937832161849
2019/4/29,2.959265564633332
2019/4/30,2.944948147732141
2019/5/1,2.9004558504387647
2019/5/2,2.8019616819093094
2019/5/3,3.081779637972345
2019/5/6,3.266983001461529
2019/5/7,3.212622860780885
2019/5/8,3.192979551498423
2019/5/9,3.20861660754836
2019/5/10,3.3363663587773202
2019/5/13,3.279973563910231
2019/5/14,3.336618256947828
2019/5/15,3.3475916306090885
2019/5/16,3.3896360473901423
2019/5/17,3.3915225118677066
2019/5/20,3.379602232495737
2019/5/21,3.377612987530578
2019/5/22,3.3794782636868925
2019/5/23,3.400131498269672
2019/5/24,3.742390865498204
2019/5/28,3.6987498803260275
2019/5/29,3.5876415984726027
2019/5/30,3.610211942936705
2019/5/31,3.5943740493115155
2019/6/3,3.619756334089313
2019/6/4,3.6034532641976544
2019/6/5,3.7202226396985028
2019/6/6,3.705780802257128
2019/6/7,3.7065859984377125
2019/6/10,3.701172775924663
2019/6/11,3.694291405763048
2019/6/12,3.6937216280241496
2019/6/13,3.703539363020193
2019/6/14,3.698316497234196
2019/6/17,3.747185871152459
2019/6/18,3.7168917083975317
2019/6/19,3.662213057221132
2019/6/20,3.5330625256940644
2019/6/21,3.494550144124589
2019/6/24,3.4788919964973273
2019/6/25,3.515543195614706
2019/6/26,3.5494463093229793
2019/6/27,3.5464865420431337
2019/6/28,3.4624629230284762
2019/7/1,3.4612407861680015
2019/7/2,3.4624476319717092
2019/7/3,3.4438764775723696
2019/7/5,3.447089834204617
2019/7/8,3.480309757270183
2019/7/9,3.4705888188299174
2019/7/10,3.2003333762237722
2019/7/11,3.2277912838324787
2019/7/12,3.216241013398054
2019/7/15,3.1801132291206993
2019/7/16,2.824141375022788
2019/7/17,2.956731709594209
2019/7/18,2.922567804569167
2019/7/19,2.900010782639156
2019/7/22,2.912815981866273
2019/7/23,2.8309761666303097
2019/7/24,2.861442895931759
2019/7/25,2.821195819343427
2019/7/26,2.841596070930378
2019/7/29,2.884933620542652
2019/7/30,2.651575335218158
2019/7/31,2.4052170119968346
2019/8/1,2.39750240067367
2019/8/2,2.579764827390879
2019/8/5,2.575279308300187
2019/8/6,2.4521634820137956
2019/8/7,2.449580500972539
2019/8/8,2.37947629298985
2019/8/9,2.3822936357659543
2019/8/12,2.335623804725319
2019/8/13,2.4070502930906432
2019/8/14,2.400193069029058
2019/8/15,2.396730157991248
2019/8/16,2.530421112541443
2019/8/19,2.510396047495573
2019/8/20,2.521201371100756
2019/8/21,2.626471925858142
2019/8/22,2.4956518080119547
2019/8/23,2.448639710563247
2019/8/26,2.4859625626900064
2019/8/27,2.4362797208372906
2019/8/28,2.4465264392615653
2019/8/29,2.359414524134729
2019/8/30,2.5149646538082275
2019/9/3,2.5743013137605235
2019/9/4,2.592026312689607
2019/9/5,2.5833045010631905
2019/9/6,2.589937614544445
2019/9/9,2.5625756553740424
2019/9/10,2.582631508246411
2019/9/11,2.885742799637591
2019/9/12,2.8623867638542837
2019/9/13,2.876364466379998
2019/9/16,2.8886564109925086
2019/9/17,3.084244823811718
2019/9/18,3.244544501946536
2019/9/19,3.356486298963134
2019/9/20,3.3216020080147777
2019/9/23,3.3054965914338146
2019/9/24,3.385377318149628
2019/9/25,3.3905377103492027
2019/9/26,3.5180481928859795
2019/9/27,3.605770418010484
2019/9/30,3.7486906461518656
2019/10/1,3.767845033231673
2019/10/2,3.7674239352320202
2019/10/3,3.7719091586218165
2019/10/4,3.733820353149757
2019/10/7,3.7300334335956817
2019/10/8,3.6859457735837213
2019/10/9,3.6946778779009413
2019/10/10,3.5616913266363404
2019/10/11,3.5587873746734124
2019/10/14,3.47665723357265
2019/10/15,3.5553089122975057
2019/10/16,3.557226176935627
2019/10/17,3.482417502751948
2019/10/18,3.489249605999454
2019/10/21,3.463644976572054
2019/10/22,3.499815127566053
2019/10/23,3.4730357026781338
2019/10/24,3.5242547855468933
2019/10/25,3.553790930115279
2019/10/28,3.354050786711123
2019/10/29,3.3193094890146457
2019/10/30,3.3171490340002445
2019/10/31,3.317367601419337
2019/11/1,3.402737549796583
2019/11/4,3.383321398423433
2019/11/5,3.3776673641667676
2019/11/6,3.309231995130669
2019/11/7,3.3088626777955525
2019/11/8,3.513266025457987
2019/11/11,3.3795948682323047
2019/11/12,3.4065854839286036
2019/11/13,3.032939299270098
2019/11/14,3.0891555152921604
2019/11/15,3.0808720192845187
2019/11/18,3.091374187298461
2019/11/19,3.435216547290905
2019/11/20,3.4511535245507767
2019/11/21,3.6451087365025705
2019/11/22,3.626244518415386
2019/11/25,3.5258594362106157
2019/11/26,3.4971800988812394
2019/11/27,3.7261060067179796
2019/11/29,3.750541299815804
2019/12/2,3.744599778363011
2019/12/3,3.76820261792667
2019/12/4,3.782301859867547
2019/12/5,3.4136830365718285
2019/12/6,3.3962422928940037
2019/12/9,3.365164066159212
2019/12/10,3.3530245147685775
2019/12/11,3.235821595500276
2019/12/12,3.0213929275007416
2019/12/13,2.8752890570563503
2019/12/16,2.8755824611862635
2019/12/17,2.874747795636667
2019/12/18,2.8212818119758207
