Date,A,B,C
2015/1/30,0.013526131578068876,0.016129262724804735,0.011756537825070116
2015/2/2,0.010795794380814744,0.012660203287955706,0.00922981977668756
2015/2/3,0.01095609743722608,0.01301628222273633,0.00950492104351966
2015/2/4,0.010883806640825774,0.013012243152209654,0.00941888946618542
2015/2/5,0.008997154967456235,0.01054280402918383,0.007586747282947735
2015/2/6,0.009251526453492174,0.01095821873946065,0.0078510063498519
2015/2/9,0.008949789638454279,0.010857479880541705,0.007988329712292176
2015/2/10,0.00837784119027406,0.01045455788929798,0.00760094572563543
2015/2/11,0.008355182432518909,0.01005196678923657,0.00760597952433908
2015/2/12,0.00938987845985315,0.01118845378483711,0.008835462974009781
2015/2/13,0.01005949724842312,0.01213481448949148,0.009575969025491234
2015/2/17,0.010066393451544925,0.012111813487783429,0.00955937058876684
2015/2/18,0.009385801104506365,0.01141652795089788,0.009108470611340767
2015/2/19,0.008342993577801513,0.010355186570686053,0.00815535631294744
2015/2/20,0.00701327385634935,0.008540793172282565,0.006460282675961254
2015/2/23,0.0065125111358301045,0.00775788993429385,0.005773005264180855
2015/2/24,0.00640036073202221,0.00739807779533066,0.0057361782001899755
2015/2/25,0.00623352630394366,0.0075018162112719155,0.005990376453275261
2015/2/26,0.00712373156977428,0.00816863301518353,0.006545754787635941
2015/2/27,0.006680763181589446,0.007856752693757855,0.006345043994199
2015/3/2,0.007029747709846846,0.008225589607952794,0.006674990705091111
2015/3/3,0.007981237118709749,0.009745163774675413,0.00804110394025221
2015/3/4,0.006669754222227525,0.00784407974920219,0.0064446382190919155
2015/3/5,0.005043896744963725,0.005682694204840655,0.0047089615999374255
2015/3/6,0.006747061808271185,0.007707983032852335,0.00638404715948533
2015/3/9,0.004989210598209346,0.005769737532790235,0.00524457177181959
2015/3/10,0.00563196969921343,0.0063809695295113196,0.005633418728638305
2015/3/11,0.00481069211583878,0.005542814500841485,0.00498794435123107
2015/3/12,0.0054208056539437055,0.0065285302284363855,0.00591078975731302
2015/3/13,0.0034306723386112,0.004353552190927955,0.004097119108903855
2015/3/16,0.002366819488937845,0.0027161487693457553,0.00272475374291219
2015/3/17,0.0017024793520033503,0.0017224530863679804,0.0017288963572072804
2015/3/18,0.0017080069996019004,0.0017452449635145355,0.0014874795594031751
2015/3/19,0.0019464304719045602,0.0019379182011454305,0.001807387265653175
2015/3/20,0.00245249879992033,0.00245198019208675,0.002499148958863
2015/3/23,0.0026547137572055604,0.002665527455117035,0.002882759888666055
2015/3/24,0.00282673084783128,0.00285069818305013,0.002987279629094665
2015/3/25,0.002090695886067305,0.001833970063408355,0.00226110871851058
2015/3/26,0.00152154412410804,0.0011609627320682701,0.0014874417466588703
2015/3/27,0.00136533059524299,0.0010332090756187,0.0013728486211081502
2015/3/30,0.001327105985068445,0.0007127203713745952,0.0013879801357249552
2015/3/31,0.0015649677781856951,0.001012643043878645,0.0015252315045631753
2015/4/1,0.002235664592065065,0.0018561064404837052,0.002172372870932635
2015/4/2,0.00280052574883838,0.0024738060760084854,0.00267192205027592
2015/4/6,0.00047495007667070003,-0.00022961844334949498,0.00023639197532662523
2015/4/7,0.00090949656362834,-5.325777867043494e-05,-1.328420870532975e-05
2015/4/8,0.0009324505033535401,0.00014557196570531505,0.00013659613956831026
2015/4/9,0.000693759896472405,-0.0002882061849256599,-0.00022257802004363474
2015/4/10,0.0004947210174579799,-0.0006467626775008699,-0.0006377362671264097
2015/4/13,0.0009416137695239648,-0.000144031112035535,-0.00033750607840028486
2015/4/14,0.0011090156895666298,0.000152282760231,-1.3691896386698945e-06
2015/4/15,0.00213647582934746,0.0015471075042172151,0.0014824481513889551
2015/4/16,0.00197335315966505,0.0013139832093718297,0.0016262075999716001
2015/4/17,0.00301703496085407,0.002464270125179055,0.0026175358148734355
2015/4/20,0.0029827598958186,0.0024343769016321147,0.00220862667412947
2015/4/21,0.00325504709876667,0.002783816296577095,0.002266199928316455
2015/4/22,0.002551034307295695,0.00210186403003826,0.0017411421340483104
2015/4/23,0.001958224647744715,0.0016373423417926848,0.0012370365599692703
2015/4/24,0.0014008279500383751,0.00103236129603303,0.0009135919616787
2015/4/27,0.001604965344815025,0.001368608959025985,0.0010391459846409452
2015/4/28,0.0018699050833417053,0.00178364882309149,0.0012558498101392802
2015/4/29,0.00155830095115986,0.0014344709666714698,0.0007133946099000752
2015/4/30,0.002355435032313015,0.0023650786416866197,0.0012062296809591652
2015/5/1,0.00316422468281247,0.003387712574591975,0.0018763886127822053
2015/5/4,0.0032844158465727955,0.0036015068043286497,0.00235552553120554
2015/5/5,0.004113455034404296,0.004620853865649964,0.00328131967788646
2015/5/6,0.00556662920767819,0.00615566972880473,0.00454531468206201
2015/5/7,0.00734318283135722,0.00818986526348503,0.005829357101462925
2015/5/8,0.00693669917596315,0.007993326499097475,0.005817000862793865
2015/5/11,0.006833321626808529,0.007739473084447635,0.0057896414476324
2015/5/12,0.007467362301833647,0.008881892792633125,0.006912225514085271
2015/5/13,0.006751253451929286,0.008001985666747835,0.00618733737876553
2015/5/14,0.0074428196438536195,0.0088100431419329,0.006437659014900075
2015/5/15,0.006853924039780156,0.00824924654723162,0.006008636458011115
2015/5/18,0.008252577222385007,0.009845175519106505,0.007354340987146909
2015/5/19,0.008223499924978615,0.010007790326097062,0.007504696526174461
2015/5/20,0.009103487964395855,0.011047503935571374,0.00823069146274977
2015/5/21,0.009660869234866436,0.011596814699063155,0.008664485755344635
2015/5/22,0.011156449580928986,0.013255489194320841,0.009973384254569811
2015/5/26,0.011433758958504415,0.01354295128071967,0.01023849833675902
2015/5/27,0.011652477273831945,0.013825833884194543,0.010307592339614344
2015/5/28,0.01358039181228983,0.015894850727858262,0.012250093319613225
2015/5/29,0.01215826144314514,0.014681552720903362,0.011559531613619245
2015/6/1,0.011060225391419215,0.013426727457503704,0.0105381479504588
2015/6/2,0.012644931520166816,0.015639646591456023,0.011870235122103575
2015/6/3,0.010961729799816907,0.013939208199831637,0.010448865152127285
2015/6/4,0.010991918173355344,0.014066943333912025,0.01042725020767847
2015/6/5,0.00998479689999151,0.013013992784468431,0.009677466147235806
2015/6/8,0.00962585942731039,0.012309084344677505,0.009101390175746064
2015/6/9,0.011519238168651856,0.014457351232715826,0.010668214499768175
2015/6/10,0.011788704110792182,0.01448596494016379,0.01025052101546203
2015/6/11,0.013224843597214661,0.01631242675887761,0.01152790185030219
2015/6/12,0.013024734406239826,0.016417038916537587,0.011966000097036144
2015/6/15,0.012348322795328586,0.015403952071471494,0.01091895205139954
2015/6/16,0.012938673180035548,0.01633079114626,0.012040129157885856
2015/6/17,0.012543787066149814,0.01559408155640556,0.011769652682226985
2015/6/18,0.012604428943877491,0.015630261044088763,0.0117075639558052
2015/6/19,0.013196882894934436,0.01620580775224108,0.012146203563197485
2015/6/22,0.011969362230671621,0.014926194883278874,0.010952737548525871
2015/6/23,0.01227747387044238,0.01524194062363346,0.011109706596113409
2015/6/24,0.012606488184823694,0.01570522707732312,0.011690159721555191
2015/6/25,0.01165355151839549,0.01480570395262407,0.01098973662673372
2015/6/26,0.011810627080536375,0.01464781802335369,0.011155727988229336
2015/6/29,0.012802774729334715,0.01581677948454396,0.01193619867090602
2015/6/30,0.013028554516496104,0.015986399439732717,0.012581394475806775
2015/7/1,0.013331219618558848,0.01604487295615787,0.012847492934180915
2015/7/2,0.012007328454703549,0.014595281913219852,0.011844943448619066
2015/7/6,0.01199370879616873,0.01437746152942879,0.01189048292585803
2015/7/7,0.0136360178018756,0.016465837637281752,0.013554160092669926
2015/7/8,0.012845039017677784,0.015711053901938905,0.01339341640827447
2015/7/9,0.01216638074000069,0.01499747023531065,0.013049261237998485
2015/7/10,0.01049829506359526,0.013110273334421755,0.011578600826436015
2015/7/13,0.010266313241376624,0.012635406432559814,0.011008693013231981
2015/7/14,0.01038451476855522,0.013016554095139105,0.011485276933866235
2015/7/15,0.009196615035092424,0.011676480139398666,0.01038290989636256
2015/7/16,0.008963970879861664,0.011634264305763435,0.01017517622918161
2015/7/17,0.00888426687256511,0.011792272721576987,0.010316236662679421
2015/7/20,0.00864984017700475,0.011529880399888367,0.010154554352089912
2015/7/21,0.008616137467620069,0.011434585847194591,0.010172069133906166
2015/7/22,0.008478216208882266,0.011127639759614557,0.010207987965089631
2015/7/23,0.00720364869972197,0.009609797531023916,0.008710111153788596
2015/7/24,0.00602242217595,0.008140833909495231,0.007508554446558261
2015/7/27,0.006995640000071611,0.009200384001506596,0.00815174885665489
2015/7/28,0.00691243119112311,0.009066513627649412,0.008238391525264592
2015/7/29,0.006475180238429655,0.008462865276302935,0.00756206080596919
2015/7/30,0.008421696620189389,0.010866762930183165,0.009030762415986167
2015/7/31,0.009113675089442354,0.011448348038949415,0.009464683832827982
2015/8/3,0.008811570894267361,0.01136584592234204,0.00946486834894227
2015/8/4,0.008348456949779325,0.010464868185702598,0.008493891142686295
2015/8/5,0.00709100749012746,0.009136642382101656,0.00685924740022964
2015/8/6,0.0065413742608875294,0.008415897989806772,0.005991325770891362
2015/8/7,0.0069851521605696935,0.008730568781053742,0.006297068264411221
2015/8/10,0.007727714108969275,0.009724274616163505,0.0072708736458380165
2015/8/11,0.00768317522341973,0.009346017848540574,0.007052124380339671
2015/8/12,0.007140358185090681,0.00876295725575289,0.00642987448218683
2015/8/13,0.0074802357111677705,0.009045332442110796,0.006403914418847109
2015/8/14,0.006632801219133154,0.007783861064942325,0.005389168645064711
2015/8/17,0.00698068028896934,0.008395852060930895,0.005984093682531445
2015/8/18,0.006429411332568459,0.00783780565936036,0.005576577098236355
2015/8/19,0.005453231799370505,0.007095628369246566,0.0050384183465089945
2015/8/20,0.005867642888086335,0.007411895869072575,0.005594055855379644
2015/8/21,0.0064958136237075765,0.008088552611861335,0.006026298253527265
2015/8/24,0.007438261133185986,0.009079181741702672,0.006707743903821489
2015/8/25,0.007933314000562316,0.009602985824562569,0.007330627730876735
2015/8/26,0.007587057122235091,0.008933010484978899,0.00685504364994591
2015/8/27,0.0053047905527005505,0.006135184508881552,0.004858887301708985
2015/8/28,0.005241471311730717,0.0059444162554735756,0.004774795917359555
2015/8/31,0.005186199048294651,0.006098737772852865,0.004777325792403074
2015/9/1,0.0035027368916339813,0.004159984103669551,0.003039084195878985
2015/9/2,0.005086365827450131,0.005544913207032805,0.004527985411356535
2015/9/3,0.005578749672515846,0.006025052930173266,0.005397287524827755
2015/9/4,0.0062043117106404715,0.006756309813815346,0.005824343629300585
2015/9/8,0.005322279695379621,0.005405551774567056,0.0048997891646315305
2015/9/9,0.00633521126310656,0.006976640405726256,0.00599165871870967
2015/9/10,0.006446152150789096,0.006808834617835701,0.00590774898502029
2015/9/11,0.005854306387751832,0.006171600766593821,0.005769008812945115
2015/9/14,0.006705005124036811,0.007356066480748255,0.006730799025701645
2015/9/15,0.005484337115916631,0.005785146128271976,0.00553521200943035
2015/9/16,0.005731236201047847,0.006120377701903658,0.005607861262278765
2015/9/17,0.006168855046229776,0.0061315764905206585,0.00539670775707789
2015/9/18,0.006456811546384321,0.006428581817878773,0.005485888381748466
2015/9/21,0.006547909517478451,0.006651402662266678,0.005789280808818975
2015/9/22,0.004457970744006515,0.0039911655786724134,0.0036370058823870497
2015/9/23,0.003450444283048105,0.0026315778779989786,0.0020618966821584353
2015/9/24,0.0019888683925321803,0.0010541284475826583,0.0007088302349994452
2015/9/25,0.0031593329555704547,0.0024541418847754733,0.0017342083923734702
2015/9/28,0.0016120806931754898,0.0009843064741040033,0.00059815899245808
2015/9/29,0.0015461990703496548,0.0007823555868349283,0.000354882886130575
2015/9/30,0.00255619018918996,0.002025884218198528,0.0016713087199084198
2015/10/1,0.001337073466440845,0.0010261031806226481,0.0007191273644357147
2015/10/2,0.002112509475065465,0.002301610826013873,0.0015393372307601898
2015/10/5,0.00071243271306071,0.0007299557665669681,0.00036813783703961475
2015/10/6,0.0006797494453990801,0.0007155747798400681,0.00019369945627335984
2015/10/7,0.00011299754918357515,3.875048079583169e-06,-0.0007129077784014501
2015/10/8,-0.0002140249074172248,-0.0002769408977606368,-0.00096588252768126
2015/10/9,0.0007710369180730002,0.0009797883169227882,-5.5249024701985e-05
2015/10/12,0.00023146326820036519,0.00034753435292970324,-0.00048589253919055497
2015/10/13,0.0012277073584828302,0.0010695097736652733,8.967729527845081e-06
2015/10/14,0.002184646687860605,0.002203745330275786,0.0011982220851317151
2015/10/15,0.0038409012829479948,0.00461237148233559,0.0034396877746316
2015/10/16,0.0046751409874659705,0.005755509893676971,0.0044549940349859155
2015/10/19,0.004665535299211415,0.005675677024510276,0.004019342157516935
2015/10/20,0.00538373416589893,0.007003869353664467,0.00480121357351797
2015/10/21,0.006486279980061985,0.008574233755059656,0.00604568868426514
2015/10/22,0.00830690877506396,0.01078075283075818,0.00783668635979197
2015/10/23,0.008316332409969955,0.010861591490650382,0.007991844831649919
2015/10/26,0.00830690984161567,0.010604504608574702,0.00772049397200832
2015/10/27,0.008989998002173972,0.011162453788629286,0.008126148553398705
2015/10/28,0.008490234177877415,0.010591590445447156,0.007552939176878624
2015/10/29,0.0091350147474497,0.011108449612604607,0.008105065688415325
2015/10/30,0.008097050873675054,0.009535327534589735,0.0068786088648420144
2015/11/2,0.009490373063921134,0.01144025070820989,0.008392002191713951
2015/11/3,0.00952210167932643,0.011728254282798235,0.00856991303277051
2015/11/4,0.01004426378465687,0.012137704871207512,0.009330154648729215
2015/11/5,0.010488041641259055,0.012522174337025677,0.009696488991104335
2015/11/6,0.009559772163257655,0.011346178123136475,0.008530829336562854
2015/11/9,0.00940892939256458,0.010967210145282826,0.00815255701276319
2015/11/10,0.008910041533974004,0.010810525069133025,0.007752976448279455
2015/11/11,0.00862900838877891,0.010458370399976881,0.007291478303568441
2015/11/12,0.008689770289999845,0.010265144315341077,0.00706590062959433
2015/11/13,0.007817750025325415,0.009204196357384781,0.006280861563053286
2015/11/16,0.00744664841717689,0.008859010425325005,0.006122449367156614
2015/11/17,0.007379227014264546,0.008638303642293,0.006349706704386335
2015/11/18,0.006390537380698361,0.00744416342221208,0.0056379907395357805
2015/11/19,0.006280627830921584,0.007173540631622936,0.005355671740735176
2015/11/20,0.004901287510485535,0.0055140021388331165,0.003847741044017145
2015/11/23,0.0059639507039646895,0.00685299150805715,0.00485382717099918
2015/11/24,0.006078319321649375,0.00705885955826214,0.005206909550328926
2015/11/25,0.006691935233766525,0.007964348364822975,0.00572538768721251
2015/11/27,0.006137119520359575,0.007578524902983645,0.005279439189286585
2015/11/30,0.0060487203630979645,0.00764767842646204,0.005565465299284515
2015/12/1,0.004572417477695534,0.005693883131692395,0.004136560067303631
2015/12/2,0.00405978817334132,0.004863372354874211,0.0035152086633306453
2015/12/3,0.0032191349600779956,0.003771059222711501,0.0024765968948373303
2015/12/4,0.0037772574514156956,0.004557349588732821,0.0029349249843093153
2015/12/7,0.0036433437356337708,0.004479693976193785,0.0030258982410739203
2015/12/8,0.004396754993549125,0.005485603537075001,0.004165840866606691
2015/12/9,0.00535271466615569,0.006817582130463136,0.0054762397751668395
2015/12/10,0.00380374457322704,0.004977595565703801,0.00395153096955964
2015/12/11,0.0026444218211476756,0.003978474356542426,0.0032048383154887603
2015/12/14,0.0030992618219163603,0.00444679845019264,0.003458417701984745
2015/12/15,0.003300703952664351,0.004416403569542981,0.0038375894476483548
2015/12/16,0.0032682652839949554,0.004309926458945105,0.0035966863238130246
2015/12/17,0.0034774280663937202,0.004438193237871261,0.003542100423255265
2015/12/18,0.002984572955667171,0.003960131125975191,0.00325614852150219
2015/12/21,0.003763621589449636,0.004587616907600626,0.00410292879905447
2015/12/22,0.0026636133122272657,0.0035047941977324496,0.0034116464694914595
2015/12/23,0.0032934283593757303,0.004302368554561791,0.003974541843548455
2015/12/24,0.003829394929617651,0.004884833710825326,0.004610110748759505
2015/12/28,0.0036927540565152303,0.0044833011235903605,0.004273120487229986
2015/12/29,0.00291578079225033,0.0035133289404323657,0.0028804510206211754
2015/12/30,0.00414598635575022,0.00491950157658057,0.00377650464052716
2015/12/31,0.004093828958258139,0.0049458227433874504,0.0037342999612091296
2016/1/4,0.0045269437653247795,0.00568824370935221,0.00449078787065994
2016/1/5,0.0040618495880049045,0.004984829597357011,0.003976969048718941
2016/1/6,0.0052304510717808145,0.00615856438369241,0.004919754304024305
2016/1/7,0.005175775950021025,0.0061649023094443554,0.004636286764358245
2016/1/8,0.0037716728562802093,0.00429964781203421,0.003185282320641935
2016/1/11,0.004205930150171295,0.004718202162187485,0.00351623524793869
2016/1/12,0.00293520231154994,0.002959279099324705,0.002060131858693575
2016/1/13,0.00289312589507265,0.0027901771553151757,0.00225011140579088
2016/1/14,0.0025443758538112897,0.0023924051840739807,0.001755144275661145
2016/1/15,0.0024750938035032533,0.0025975602935061253,0.00192497134464381
2016/1/19,0.0021819927474505934,0.0021134258275090204,0.0016050687825387103
2016/1/20,0.0023370857591876633,0.0020418308659597303,0.0016972121663354003
2016/1/21,0.0013079118461589584,0.0012363607240070955,0.0007484401885676202
2016/1/22,0.002487303793053653,0.0024956958502182205,0.0014684962216713702
2016/1/25,0.0020898430963762786,0.002068471452698056,0.0009356656942456002
2016/1/26,0.0014629553834615435,0.0013385978829711406,0.00030984873316326517
2016/1/27,0.0017807504296302383,0.0018802547869100205,0.0006653076609575102
2016/1/28,0.002769799882035388,0.0030703059294624703,0.0020226754276917005
2016/1/29,0.0026926285872123233,0.003171430682121576,0.002394473755045515
2016/2/1,0.0013032472471205033,0.0014643065758776757,0.0009539186610873102
2016/2/2,0.0024504957432145086,0.0027687735193655657,0.0019712706850463753
2016/2/3,0.002899173447116853,0.003651299193770126,0.002835862063221545
2016/2/4,0.0020491865213099385,0.0027645854338742707,0.002149230465919495
2016/2/5,0.0013625279571244033,0.002183614624246821,0.0016038041469686151
2016/2/8,0.002133705751643458,0.003079634042753806,0.001999984306988935
2016/2/9,0.0029351913595158587,0.004210325490430686,0.003180155894336955
2016/2/10,0.002652011880315688,0.003478724366252791,0.0025456026958845003
2016/2/11,0.003571673996370789,0.004752090029861291,0.0033645428706239448
2016/2/12,0.004253662560584429,0.005465220574419311,0.003706930938376215
2016/2/16,0.005219415242740225,0.0065645462473562415,0.0046963866338803496
2016/2/17,0.00515886660051329,0.00653086126305704,0.004837630844737295
2016/2/18,0.006163803245090376,0.0079667412074934,0.005857036719851565
2016/2/19,0.0075695137699659356,0.009494814183902574,0.007134569439358139
2016/2/22,0.00783518635335272,0.009612067817534906,0.007512149375457725
2016/2/23,0.006842772303349535,0.008172247526356235,0.006307872120463754
2016/2/24,0.007552844803800529,0.008963802085578867,0.00725970569541242
2016/2/25,0.008185745797181346,0.00997000841574929,0.008371513990442603
2016/2/26,0.00894750437294922,0.010855053026363122,0.00919248305426114
2016/2/29,0.008297887852414454,0.010012261425479677,0.008309714500148295
2016/3/1,0.009747201217164237,0.011800671766757191,0.009696801307388815
2016/3/2,0.00996729851843329,0.012214625401631558,0.010112624883684921
2016/3/3,0.009050168967366452,0.01059137162115299,0.00860352399921877
2016/3/4,0.00937680624417104,0.01092117045047701,0.00885919807533957
2016/3/7,0.010343100100675056,0.011895594146132856,0.009730749422273272
2016/3/8,0.010092637078643494,0.011586627212191822,0.009565607210639222
2016/3/9,0.01053475993685604,0.011907326544806026,0.00972265630383507
2016/3/10,0.011566443813996515,0.013322143703728698,0.01058197251062519
2016/3/11,0.010494787776416575,0.01217987841502692,0.00967036139700091
2016/3/14,0.00973837969146735,0.011543830270726032,0.009181833459608681
2016/3/15,0.010141859737472173,0.011912473913872746,0.00919287844797223
2016/3/16,0.01050481698811743,0.01261590193340579,0.00965760020460883
2016/3/17,0.009102944352983535,0.010977599119384932,0.00836393205262903
2016/3/18,0.009343302369565421,0.01133744450274778,0.00884261653424179
2016/3/21,0.008666850940055554,0.010916169780329641,0.008477608723509559
2016/3/22,0.008484068062450549,0.010921863051770005,0.008362939290203566
2016/3/23,0.006866333587265945,0.009094481560827376,0.0066219016454289
2016/3/24,0.00686883494140392,0.008753442758567572,0.006208427551274375
2016/3/28,0.005944551987937115,0.007708331399948641,0.005364641369501005
2016/3/29,0.006257229148580119,0.008180328102444307,0.005904796994656391
2016/3/30,0.0072430824429135805,0.009278739247006732,0.007202216005269706
2016/3/31,0.005073290365732095,0.006384824113931516,0.004696728659306851
2016/4/1,0.00528158204992227,0.007042335940997001,0.00536326983488389
2016/4/4,0.00512414482570983,0.00689013394680589,0.005076390923974465
2016/4/5,0.004464784778730206,0.005975724020142965,0.004332321491066015
2016/4/6,0.004376306514618515,0.005886602380864941,0.00428509625830337
2016/4/7,0.00382617084304255,0.005250338557312671,0.003638244536628746
2016/4/8,0.00403982863244061,0.005691623259537705,0.0041354030004367845
2016/4/11,0.00373791892340306,0.005042315840264131,0.00353087178068658
2016/4/12,0.004109121282118315,0.0052987791626821655,0.0038788130416325902
2016/4/13,0.002546245447843425,0.003429238187500066,0.00271157489865753
2016/4/14,0.0027945983409487047,0.003402575133727401,0.0027176824391769603
2016/4/15,0.00266131663602248,0.002959550925361966,0.00225130338309918
2016/4/18,0.001507883233134225,0.0018141790493195757,0.00117630483063035
2016/4/19,0.0016017570495498,0.001812864002276031,0.0010128029609715952
2016/4/20,0.0023458988243592097,0.0027130843613059905,0.002007885049157135
2016/4/21,0.004624915021124095,0.005586457164882211,0.004522528961683335
2016/4/22,0.0037404427648378502,0.004467695103375281,0.003737053180198655
2016/4/25,0.004437936332216145,0.005237466730487896,0.004317513732981811
2016/4/26,0.0049950600187087255,0.005766829295800266,0.004512741535835736
2016/4/27,0.0035614801723018808,0.0042679371012583015,0.003106941027675645
2016/4/28,0.004763195511908185,0.005947648709441296,0.00432517412687724
2016/4/29,0.004476564838683646,0.005093025812123527,0.0036557302585084306
2016/5/2,0.003038176010617005,0.0032487011451453355,0.002495307918765945
2016/5/3,0.00336197296335837,0.003692259322925321,0.0028869262919379254
2016/5/4,0.0022781218178799653,0.0023467723202768263,0.0020714891626971454
2016/5/5,0.00274476120473035,0.003261970199857251,0.0027308177305370752
2016/5/6,0.002351130687409855,0.002800587220421891,0.002290235937644265
2016/5/9,0.0034685885847577846,0.0043432060225721755,0.0035043362739654
2016/5/10,0.0045994910418004605,0.00568510819959601,0.0047221952494721055
2016/5/11,0.004826926595124724,0.005940672123859501,0.0047879548892274405
2016/5/12,0.004218280503812569,0.005476981204487961,0.004331331807672525
2016/5/13,0.00401389470672138,0.005592683000750406,0.0043304227288785396
2016/5/16,0.0044670064849326,0.005994164949084076,0.004756319359357631
2016/5/17,0.004487205062902811,0.006058171253963957,0.005031799992387305
2016/5/18,0.00435626998984737,0.005769145480223741,0.00496652676441803
2016/5/19,0.003028100949868745,0.0042004782636031555,0.0037412802841062
2016/5/20,0.0038396816593987046,0.005125324659830595,0.0043263554084289006
2016/5/23,0.0034642520913672147,0.004643009961143636,0.0036753044576914896
2016/5/24,0.0025084016439839247,0.003468178104656581,0.002948329476335715
2016/5/25,0.0023510172866694,0.0031291245044115555,0.002604732583950455
2016/5/26,0.0027249748794181596,0.0033586315331293306,0.002964584683144855
2016/5/27,0.0030376807887512796,0.003982094348511386,0.0035391416707264748
2016/5/31,0.004306942285513625,0.005421467499916301,0.004505821748856656
2016/6/1,0.0035938430843508442,0.004573673535893171,0.00372825537518282
2016/6/2,0.0035387062645724798,0.004740833965245671,0.0038383920966388292
2016/6/3,0.0029512129665950097,0.003654700601106964,0.003145474434549925
2016/6/6,0.0030804584697987896,0.003618272659801253,0.003094914687149975
2016/6/7,0.0024232154256879647,0.0025365173160959587,0.0020884787449912596
2016/6/8,0.00218917383290198,0.0025486945303323733,0.001964448678581385
2016/6/9,0.0024783051123566198,0.003219920999219759,0.0028990566302532
2016/6/10,0.0035026844738177145,0.004154921041428293,0.0036558226449452348
2016/6/13,0.004485547178424515,0.005018081418068798,0.004440943220402916
2016/6/14,0.00475449289817981,0.005115545156236629,0.004709568282313475
2016/6/15,0.0050335851923455546,0.005219904487588073,0.00460484297456679
2016/6/16,0.005143657785275945,0.005518161373242019,0.004533245837337565
2016/6/17,0.00479482480564667,0.005128732109564933,0.00389413595187806
2016/6/20,0.004259606127488105,0.004831296191153364,0.0038631151032197998
2016/6/21,0.0033250482250776646,0.0038633314351131077,0.0032662299945255798
2016/6/22,0.003985702184962459,0.004489449621254283,0.0037886134904376798
2016/6/23,0.004266934834753445,0.004686959373185633,0.003942890817877786
2016/6/24,0.003936223467680765,0.004320310035987278,0.0035697376925695043
2016/6/27,0.004214497959469416,0.004996264125499713,0.0039495063020636495
2016/6/28,0.00465834803021098,0.005743443594977973,0.004595432452254975
2016/6/29,0.00530030689509321,0.0063725150497444885,0.005098612410435534
2016/6/30,0.00687283422027893,0.008051077544381823,0.006391270664618499
2016/7/1,0.00618178205977081,0.0073553288935972305,0.005641213784591406
2016/7/5,0.00635428565822424,0.007430625057519074,0.005803103417860354
2016/7/6,0.006518610642718764,0.00804454603949461,0.006425428332914715
2016/7/7,0.005002891135398859,0.006116458688780281,0.00476944681550708
2016/7/8,0.005245443894847804,0.006057121148578366,0.004066263481425355
2016/7/11,0.0032295471608799397,0.003961404796689166,0.00251103358799828
2016/7/12,0.002367844316377465,0.003112377608803816,0.0017712655622110149
2016/7/13,0.00240219466083131,0.003202008349462606,0.0018143821887518347
2016/7/14,0.0012526161190637999,0.001867490729974941,0.0007056750321716048
2016/7/15,0.000749904257853975,0.0011060124288140663,0.00022742204856773988
2016/7/18,6.875882461407495e-05,0.0001503829004363611,-0.0002968579051672451
2016/7/19,0.001280460436546225,0.001382059663719106,0.0006634807422027999
2016/7/20,0.00209774419580254,0.002148624037683031,0.0010992313562967748
2016/7/21,0.00227916316235913,0.002494757242954716,0.0014033617157940249
2016/7/22,0.002766437584917835,0.003432935984898141,0.002370131074194695
2016/7/25,0.002010613371324145,0.002633973592592321,0.00197879379163537
2016/7/26,0.0011460367873582149,0.001285265639609416,0.00116592738986512
2016/7/27,0.0009301592578817049,0.001093421851255516,0.00117939532623929
2016/7/28,0.0001362194948403199,0.00048472975881755094,0.0010320958701831799
2016/7/29,0.0002719504345567149,0.000464565229494636,0.001166490490716545
2016/8/1,0.0019869960862700597,0.002458762844382136,0.002973687879143735
2016/8/2,0.0030453992826858,0.003947941912903931,0.004151107591046685
2016/8/3,0.0030279264510192196,0.0038904079876324006,0.00380799970790711
2016/8/4,0.0037232808763170444,0.004845273315264711,0.004480712008145515
2016/8/5,0.0027725879752544544,0.003708719258525361,0.0038251019916671495
2016/8/8,0.004684012420435114,0.005695370139278306,0.0052946795646410146
2016/8/9,0.005556041893668954,0.00682670005704684,0.006286772743956984
2016/8/10,0.004413087860707165,0.005384286015564771,0.004797044714365775
2016/8/11,0.005685712918532459,0.006811261520808,0.005757655350196995
2016/8/12,0.006824152204142925,0.00846854829909254,0.007142827203798339
2016/8/15,0.007792290211710355,0.009404102136317625,0.007850720095378814
2016/8/16,0.006632879938344741,0.008292079697628602,0.0066924908279973935
2016/8/17,0.00601821143194171,0.007740976514423811,0.006225808735347631
2016/8/18,0.00474455668442734,0.0062347112535916654,0.004738631841015725
2016/8/19,0.005391541648929609,0.006863598042582691,0.00497661807662918
2016/8/22,0.0054195703730000495,0.006667724376513346,0.00455338169152611
2016/8/23,0.006294261134363301,0.0075487255347898765,0.00520527479381079
2016/8/24,0.007574704389026269,0.009058072474704255,0.006260959845722695
2016/8/25,0.008489230862703355,0.009957948678176776,0.006621864380530649
2016/8/26,0.008181162454197255,0.00980975497544664,0.00623126570971992
2016/8/29,0.00754931404059708,0.008877792364885761,0.005285303818398835
2016/8/30,0.0075830973771234215,0.00889146183458867,0.005504286437072415
2016/8/31,0.008131459956966455,0.00937000335676056,0.006413436542266419
2016/9/1,0.009097952600955935,0.010248615238581506,0.007487957048820759
2016/9/2,0.01017193898662195,0.01171070231440347,0.00855710860847336
2016/9/6,0.008362315316384924,0.009532549195360496,0.0068565115674815895
2016/9/7,0.00821522456204149,0.009324600484783412,0.006654244845762379
2016/9/8,0.00925145962585058,0.010744104547844777,0.00801541503531825
2016/9/9,0.009086054439169865,0.0108280078844025,0.00816738911388633
2016/9/12,0.009167341586376165,0.010614698061798506,0.007917980787988076
2016/9/13,0.00739734979114452,0.008636814696057477,0.0063033714778043
2016/9/14,0.00715432345142685,0.008456080558300222,0.006297469838146305
2016/9/15,0.007835827707760704,0.009320972848067911,0.0071966929566615
2016/9/16,0.008455437532571884,0.010032961511276802,0.00785453604710521
2016/9/19,0.00705315455761755,0.00838369331708386,0.006688189867388035
2016/9/20,0.0077982364626680845,0.009526716239273186,0.007844861373530696
2016/9/21,0.008121002912823914,0.01048666448034621,0.008400197657339126
2016/9/22,0.006410953354924155,0.008545468263065003,0.006632660536902089
2016/9/23,0.0061771447257832944,0.008170555653440298,0.006304025688271155
2016/9/26,0.006462230830932385,0.008537156009164567,0.00672319355547917
2016/9/27,0.006375730419782154,0.008495526977362701,0.00679151280654932
2016/9/28,0.005920722900109469,0.008121413607353502,0.0060989314510026755
2016/9/29,0.00488265521052706,0.006684619247887077,0.00483817787261089
2016/9/30,0.004044819804218464,0.005585746576192301,0.0037970683991409905
2016/10/3,0.00294330672095234,0.004328123940590166,0.002753258572163745
2016/10/4,0.004213702631808295,0.006413118944053926,0.004604662445445254
2016/10/5,0.00425833566621964,0.006449294929713481,0.0048123229714742205
2016/10/6,0.00489454780435774,0.007173549510295642,0.005330633183488325
2016/10/7,0.00476232620945727,0.006964012663101982,0.005124550797295845
2016/10/10,0.004455186525160435,0.0066471551800665165,0.004766212396072565
2016/10/11,0.00557783630118378,0.008004414927160527,0.0058673414160015395
2016/10/12,0.005442922719720486,0.007534753950368576,0.005222104971957385
2016/10/13,0.005202403894471345,0.007241005927533337,0.004945386005756895
2016/10/14,0.0048306573363902,0.006555514693441261,0.004240805969016335
2016/10/17,0.006245557728363885,0.008102389771919943,0.0054062740301843845
2016/10/18,0.0059888863027708645,0.00790391011513594,0.00508724561033593
2016/10/19,0.00599029279441095,0.007491855446115016,0.0048911141977552655
2016/10/20,0.006818815040993606,0.008200727122032531,0.005502625728918835
2016/10/21,0.0078979273393603,0.009802767060642282,0.00699281388650749
2016/10/24,0.007081775161282504,0.008792465401406347,0.00589783628681872
2016/10/25,0.005686114078389225,0.007090519298009706,0.004719844167693585
2016/10/26,0.00530584095177041,0.006215292090115542,0.00425026584981974
2016/10/27,0.0052243403816297895,0.006425717225354026,0.004401703783619075
2016/10/28,0.00514699735676111,0.006665441262697571,0.00438418201305017
2016/10/31,0.005261212916840375,0.006548830362490607,0.00456586377130381
2016/11/1,0.005037792463108475,0.0058108565206955115,0.0038494467402796703
2016/11/2,0.0050295993123354605,0.005729887344551446,0.0037164086653300446
2016/11/3,0.004157664833212929,0.0045466482180332515,0.0027949160377461852
2016/11/4,0.005756234863838508,0.006234084338517741,0.004300872985430665
2016/11/7,0.004859463523539038,0.005236455384607621,0.0038843449097146847
2016/11/8,0.004967926264294655,0.005190138664369256,0.0038691111158964003
2016/11/9,0.0040154539983982985,0.004077156667521236,0.00311941801209368
2016/11/10,0.0042443230307457995,0.004349118906372891,0.0032700431060958797
2016/11/11,0.0036360411104519744,0.003722867814582286,0.0028354815896851895
2016/11/14,0.002776089760938424,0.0025666211918414015,0.0018197090743572147
2016/11/15,0.002308831067506789,0.0021092974491936462,0.0014698549277949798
2016/11/16,0.001683444029110749,0.0013206302542194414,0.0006813998993486298
2016/11/17,0.002568861884647204,0.0024312565206288314,0.001734062475043605
2016/11/18,0.0019195519375158493,0.0013880832374588115,0.0011408608714279047
2016/11/21,0.0030503831018944792,0.0028260902924394766,0.00257500386654706
2016/11/22,0.003884606157994119,0.0038737214388503915,0.0034530543635498505
2016/11/23,0.004472343205454159,0.004889788459998346,0.00420979708733044
2016/11/25,0.00481804623728504,0.005141482654305326,0.004254854060427975
2016/11/28,0.005633233978337864,0.005878619920739947,0.00498057999039757
2016/11/29,0.006903374619962989,0.0076517820305243775,0.006450177005472535
2016/11/30,0.006606390120422303,0.007813669464407017,0.0062254361038435145
2016/12/1,0.006223339600966354,0.007602344361752752,0.00585475626237174
2016/12/2,0.0070869024241615106,0.008779733206300041,0.006766313419512955
2016/12/5,0.0038815717624328247,0.005333949508931561,0.004005265620708261
2016/12/6,0.00544616078974463,0.007277695199304516,0.005665113378677471
2016/12/7,0.006297603687294345,0.008382291469612167,0.0066359098372157505
2016/12/8,0.007716148369569245,0.010116260471367957,0.008034195820781614
2016/12/9,0.007696556946808019,0.009991370219565232,0.007715052048802781
2016/12/12,0.00832045620582391,0.010719338948225552,0.008385466872687375
2016/12/13,0.00844031365614995,0.010930995449138246,0.008433660572008875
2016/12/14,0.009310543927268943,0.011865686672113147,0.009274366549197149
2016/12/15,0.01058035648260679,0.013258654122808453,0.010466778122813715
2016/12/16,0.01118583865589457,0.014167686882794406,0.011211416472923265
2016/12/19,0.01051017435794103,0.013090933212582293,0.01036927037276925
2016/12/20,0.009259373476021465,0.011197295189270592,0.008640969011024301
2016/12/21,0.009492234022865618,0.011248309356956372,0.00849923592304088
2016/12/22,0.008134582247475585,0.009836495221360727,0.00726747723650951
2016/12/23,0.007771644033976484,0.009430522798591433,0.00701579440759197
2016/12/27,0.0037310921247400305,0.009288213954935452,0.007186501869726375
2016/12/28,-0.0007363720693678355,0.008479917467468562,0.00649884874983518
2016/12/29,-0.0032629622917852,0.009777350654552952,0.007830324713269731
2016/12/30,-0.006937464536510465,0.009475989189451993,0.00777467972944499
2017/1/3,-0.011497498435268805,0.008662590577750887,0.006934417975775611
2017/1/4,-0.01398029710493171,0.009998862680565417,0.00797895003903007
2017/1/5,-0.019764711752645287,0.0075105865684070615,0.005716616983103296
2017/1/6,-0.02490081974898336,0.005973333234072372,0.004436547137052755
2017/1/9,-0.02941241217480318,0.005230511014182983,0.003716943038003205
2017/1/10,-0.032523511270276334,0.005936618068279317,0.004556824980385425
2017/1/11,-0.035100643882713736,0.007597502514690847,0.0059749866870037706
2017/1/12,-0.03780444982794517,0.009034882917033924,0.007258571971405191
2017/1/13,-0.043137628567452735,0.006813583694831661,0.005414765549438541
2017/1/17,-0.048998370512307016,0.004485101854655072,0.0033146028207492904
2017/1/18,-0.05491580179327775,0.001878552494944817,0.0009695806032320456
2017/1/19,-0.05855258325168857,0.002490559909514957,0.0011785236649019557
2017/1/20,-0.06161541155375949,0.0038195409086413516,0.0022763123553615305
2017/1/23,-0.06442211884198393,0.005356786838879267,0.0035322123591648756
2017/1/24,-0.06739319156787182,0.005943626565693797,0.00429786575489702
2017/1/25,-0.07003652457815591,0.007613613562731778,0.00562038412325584
2017/1/26,-0.06662464082298171,0.007172764318187477,0.004632050500340456
2017/1/27,-0.06338573291366328,0.006155665806814698,0.003714538704069201
2017/1/30,-0.061347686109975465,0.003886404848297187,0.0018462219950050255
2017/1/31,-0.05796705669177031,0.0037196891223782716,0.0016426545041353855
2017/2/1,-0.053799447568457094,0.004042809469399352,0.0022057876955904705
2017/2/2,-0.05019916395566163,0.003910893589805702,0.0019292443510802305
2017/2/3,-0.044779414072399666,0.006069535105344323,0.0036790645199127605
2017/2/6,-0.039099903039287065,0.008385574047625832,0.005744199192603451
2017/2/7,-0.03605806323755695,0.0071735783153288905,0.004905180925467175
2017/2/8,-0.03253995077140703,0.006989062887355098,0.0047784549084659254
2017/2/9,-0.030727879867869883,0.004558524407042077,0.00293319980709011
2017/2/10,-0.02754882000730745,0.004089483837694008,0.0026427342999610455
2017/2/13,-0.02213684601996788,0.006054831808329877,0.004115524835754865
2017/2/14,-0.017056026648969425,0.007694470549441781,0.005538948853931786
2017/2/15,-0.0136531836825214,0.007112007662675812,0.0053939269484823155
2017/2/16,-0.010339907363738405,0.006395372543487522,0.004886647780580635
2017/2/17,-0.007026052704245745,0.005321956511395297,0.004010775558124125
2017/2/21,-0.004009377021195179,0.004463012799005292,0.0031554792107989704
2017/2/22,-0.0005227613088148993,0.004212931152040416,0.002649375326517435
2017/2/23,0.0021003154009097058,0.002280700849103362,0.00136853449452686
2017/2/24,0.0023761202331996504,0.002528477170980742,0.001962633508156445
2017/2/27,0.0021892331426614357,0.002537365156516102,0.002332158528520185
2017/2/28,0.0030994621233434005,0.0034263342784936965,0.0031929526508698096
2017/3/1,0.004621929652853741,0.005124398083378777,0.0046487184897900154
2017/3/2,0.004225529683286065,0.004494985454916647,0.004059530056203315
2017/3/3,0.004506899134047535,0.004624371377491907,0.0045350948599508405
2017/3/6,0.00459636303025167,0.004576282905184662,0.004321972766499231
2017/3/7,0.00208455805979878,0.0015307840793203123,0.00197069089663762
2017/3/8,0.00433038583845488,0.004281630296771627,0.004247237673329
2017/3/9,0.0033842601535754905,0.0031661030455847317,0.0031851141561768303
2017/3/10,0.0049043876625471956,0.0051018018245145725,0.00463786987294801
2017/3/13,0.004711376338454395,0.004561556901058792,0.00433299517572463
2017/3/14,0.0045327693498712195,0.004788596874438942,0.004468084366243435
2017/3/15,0.0043225089690283654,0.004766796798313792,0.004634875388168855
2017/3/16,0.004703034309493091,0.005245856035247927,0.00480735466615567
2017/3/17,0.00589412326328761,0.006534730095549547,0.0056799102649907
2017/3/20,0.004564367563518781,0.005050652685323691,0.004535514573039695
2017/3/21,0.004692489750919871,0.005025205102144752,0.004795173497391001
2017/3/22,0.003968310089984295,0.004101747360760107,0.004081194969518645
2017/3/23,0.0035561447591812207,0.003985855000059252,0.0037764440343640354
2017/3/24,0.004693158535800221,0.005184492839727352,0.004695593240417255
2017/3/27,0.0054293230048085405,0.005939956060893743,0.00483700990895522
2017/3/28,0.005705762694167336,0.006641215611983197,0.005142674404277245
2017/3/29,0.0036187707341472355,0.004030942206645132,0.002817394122664966
2017/3/30,0.0034009535323308504,0.0038121573286578766,0.0023623414517348704
2017/3/31,0.003805973940216151,0.004169583497132262,0.0026334181204088402
2017/4/3,0.0033484305563992456,0.003994919337300731,0.0025982463729045504
2017/4/4,0.005357154370087545,0.006271020690262611,0.0041302558515141155
2017/4/5,0.0046154417006768105,0.005261222415575641,0.003506951522200276
2017/4/6,0.00534839945518222,0.005985371141960877,0.00401168881920301
2017/4/7,0.005531718803659461,0.005975529593910837,0.0038242442494591357
2017/4/10,0.004313570384128736,0.004515126233150446,0.0025350210457393855
2017/4/11,0.0037409056819013957,0.003740431803040352,0.0017974103162362403
2017/4/12,0.0043958115853336205,0.004272207210399467,0.00205748071698971
2017/4/13,0.005197705497604091,0.005163159646034092,0.0027401556561263405
2017/4/17,0.004146751230334966,0.003784596211402207,0.0017579416662589504
2017/4/18,0.005132463098228831,0.005210807971028802,0.00290810054925058
2017/4/19,0.004412320069443536,0.004371045032370277,0.0024159338622758006
2017/4/20,0.005181937125159576,0.005568014275519848,0.0036689630758922646
2017/4/21,0.00638022106567566,0.006906852327464942,0.00458907740955883
2017/4/24,0.0038737613497165564,0.004102710933183237,0.002339428513857505
2017/4/25,0.0034846137988712757,0.0035241230519976164,0.0019486729619606804
2017/4/26,0.002640366521415526,0.0023270396596179717,0.0016434261903751502
2017/4/27,0.0042635765318922315,0.004317021302026493,0.0031910549360478456
2017/4/28,0.004374088669662001,0.004506244681956007,0.0036076302078444956
2017/5/1,0.003952117463725551,0.004070270492984757,0.0028286384004153607
2017/5/2,0.0035905380425058308,0.003335829119004672,0.0022749635974682754
2017/5/3,0.003482076154001486,0.003293003087905512,0.0024934722964663706
2017/5/4,0.0032284507990123458,0.0031474230264203424,0.002147995797236035
2017/5/5,0.0009685940455959958,0.00030421948748359206,0.0002089704064788353
2017/5/8,0.001025217775940451,0.000555179218888842,0.0005360956930020955
2017/5/9,0.002460122368445941,0.002386242402560432,0.0019031987820472805
2017/5/10,0.0022978679570305307,0.0019512869921136222,0.0017821941921488105
2017/5/11,0.0011265988735269508,0.000731735044268902,0.0008053699127676103
2017/5/12,0.000976011394728216,0.000487242259163177,0.0006529087729135756
2017/5/15,0.001445985523101756,0.001257537231933752,0.0010295852579498607
2017/5/16,0.0016582335676460908,0.0014699346398010069,0.0014784523621297805
2017/5/17,0.002228443113191231,0.0019579283032729366,0.0015222602204211556
2017/5/18,0.0017230463221072061,0.0011578623162652969,0.0007892371411317205
2017/5/19,0.0008934740247921059,0.0003947767121750669,0.00017540654990885057
2017/5/22,0.0011473257098947656,0.0007234515133251217,0.0006554739702131906
2017/5/23,0.0018286134818888058,0.0016258142249688222,0.0013880492670492507
2017/5/24,0.0019522167739489157,0.0018828210051670875,0.0011032523597460553
2017/5/25,0.0016063557002701009,0.0015463354203076919,0.0007880523964213404
2017/5/26,0.001067722865826811,0.0009574117325241417,0.00034468926401319056
2017/5/30,0.000992195033961226,0.0009438131963023118,0.0008961406252294704
2017/5/31,0.001059526354174931,0.001152154088202342,0.0009383741275804955
2017/6/1,-0.00027248385434794424,-0.00035982755930066303,-0.0006130198292422946
2017/6/2,4.851064761031078e-05,-2.2022659859533086e-05,-0.00044812335725725463
2017/6/5,0.0017352667003839857,0.002233896839035207,0.0012158264977323702
2017/6/6,0.0002896832729786658,0.000321010441668272,-0.0002956986123117347
2017/6/7,-0.0008122349638225741,-0.001159385314693083,-0.0013172630894908747
2017/6/8,-0.00029067348122368923,-0.000504874431254928,-0.0006777325659209898
2017/6/9,0.0009613308137551658,0.000690895234846327,0.00024631867750917033
2017/6/12,0.0006554191877434459,0.000632977432578052,0.00032281661781580033
2017/6/13,0.0006715634237961109,0.000613498948481372,0.0004518446729606104
2017/6/14,0.0011104094206253958,0.001259240978977547,0.0005934732999432254
2017/6/15,0.001455954316688816,0.0017672883171144023,0.0010383367930827502
2017/6/16,0.002857564641752176,0.003413126918056257,0.0028613273916055205
2017/6/19,0.002017404827287176,0.002056560436779977,0.0022367567788708206
2017/6/20,0.003425813775998226,0.0038407641679960823,0.0035230782947687804
2017/6/21,0.002920274501773271,0.0032650922341205023,0.0033530075424535156
2017/6/22,0.003375711774497961,0.003641602066663917,0.0036608043179347954
2017/6/23,0.0030339626073747857,0.002979284248884987,0.0033872702432488555
2017/6/26,0.0036859077623437007,0.003797400355422987,0.00370321243635759
2017/6/27,0.0032835784198408657,0.003273780297029043,0.00288426876132621
2017/6/28,0.0034694119461150157,0.0032892585017602776,0.0029090034919240105
2017/6/29,0.005576527893979451,0.005680952133951563,0.00490401711445596
2017/6/30,0.0054682003452975105,0.005764991515192957,0.00513757002411556
2017/7/3,0.0057071183409580905,0.0061458226508584075,0.005340028848025875
2017/7/5,0.006374395078824551,0.007118039138843841,0.006023573076626871
2017/7/6,0.007124340741490401,0.008016843774753113,0.00661686495502471
2017/7/7,0.007036458731761541,0.008071169325953998,0.006381337448715526
2017/7/10,0.0062358975146366265,0.007521734264120203,0.005970639229308845
2017/7/11,0.006032312987365926,0.007045126857620693,0.005501850397695715
2017/7/12,0.006031366029484196,0.007110873737060602,0.00542156383365458
2017/7/13,0.005309197734451466,0.005926246390360272,0.0045836732679469
2017/7/14,0.00526041874453395,0.006166300994411978,0.004673532984142055
2017/7/17,0.0049659081038749804,0.005764167136908997,0.00398141560016468
2017/7/18,0.0067791245560578,0.008155612281397967,0.00552521557158811
2017/7/19,0.00629413062317353,0.007221017835333547,0.0047299992231234
2017/7/20,0.00740067874032487,0.008844184276573692,0.005839330492536061
2017/7/21,0.00819673079899586,0.009853429294184113,0.006733668482915544
2017/7/24,0.007757830117593306,0.009642466777419421,0.006321963409876255
2017/7/25,0.00722480203751827,0.008984812775218471,0.006022852555508721
2017/7/26,0.00780744066253992,0.009749351668614882,0.006641855457397021
2017/7/27,0.008342242716128236,0.010636714826668503,0.007443880841692211
2017/7/28,0.007239727233502312,0.009146796394854337,0.00615901412939979
2017/7/31,0.006895339677616385,0.008638921527945521,0.005773366766296967
2017/8/1,0.007877940441839561,0.009870942296199909,0.006701029409167128
2017/8/2,0.008494080850653712,0.010541451922041738,0.007240474832221723
2017/8/3,0.007100705590079461,0.008941274549912592,0.0058989885254143015
2017/8/4,0.007006466047727947,0.008740288731305827,0.006093848072415598
2017/8/7,0.0075695304911125956,0.008991257386198678,0.006436166508703158
2017/8/8,0.007999228808930095,0.009632514289155448,0.007057450981968243
2017/8/9,0.00802860482524504,0.009716894896675666,0.007263899234537953
2017/8/10,0.008566653189316115,0.010610498345206961,0.007970918488639142
2017/8/11,0.007573133539534352,0.009177110045304563,0.007025675676036812
2017/8/14,0.0068198626832247505,0.008259932963667858,0.006225834844321003
2017/8/15,0.005361695763680436,0.006356864126537708,0.004740756071783857
2017/8/16,0.004828941215193016,0.006147824982595122,0.004765666004437808
2017/8/17,0.0031651622105569057,0.003590657898005527,0.0028420602380950575
2017/8/18,0.002797123185286186,0.0032063048524297567,0.0022139078844297774
2017/8/21,0.0034890983395017257,0.003910608839408402,0.0030900758335311923
2017/8/22,0.003975945625942381,0.0046831846283513275,0.0037563715076698624
2017/8/23,0.003758144201220161,0.004466706563303037,0.0037704412330141325
2017/8/24,0.0030925741844745258,0.0036390299318077323,0.0032903307849250973
2017/8/25,0.0038208351782363357,0.004444260986130577,0.0038790603206906573
2017/8/28,0.0029331470567787207,0.0034022550045100424,0.0027889180889299654
2017/8/29,0.002189779911001216,0.0024191969187978063,0.0023036537088553253
2017/8/30,0.0016631870235336512,0.0019923011038545163,0.0018999683546998102
2017/8/31,0.0019389429676135762,0.002103356455007027,0.00197509192884704
2017/9/1,0.0005077822963294812,0.0003841813553222367,0.0004730277262826951
2017/9/5,-0.0003984152376529489,-0.0005165266535276482,-0.00039968570151906484
2017/9/6,-0.00040227264635230904,-0.0005982206733942234,-0.0007481012247848748
2017/9/7,-0.00043810072493341904,-0.0005396209001104182,-0.0006549600541776847
2017/9/8,-0.000989415984016884,-0.001259985219357778,-0.001288519865263305
2017/9/11,0.000487631329363951,0.0008454639024036267,0.00040115928032977003
2017/9/12,0.001622058911311991,0.0024296201939901767,0.00148322553189012
2017/9/13,0.002470626004210091,0.0036254547299957368,0.00233833826962627
2017/9/14,0.0026865072642814113,0.003783700355811437,0.00226984111617242
2017/9/15,0.004196486962576156,0.005743324576578767,0.00380549732902538
2017/9/18,0.004388061919348016,0.005905207311521707,0.0043063266487528605
2017/9/19,0.004874743576455455,0.006619202186441392,0.00465760909976079
2017/9/20,0.0047430041565338504,0.006348784038248416,0.004851526631140125
2017/9/21,0.0033609518433742507,0.004870987385841923,0.0035662228842242598
2017/9/22,0.004714542107419041,0.006213495855977228,0.004312815440282835
2017/9/25,0.003013190473787236,0.004354278566948347,0.0030865150927641503
2017/9/26,0.0042581460755251755,0.0059058909311451874,0.0045094684837672806
2017/9/27,0.00552550400276181,0.007269438043203838,0.005751503821660285
2017/9/28,0.006079717657893846,0.007859839845220856,0.0064902569684446645
2017/9/29,0.007871990584608815,0.010420642623665762,0.008609263707282034
2017/10/2,0.00815236224163696,0.010845306122993927,0.00914683598724889
2017/10/3,0.007605361912417066,0.010127758662857847,0.00879438751090365
2017/10/4,0.007129621051804251,0.009634361254262907,0.0084521096495548
2017/10/5,0.00757087692837852,0.010073929865631583,0.008927058315371515
2017/10/6,0.007945753639868115,0.010574136635145817,0.0093654727846272
2017/10/9,0.006799960950437886,0.009222789477920133,0.008186074305185694
2017/10/10,0.006025192673761061,0.007997919038914053,0.007298139893335021
2017/10/11,0.0064589614361689664,0.008236477786367132,0.007461468952344374
2017/10/12,0.005919136902721886,0.007366957788239327,0.0066037125398785744
2017/10/13,0.0044423771557555915,0.005663278794085807,0.0051419891207124795
2017/10/16,0.003465824736199566,0.004239137612313127,0.003671257262772595
2017/10/17,0.003609538216024151,0.004238042038271877,0.003456475928775895
2017/10/18,0.004173236471965911,0.004722389486839812,0.0033191694474783997
2017/10/19,0.007314458369337616,0.008314512550868727,0.0062876787355434696
2017/10/20,0.006567942457392231,0.0075464670745141165,0.005800625251014105
2017/10/23,0.007564555276328785,0.008687545095401043,0.006768177020500645
2017/10/24,0.008387282468399407,0.009680728356480392,0.007641449084530136
2017/10/25,0.007015329356367892,0.008411375411576152,0.00620449682324564
2017/10/26,0.006360422849058425,0.007469372531809337,0.005265133238594325
2017/10/27,0.006190120517479616,0.007319083647252552,0.0049662379850198
2017/10/30,0.006699923894756555,0.007893729340018462,0.0053552999067461105
2017/10/31,0.007640555941501395,0.009361148610839943,0.0062073314728049705
2017/11/1,0.008817230280615863,0.010928494086615576,0.0075057341980724656
2017/11/2,0.008063323540757712,0.009712416381198437,0.006381508066033765
2017/11/3,0.007774359705956446,0.009366878255810767,0.006179965771105945
2017/11/6,0.007983258901492877,0.009452439246750547,0.006043552779194645
2017/11/7,0.008504290502240951,0.010225077218963872,0.006512044242799055
2017/11/8,0.007470557182436921,0.009123996300790003,0.005796321403853583
2017/11/9,0.008139738997525467,0.010251291937622056,0.007053670815585772
2017/11/10,0.008582616144785482,0.010765384420294786,0.007462234077427063
2017/11/13,0.009197739074122361,0.011820561771441912,0.008503024886182983
2017/11/14,0.008261623846967455,0.010834817065306793,0.007860613327949618
2017/11/15,0.007100019603256952,0.009487006922279767,0.006813940969975697
2017/11/16,0.005190424889012472,0.007181255355908457,0.004996821852360852
2017/11/17,0.004008217019740161,0.005814166565398952,0.0040981260189372915
2017/11/20,0.004816757381282457,0.007025899537491408,0.005012988154190932
2017/11/21,0.0045306320978020466,0.0064359092362819515,0.004534402305982393
2017/11/22,0.004768285085331257,0.006301594992083402,0.004711427282503577
2017/11/24,0.0048944998309601445,0.006369218962875763,0.005244877909038763
2017/11/27,0.003948494105353225,0.005006951376778623,0.004276694141103153
2017/11/28,0.004067907434917503,0.0050984403928366565,0.004083017746490932
2017/11/29,0.003586303297912498,0.004113383980628077,0.003713491374833217
2017/11/30,0.004325907988771148,0.004753308051045337,0.004392266406488057
2017/12/1,0.0029698979273144735,0.003132427395154127,0.0031349074234394425
2017/12/4,0.0038345594588655232,0.004227644590657577,0.004067375871294662
2017/12/5,0.0033158101934937035,0.003447190564729242,0.0035654345585321824
2017/12/6,0.0026035804666306927,0.0024062712328377913,0.002714042092750003
2017/12/7,0.002328170578016538,0.002085234059565607,0.002306785457410555
2017/12/8,0.0018280512332845681,0.0014956068855838968,0.001851859048562805
2017/12/11,0.0014296652412918282,0.001013201780006327,0.0012081994203494198
2017/12/12,0.002423291246490938,0.0023928485965663167,0.002387616790272425
2017/12/13,0.002582987114596698,0.0024910852180123565,0.0026112251119079404
2017/12/14,0.003111804596392353,0.003202398807860792,0.003218377559197065
2017/12/15,0.004024417631043503,0.0043145489483507275,0.004140062198023445
2017/12/18,0.004620910701814848,0.005120768141240212,0.004750835646210009
2017/12/19,0.004289955813378114,0.0046840155018166175,0.004322567578790884
2017/12/20,0.002622214405808948,0.002634634860988967,0.00239277260553389
2017/12/21,0.0024428149314928782,0.002389499787846207,0.00224954467045856
2017/12/22,0.0016412809385730506,0.003252112926437287,0.0027128427297044098
2017/12/26,0.0025756643114928507,0.0023629089295795066,0.0021003938864592947
2017/12/27,0.0019807275071669064,0.0031179883538403116,0.0028160842916799696
2017/12/28,0.0009407799459594365,0.005185373804226747,0.004510835316881495
2017/12/29,-0.0012616469516501035,0.003353527187076102,0.0031480916933856046
2018/1/2,-0.0009935391148929635,0.005798815250670981,0.00508388364277769
2018/1/3,-0.0024068109559657234,0.0057081249401423366,0.004912501585131199
2018/1/4,-0.0017793783886115484,0.006082444676517317,0.0052784896884334595
2018/1/5,-0.002370991993497838,0.006475205115968527,0.005911976684922365
2018/1/8,-0.0013875257577894084,0.006165760037080262,0.00592670208698504
2018/1/9,-0.0009897542353787734,0.006576786005059522,0.00584280845717276
2018/1/10,-0.0010691221388440184,0.007607709112406352,0.006941973515186885
2018/1/11,-0.0032688572799351133,0.006727639360695361,0.006290668286164471
2018/1/12,-0.0038327696233508035,0.0069933705001604006,0.006366309220429345
2018/1/16,-0.004436310259699774,0.008132014711174033,0.007327800781310625
2018/1/17,-0.004722737196101928,0.006771920881927833,0.00587599583020299
2018/1/18,-0.005297419205500839,0.006586906086053022,0.005624855367845305
2018/1/19,-0.006397457425270643,0.006093231557358856,0.00487972234565803
2018/1/22,-0.007045935959370783,0.00859642584808677,0.007054237823155306
2018/1/23,-0.007734956573837573,0.008485706534399756,0.006650713380288754
2018/1/24,-0.006929411750780908,0.007465578519474818,0.0055431867317561005
2018/1/25,-0.007334339550344802,0.009085725869005527,0.007035616864150615
2018/1/26,-0.006999718814020723,0.008019114047845081,0.006258141111774746
2018/1/29,-0.005172595624756223,0.007188705078090002,0.005276124342321735
2018/1/30,-0.004780418120604977,0.006920419653856332,0.004790097770277435
2018/1/31,-0.004761394877097617,0.004911115913772272,0.0031524186684559396
2018/2/1,-0.0037418867425138835,0.004447709120027241,0.00267534902444068
2018/2/2,-0.003757728989231363,0.0049660438362971165,0.00325840347382639
2018/2/5,-0.004132557913931118,0.0035991753747737615,0.002283198240857065
2018/2/6,-0.004533616222923732,0.004586876092939182,0.0030752652423425998
2018/2/7,-0.003244638375947808,0.006113481279010677,0.0045773023212732095
2018/2/8,-0.002114445574885053,0.006480711348991572,0.004780114568087405
2018/2/9,-0.0006376443971259678,0.006302581026034443,0.004454413082583115
2018/2/12,-0.0008380598156241979,0.0053635174240305875,0.00417251155904296
2018/2/13,0.0005513704211554521,0.005363848073300892,0.00409007485895984
2018/2/14,0.0005801745764631072,0.0064892114676786865,0.005472184893601695
2018/2/15,0.001482908692292487,0.006824321662621717,0.005558258747139155
2018/2/16,0.0023948513875111724,0.007285474097097487,0.00618511233848359
2018/2/20,0.0033370902933107967,0.005470380124077537,0.0045840358916721296
2018/2/21,0.0038079107665530522,0.005612245410372927,0.00480871136550087
2018/2/22,0.0036441969815863015,0.0055164882946460115,0.004652015960869775
2018/2/23,0.003599017319453431,0.005386800076679897,0.00457908454446887
2018/2/26,0.0036127495215567463,0.005318177321817097,0.00450639842443617
2018/2/27,0.004320920427723261,0.005972747961359967,0.00516529427245508
2018/2/28,0.0040085397799898915,0.005646708767695927,0.005079942222857465
2018/3/1,0.004572933857597947,0.006466410171559032,0.005612473055327286
2018/3/2,0.004657159831398317,0.006520164390782036,0.005821931024732845
2018/3/5,0.004176774452820687,0.005974467121472872,0.005510080966116675
2018/3/6,0.004940628945958901,0.006642488679395276,0.005757524662537185
2018/3/7,0.004458172612328282,0.006185436852434943,0.0050930732453573
2018/3/8,0.004408724773405301,0.005750672123425877,0.00443002345170945
2018/3/9,0.004576009311311046,0.005976274093982378,0.00453145160132884
2018/3/12,0.004152645658189636,0.005341079644693682,0.003827412266123395
2018/3/13,0.004753655294616322,0.005991889649089527,0.0042160249968225
2018/3/14,0.005047126833499586,0.006132072466493952,0.004524052178108765
2018/3/15,0.005209512636730502,0.006274162750975016,0.00428600545301223
2018/3/16,0.005189911047634166,0.006144939531649647,0.0044345710674772295
2018/3/19,0.004906051812433941,0.005493768897232752,0.003873187854030955
2018/3/20,0.004698322234222182,0.005103634059118047,0.0038018988877328553
2018/3/21,0.0046533766736873115,0.005030166582064857,0.003773828588310125
2018/3/22,0.004795920096774391,0.0057995228509977225,0.00450763686644247
2018/3/23,0.005235564835438917,0.006338959125293327,0.00475921915905305
2018/3/26,0.006443076360403711,0.008036191669816907,0.0058141849319866944
2018/3/27,0.005196872438008586,0.006338974348241422,0.004395800589593045
2018/3/28,0.006036367109485796,0.0071197653647929226,0.00497458739327083
2018/3/29,0.007702774324348101,0.009053686006368017,0.006384047182833084
2018/4/2,0.007233303134981018,0.008386072397340186,0.005570835083921365
2018/4/3,0.008978261108930857,0.010510830170956798,0.006737082431830491
2018/4/4,0.00870761912822952,0.010371665286810888,0.006684315767828876
2018/4/5,0.009247055853782892,0.011113097214244257,0.00744214698520589
2018/4/6,0.008347503171457257,0.010516337177581016,0.007271643958975865
2018/4/9,0.00785778973691977,0.009879632492526514,0.0066737938484888
2018/4/10,0.007364342540128711,0.009487938024993628,0.00677919081560175
2018/4/11,0.007237872904581432,0.009201304973088912,0.006571870428140179
2018/4/12,0.006220480965096366,0.008045672985478942,0.00542391147651679
2018/4/13,0.006170996705125177,0.008020302924500592,0.0056997588917001305
2018/4/16,0.006064733240478242,0.008021915441407347,0.0055762108084631504
2018/4/17,0.007489109472489816,0.009898532119414888,0.006904335100947225
2018/4/18,0.009423929474285392,0.012439200994292344,0.0087077948647735
2018/4/19,0.009172606028160321,0.012156296823384287,0.00853368823189736
2018/4/20,0.00971484780901621,0.012431233458154512,0.008802699495183485
2018/4/23,0.009937511815891012,0.012684272367335778,0.009071962033561224
2018/4/24,0.00931692076469064,0.011652517448740378,0.008477116422776045
2018/4/25,0.00968900034120885,0.012175459464694106,0.00891714894713857
2018/4/26,0.009425386366536576,0.012097748546244546,0.00916652974024721
2018/4/27,0.008876033993202586,0.011292182365674053,0.009019066002001296
2018/4/30,0.008761807589550821,0.01121733462050768,0.009157920850837824
2018/5/1,0.0074920954234240725,0.00966410699820976,0.00823785994010404
2018/5/2,0.008328846103910917,0.011003713040692312,0.009321111785979634
2018/5/3,0.008511301502802642,0.010782698700679867,0.009236305631862049
2018/5/4,0.008669876048520982,0.010993176230799942,0.00937539452392365
2018/5/7,0.008428720712304511,0.010667096618108352,0.009234741892010375
2018/5/8,0.009573600463916258,0.011966357966548224,0.010109231353088572
2018/5/9,0.011297074265912418,0.014026254231582103,0.011545963981421211
2018/5/10,0.011976417382151237,0.014919712394946962,0.0126144052290376
2018/5/11,0.01164745240636438,0.014223141910523601,0.012066482569196004
2018/5/14,0.011916691998919047,0.014629918253740293,0.01239873187561092
2018/5/15,0.010167903773697856,0.012322105979089493,0.01087067383107817
2018/5/16,0.008826668386492112,0.010546215615025382,0.00966173874282571
2018/5/17,0.009169871639379962,0.011077827960755328,0.010153354278868555
2018/5/18,0.007330902035040217,0.008823979076009148,0.008516686185409185
2018/5/21,0.005970446960814241,0.007227428692698712,0.0071943239180803295
2018/5/22,0.0057310222670071765,0.007145399542635616,0.007267212325017515
2018/5/23,0.004919109198227241,0.00620397001165973,0.006570778918113194
2018/5/24,0.004233389497950021,0.005552620222596812,0.005912655680713505
2018/5/25,0.0034086516941247863,0.005006896917010077,0.005351121447395465
2018/5/29,0.0029060742128778913,0.004615707505602206,0.0051225681061239595
2018/5/30,0.002855223316100296,0.004380294041111217,0.00479679991870287
2018/5/31,0.002219160694498771,0.003274055007808932,0.0036135789618005456
2018/6/1,0.002038251935744226,0.0032069984699078465,0.003446016815106045
2018/6/4,0.002616696568964026,0.003913283379471792,0.0038938333516358352
2018/6/5,0.002959680734856526,0.004559536093493326,0.004490732272277675
2018/6/6,0.002357915886826191,0.003830395329193706,0.004072557894142675
2018/6/7,0.0010712396307851562,0.0020747100516630363,0.002762278238326575
2018/6/8,0.0009580157220752912,0.0013741125466987965,0.0018989267644806602
2018/6/11,0.00043714941268482117,0.0008247419333626372,0.0011572083565118698
2018/6/12,-0.0001134130028995138,7.937205851147735e-05,0.0003838795163752649
2018/6/13,0.00042283584663664625,0.0010614229914293325,0.0013000754794952
2018/6/14,3.0036918406481285e-05,0.00041361957785128727,0.0005492714768079649
2018/6/15,0.0005567738243351013,0.0008958842295633823,0.000627929367455695
2018/6/18,0.0028742000981766113,0.003864953963804993,0.002517910352946065
2018/6/19,0.0032047051526725517,0.004226108013583513,0.002679130582471155
2018/6/20,0.003272140132093092,0.004227355702687322,0.0025049680479255804
2018/6/21,0.0035726820619325717,0.004514513657251152,0.0025809943549706597
2018/6/22,0.004668109960182161,0.005437278428035897,0.0031406329235767654
2018/6/25,0.004273157955901397,0.004777087356403978,0.00241727845298178
2018/6/26,0.005171553628855711,0.005724869954654068,0.003021704746242575
2018/6/27,0.004885147335536281,0.005388290434004252,0.00309813711427383
2018/6/28,0.005255908226604216,0.005893048182472757,0.003680588157605335
2018/6/29,0.0041050703335282265,0.004698329721945993,0.00285984219454076
2018/7/2,0.004214028262202017,0.0044688813739317285,0.00266246817237173
2018/7/3,0.003494856220466392,0.003353284803705717,0.00199410667552803
2018/7/5,0.0035194161522290866,0.0036656357962768426,0.00229792551014178
2018/7/6,0.0033221042553449862,0.003541465663594762,0.002206988985365585
2018/7/9,0.002696284897666612,0.003158606225548352,0.0018018980512649202
2018/7/10,0.002777845421967291,0.0033277873804358426,0.00207293905384666
2018/7/11,0.0034426661501175764,0.004208624344242633,0.00299085867809618
2018/7/12,0.0029149504182269617,0.0035207630388470676,0.0022827824868191854
2018/7/13,0.003953398235673161,0.004789048238686138,0.003412659922179405
2018/7/16,0.002899000116741722,0.003388637364573833,0.0022074293961969202
2018/7/17,0.0018057643847384165,0.0018483889901870676,0.0013325477222997449
2018/7/18,0.0025037569439866564,0.002743902361379338,0.0020931041016549502
2018/7/19,0.0032448343656965714,0.0035470333270434624,0.00278531289848149
2018/7/20,0.0036893708776773817,0.004215115736343733,0.0035263395967182
2018/7/23,0.0023477427329082717,0.0024363276307702276,0.001899500052951705
2018/7/24,0.0042825370147190666,0.004498584246662432,0.0038137258208617054
2018/7/25,0.0038815144821451714,0.0040301258539661025,0.0034635582841258
2018/7/26,0.003449757650376157,0.003623927314059097,0.0028191734184140754
2018/7/27,0.005058389518977747,0.005603700027582147,0.004332018438107391
2018/7/30,0.005937627288101887,0.006404330848053158,0.00485444936888493
2018/7/31,0.004174218359311846,0.004199390430885457,0.002936193416071685
2018/8/1,0.0043520437672190165,0.004486430713765157,0.002851052209415315
2018/8/2,0.004546618846302747,0.004207668821689088,0.00233504628545539
2018/8/3,0.004801393819062602,0.004782691258504362,0.0029441521709589404
2018/8/6,0.004744716515573497,0.004764543027872192,0.0031100887052195503
2018/8/7,0.006458989598487766,0.006674744688478423,0.0047260818864292755
2018/8/8,0.005536883206686492,0.0053645949283810225,0.0036719914559143847
2018/8/9,0.005120065919823376,0.004612299229716663,0.0028841724362026655
2018/8/10,0.005556158690871592,0.005095920482022317,0.0035432071657835553
2018/8/13,0.006903642979661467,0.006560117619219633,0.0048123620635844595
2018/8/14,0.006795928424476327,0.006344881018597546,0.00454078101363845
2018/8/15,0.005610963254133001,0.004747663039138937,0.0032907758927142256
2018/8/16,0.005674227636362586,0.004827637561431787,0.0034909327755867055
2018/8/17,0.0044902663199288765,0.003623955643860722,0.0023507139888102055
2018/8/20,0.004613783754658771,0.004129703848153808,0.0031862590928957205
2018/8/21,0.003962032048804522,0.003403675183959012,0.0023770692850998303
2018/8/22,0.004468753372047942,0.003979672161484152,0.0030412120606927253
2018/8/23,0.005276810214856021,0.0046927917106051225,0.0036692750595983905
2018/8/24,0.0038590928464485863,0.0029056381164512474,0.00258198601922637
2018/8/27,0.0040180022764903164,0.0033812918598708475,0.0029805203440680154
2018/8/28,0.0041211215997249764,0.0037435567732004823,0.0032744466252778055
2018/8/29,0.005360427772915676,0.005535409395718957,0.00494701249076325
2018/8/30,0.005965984437926281,0.0065548995007904025,0.005825277105852315
2018/8/31,0.0059754845563840765,0.006280580349942737,0.005343561563722895
2018/9/4,0.006542710656724576,0.007068905056716363,0.006128989684297415
2018/9/5,0.006869627683905912,0.007849076815716767,0.006604917387856446
2018/9/6,0.007024672154583081,0.008332483012398292,0.007077385778099235
2018/9/7,0.007609762844265432,0.008981197096602628,0.007636846194357649
2018/9/10,0.007232685172225461,0.008618994990879734,0.00709545577761498
2018/9/11,0.007322657733075846,0.009105378354229728,0.00786792638161736
2018/9/12,0.008847042439955361,0.010817716983635872,0.00920015557807596
2018/9/13,0.009569796596402006,0.011711722226686243,0.009804671519048768
2018/9/14,0.009113096015961638,0.011060386071576384,0.008900550959044988
2018/9/17,0.009536360648554492,0.011270892197110612,0.009333290886379162
2018/9/18,0.010114833287438256,0.011803793171306027,0.009599032310351318
2018/9/19,0.008971520308758658,0.010755686134720875,0.008877353019120219
2018/9/20,0.008369752022398931,0.010048010010260325,0.008355891687014713
2018/9/21,0.009600203155368973,0.011526889857225955,0.009346600389968193
2018/9/24,0.008875976258582467,0.010551643000469641,0.008265066677731778
2018/9/25,0.008636382190523392,0.010158209151431183,0.007906174856445243
2018/9/26,0.009689126882139947,0.011383483341236598,0.008933858429011423
2018/9/27,0.009702882739977072,0.011264092681794458,0.008870546445974872
2018/9/28,0.009169154195436142,0.010641529171717823,0.008381606147673342
2018/10/1,0.010784459886276476,0.012505099801644848,0.009905627567131415
2018/10/2,0.010708690452622897,0.012206514928822448,0.009524336122745313
2018/10/3,0.009392608445023662,0.010625793538196633,0.008198953396681478
2018/10/4,0.009741745097983161,0.010797182554309162,0.008255975483876599
2018/10/5,0.010813520919549041,0.012491617545416759,0.010217152631514428
2018/10/8,0.010903808817836572,0.012462748223909083,0.010402020495992844
2018/10/9,0.009899752990275273,0.011177167864728709,0.009353021201775823
2018/10/10,0.008293151911994815,0.009368110492375268,0.007968121860489334
2018/10/11,0.008611287219323662,0.009748403739727279,0.008248281233067995
2018/10/12,0.009302569707955236,0.010942470042867946,0.00949481100551547
2018/10/15,0.009914597984659237,0.011793168328062568,0.00974644353426838
2018/10/16,0.010446442317574661,0.012694928848153356,0.010077425168845846
2018/10/17,0.011133566157361892,0.013407286861627935,0.010718587328208
2018/10/18,0.012316480253893631,0.01496944756569785,0.011920135973163071
2018/10/19,0.010743986801960126,0.013078871142010836,0.010719904097586457
2018/10/22,0.012729222780362837,0.015578649618429224,0.01280188622598486
2018/10/23,0.012256427359244126,0.01505208280995953,0.012679384181605085
2018/10/24,0.011793849460335681,0.014376043507727263,0.01234945054623549
2018/10/25,0.011566334507680461,0.014144223211185022,0.011894748184842267
2018/10/26,0.011449721120932567,0.013819932748759417,0.011204025108567366
2018/10/29,0.010229481052046425,0.012519005087768074,0.01020313786846976
2018/10/30,0.009962942562375048,0.012144660158619591,0.009989636928437316
2018/10/31,0.009752005093403819,0.011427723660524502,0.009525703954779481
2018/11/1,0.00958543610823051,0.011576849292173372,0.00980076038912765
2018/11/2,0.00967031810922444,0.011398849980279107,0.009494875928693747
2018/11/5,0.009786177684479879,0.011631754957158187,0.009568900629595211
2018/11/6,0.010363547483628518,0.012213267049169717,0.009971026486879425
2018/11/7,0.010546682890121995,0.012762275006498198,0.010232586584032057
2018/11/8,0.011004858458780215,0.013246338270693468,0.010877174925710114
2018/11/9,0.010261240538992265,0.012293517336922693,0.010079380377505885
2018/11/12,0.01139936141433626,0.013616434387658121,0.01129941747970478
2018/11/13,0.01233863158356157,0.014540024852790448,0.012347685920920191
2018/11/14,0.011988938340823103,0.014133927151320724,0.01189465101493635
2018/11/15,0.01118583189332743,0.013204028515810148,0.011013591058158316
2018/11/16,0.011148332813969965,0.013213053044601141,0.010929130597554456
2018/11/19,0.00957337526131136,0.011244111673696853,0.009324754627233487
2018/11/20,0.010140773671247374,0.011695009738697642,0.009233095301811696
2018/11/21,0.010599339026649114,0.01252711832727565,0.00997158345451953
2018/11/23,0.00991460512647557,0.011387208524052658,0.00905187535408679
2018/11/26,0.00949823912448403,0.010732853495712994,0.009113605880561326
2018/11/27,0.009646612545326689,0.011157712448861778,0.009455418347612791
2018/11/28,0.009367207670332021,0.010769988697570608,0.00904350245920647
2018/11/29,0.009688440016390238,0.011577332821832207,0.009392606280723869
2018/11/30,0.009423963739626461,0.011027074086168208,0.008608745709368981
2018/12/3,0.008889607683352166,0.010456897616769111,0.00795698862483226
2018/12/4,0.009329058355942492,0.010964542056383628,0.00828220780281477
2018/12/6,0.008633502506662522,0.010211325667828113,0.007425067792014956
2018/12/7,0.009328545205570513,0.010599713902351201,0.007924559303697011
2018/12/10,0.00882884855794103,0.010224255003318642,0.00767217338210934
2018/12/11,0.008180579067868921,0.009572979484326468,0.007195991073866236
2018/12/12,0.007454293820750646,0.008890204087730665,0.006870846127912016
2018/12/13,0.00636334619691181,0.007375693455905413,0.0056441761593196815
2018/12/14,0.006818484343405156,0.007697953095685979,0.005955313676841876
2018/12/17,0.0069499745260945215,0.007685995212405953,0.005816645997711621
2018/12/18,0.007556017002049326,0.008557705031243474,0.0066553720422634355
2018/12/19,0.006921011767832577,0.007891278580047607,0.0061630698013495164
2018/12/20,0.0069361346482625374,0.008006981107878149,0.006428825585095416
2018/12/21,0.009519420089745056,0.008082729608213868,0.006478059483505691
2018/12/24,0.012208679785793253,0.009120850049407322,0.007605120465703881
2018/12/26,0.01586674825824922,0.009308140470780314,0.0075727292623951805
2018/12/27,0.018289496192556095,0.008481352423145324,0.007156220323834455
2018/12/28,0.021900707806227843,0.009191702053879409,0.0075832590016792
2018/12/31,0.0246616368385708,0.008768085496022173,0.007601084003844026
2019/1/2,0.027738639344181925,0.009413746521915518,0.00858900469641825
2019/1/3,0.024003173006812997,0.007372090101308295,0.006749359237439681
2019/1/4,0.02632052961947063,0.0064156987605582545,0.0061255631191678905
2019/1/7,0.029523325323316356,0.006920701615130934,0.006733073105324436
2019/1/8,0.02544986736012378,0.006140638484214364,0.006129235672251321
2019/1/9,0.027440344962326824,0.007100723615886359,0.006483907147352111
2019/1/10,0.031006042689201773,0.007385529738098984,0.006505335271633066
2019/1/11,0.03302724897698801,0.008342118153898433,0.007165335995543321
2019/1/14,0.028917175048122634,0.007548903872400589,0.006698089788585555
2019/1/15,0.024802690870553968,0.006783280719766273,0.006168062731526606
2019/1/16,0.027948617452844975,0.007103955944957397,0.006763749352848546
2019/1/17,0.02452355202883466,0.005518433617588638,0.005335687496191076
2019/1/18,0.028275686402703108,0.006609412507932513,0.0062228444603446755
2019/1/22,0.031602968449907544,0.007025760426147033,0.006330323500841936
2019/1/23,0.029434675588131738,0.007283443608037068,0.006533440893653646
2019/1/24,0.027280225449605955,0.006957969101003543,0.006152667693785216
2019/1/25,0.023586816583226172,0.007055722326944638,0.006177650676891735
2019/1/28,0.01979664805955652,0.006171527163538874,0.005323209187237851
2019/1/29,0.01786156089623025,0.007741929290902554,0.006440336609160236
2019/1/30,0.01432573281618554,0.007269250397031334,0.006109668283542311
2019/1/31,0.01084422261162244,0.006105333468123289,0.0049318713298960705
2019/2/1,0.013435434864588761,0.006965932456003489,0.005995689288191766
2019/2/4,0.010948607851174927,0.007885739223859144,0.006900096397999096
2019/2/5,0.007609327009595097,0.007085710148413478,0.006350930070500906
2019/2/6,0.01092716671161947,0.007041864507086939,0.0064537387729155
2019/2/7,0.008910693264492647,0.005995412633382823,0.005926465540609506
2019/2/8,0.005719711329623287,0.005746950281684178,0.00570955647486657
2019/2/11,0.003117352423834971,0.0038248856699580683,0.004039688125731435
2019/2/12,0.007521436564109116,0.005296916955684118,0.005352299545384756
2019/2/13,0.012048562983609876,0.006612028136550242,0.0060809684475979005
2019/2/14,0.009651284390500742,0.007082123764932504,0.006226579157715021
2019/2/15,0.01350181996080759,0.009102950877550853,0.007628001885240846
2019/2/19,0.010730141222128762,0.009214402888049329,0.00789653447945173
2019/2/20,0.006506180213212616,0.007763519998105257,0.00687339447421898
2019/2/21,0.006919543994051561,0.008210344695503543,0.0074079860759129505
2019/2/22,0.0066671612663525,0.008042999060365978,0.00712595524192733
2019/2/25,0.007315829022763916,0.008810272409687663,0.007751188022851375
2019/2/26,0.008715110942619012,0.010323731374152424,0.00905354134872607
2019/2/27,0.008538685752652327,0.010396035149481573,0.009508994034778897
2019/2/28,0.00930428141626011,0.011196638304784273,0.009649003378347025
2019/3/1,0.010240992784158302,0.012490453833064947,0.010705830056319216
2019/3/4,0.010548133291216667,0.012544447326613441,0.01053101137708219
2019/3/5,0.009862415159596197,0.011442429385592982,0.009475718717499911
2019/3/6,0.009650377449807202,0.011152179398084872,0.008931080092188381
2019/3/7,0.009671731636673201,0.011297010693544187,0.00893306442594007
2019/3/8,0.009019502870548587,0.010412952743293808,0.008075031915253337
2019/3/11,0.009051708024574997,0.010833069796892197,0.008612181199288155
2019/3/12,0.010144078040315032,0.012267082091464137,0.00977854420252469
2019/3/13,0.011672712503224911,0.014133541494555948,0.010918278584036076
2019/3/14,0.011118797920971911,0.013549876014052359,0.010685163661561681
2019/3/15,0.009642817094815286,0.011850833440619966,0.009506744267651707
2019/3/18,0.009957820212010592,0.012239297477688076,0.010064078699399522
2019/3/19,0.009512945040885606,0.011942359140554422,0.009537189778874041
2019/3/20,0.010218309670963951,0.012707662447574777,0.01027963001236913
2019/3/21,0.009295303227325977,0.011765254454820967,0.00945718051653451
2019/3/22,0.008319668589454467,0.010323044446275218,0.008593410738028691
2019/3/25,0.008075734751227562,0.009914557346999362,0.00851368145903669
2019/3/26,0.007314677073526681,0.009034054106493817,0.007702303223598736
2019/3/27,0.006470365005119992,0.007712293577962208,0.006363731605517381
2019/3/28,0.006446975688257755,0.007870320374505127,0.006685113776061931
2019/3/29,0.006214197961816591,0.007420367428979747,0.006230823643470096
2019/4/1,0.006603513782704897,0.007846751622956293,0.006281906068229572
2019/4/2,0.0067624022769213156,0.008327966873737373,0.006523321328201301
2019/4/3,0.007565343715604396,0.009353213425214852,0.007413888286158206
2019/4/4,0.007368307299670715,0.009189904323549047,0.007209250844701735
2019/4/5,0.0070290474913826005,0.008837696510307339,0.0069376089253850165
2019/4/8,0.007088742337293161,0.008435925760811447,0.006394009516805252
2019/4/9,0.005519096060424507,0.006643043340015952,0.0050223260247239405
2019/4/10,0.0035689552861293563,0.004320469034652178,0.003397867725710161
2019/4/11,0.0040428208467484066,0.005029560562485837,0.0038623858915170254
2019/4/12,0.005279603299031892,0.006836152098047048,0.005296590800598846
2019/4/15,0.0038166364218231662,0.004902609221918033,0.0040923735884885555
2019/4/16,0.0034627911017055812,0.004305144246406308,0.0036810612230539002
2019/4/17,0.004088232631672362,0.005225594558029358,0.0044628814534052605
2019/4/18,0.0037017091516158866,0.004590571570847448,0.003828853148425641
2019/4/22,0.004286078649678822,0.005497223707379923,0.004463851231373231
2019/4/23,0.0045228973970998865,0.005919865392836353,0.004379603635130925
2019/4/24,0.003954376054663036,0.0050612207313579325,0.0034625651875011903
2019/4/25,0.0036383932913404415,0.004670472423269042,0.0033163282831695957
2019/4/26,0.002891147883275386,0.0034272071338941933,0.0026468386293729907
2019/4/29,0.0021887290101540316,0.002497445911354403,0.0019510803837632755
2019/4/30,0.0016363320566635264,0.001700172642349298,0.0012763996181685358
2019/5/1,0.0018849804630324564,0.0018364014885199828,0.0013797782770319958
2019/5/2,0.0016550321310005716,0.0015836439788902029,0.0010874213612086356
2019/5/3,0.0017513689159697116,0.0017441624061334826,0.0013418720083771308
2019/5/6,0.0025096133081010516,0.0026709608341057927,0.0020206507956265054
2019/5/7,0.0015121238878545214,0.0015318772441141326,0.0012027988395913506
2019/5/8,0.0019544776325368914,0.002113775423005947,0.0017914778600296756
2019/5/9,0.003258628175620966,0.003577437651005877,0.0030113103975120854
2019/5/10,0.002607837298963241,0.0027332349438749823,0.0023554139804251003
2019/5/13,0.002686607899459916,0.0027073061188310926,0.002291246577621485
2019/5/14,0.003308110586626646,0.0038309430234527626,0.0025342558106934403
2019/5/15,0.004072389892280641,0.004956605494801892,0.0034766636137900154
2019/5/16,0.004284235170067271,0.005141316417332448,0.0037021968203121403
2019/5/17,0.0038394173090351064,0.004712931205109788,0.003407121724247535
2019/5/20,0.004020121895085236,0.0047168113437254825,0.00328485958129363
2019/5/21,0.004641167115457347,0.005543176568148997,0.00413792172172035
2019/5/22,0.004762463322820841,0.005693610105038052,0.00431747073377749
2019/5/23,0.004657978415690811,0.005272123385009672,0.003933725804670595
2019/5/24,0.004969393953244442,0.005898177547548582,0.004082615875920401
2019/5/28,0.005799272738234956,0.0069128190636857075,0.005107939299622726
2019/5/29,0.006673323786771571,0.008330080614429348,0.00656344578512854
2019/5/30,0.007046440602478911,0.008905045059881201,0.007127510165888371
2019/5/31,0.0073295769314769155,0.009038920932835303,0.0072598556985841054
2019/6/3,0.007846361092038725,0.009187145019646858,0.0073121361673351305
2019/6/4,0.008788889799100117,0.010159768746424627,0.008315377779574945
2019/6/5,0.01027068145754607,0.012162909197429753,0.01016214610975141
2019/6/6,0.009788518415207306,0.011283524969510987,0.00917163235063834
2019/6/7,0.010026823678679112,0.011492389790809864,0.009005471131774176
2019/6/10,0.011203295473861983,0.012623085766181569,0.01026964564921538
2019/6/11,0.010634165722144007,0.011825228966071358,0.009734083839152355
2019/6/12,0.010914595541743942,0.011969519034255303,0.010223350732729826
2019/6/13,0.011531992000663401,0.012357833012125738,0.01048536400821649
2019/6/14,0.011003601408717995,0.011935840075429742,0.01010938196977303
2019/6/17,0.012164137316754467,0.013499752762945672,0.011100702350750336
2019/6/18,0.012882299889983392,0.014598785160224174,0.012186433119776916
2019/6/19,0.011241905604041518,0.012217308637083634,0.01033218440670738
2019/6/20,0.011364076214739971,0.012375488852727438,0.01066623599059104
2019/6/21,0.012305074072254847,0.013824016120403276,0.011944179625015865
2019/6/24,0.0127911197880981,0.014196690611447687,0.012447259832290891
2019/6/25,0.01320523426981179,0.014698622804477892,0.012591043902474642
2019/6/26,0.012789403688847187,0.014217142930833213,0.01230074355114429
2019/6/27,0.011805039231938607,0.013050743509365997,0.011530571664504575
2019/6/28,0.010225078218066718,0.011579742764086623,0.01018743265313224
2019/7/1,0.009539529751300272,0.011087685481502787,0.00955966174975646
2019/7/2,0.008772929746360932,0.010524542995717888,0.0088574207974913
2019/7/3,0.008849106610233312,0.010533592935085153,0.00858969865185811
2019/7/5,0.01013100409085162,0.012464651089628302,0.010103536422518601
2019/7/8,0.008452081175371547,0.010559437505672172,0.008759158116575431
2019/7/9,0.007160801171465297,0.009096277573336687,0.007221733541746415
2019/7/10,0.0074045456473281965,0.009128804917454852,0.007257791462713316
2019/7/11,0.007214999407020905,0.008844726055195496,0.007137967170520236
2019/7/12,0.007265713970105542,0.008938082566876298,0.007228524172675346
2019/7/15,0.0074672405894715115,0.009102058336838938,0.007469320165846211
2019/7/16,0.006068503356222646,0.007191434749250693,0.006128091709596925
2019/7/17,0.004565070157711412,0.005243309438340473,0.004285743109005846
2019/7/18,0.006167450161599567,0.007581397005764543,0.006170727454845721
2019/7/19,0.0058076913617749314,0.007276683815522478,0.0059491846714856
2019/7/22,0.005708452166714057,0.007015659237958658,0.00541406413856572
2019/7/23,0.005247273680369891,0.006635907179653913,0.005099144398470806
2019/7/24,0.004555648863238426,0.005805562377898818,0.004503107319657926
2019/7/25,0.004554659216987931,0.005769709934045768,0.004350511783015715
2019/7/26,0.005509913835795192,0.0067561194838360525,0.004938298079134211
2019/7/29,0.006652000547398657,0.007904760297653843,0.006183560403757986
2019/7/30,0.007355721892097426,0.008833141791486834,0.0072127074494812895
2019/7/31,0.0063577895397726415,0.007383125794095348,0.006103835256874751
2019/8/1,0.0059670163223295315,0.006992238336967648,0.006234984099153341
2019/8/2,0.005966930397200721,0.006893405513182622,0.006380806750977401
2019/8/5,0.006199286688559356,0.007216222411504642,0.006551982282257311
2019/8/6,0.007255277342769356,0.008677037098187543,0.00770504346897803
2019/8/7,0.007152814311202788,0.008697811232073412,0.007696156061335771
2019/8/8,0.007292439163129998,0.009031970208992253,0.00776850946257669
2019/8/9,0.007446732063087097,0.009350748692614527,0.008395460706199401
2019/8/12,0.006373799738892602,0.008084412492668284,0.007076485293850321
2019/8/13,0.007022332679129936,0.008773772507908928,0.007445123408820256
2019/8/14,0.008729151103738406,0.010859478542944183,0.009172446932918077
2019/8/15,0.008360663417795311,0.010353279093360639,0.008783405168367531
2019/8/16,0.009530415576871731,0.011701557710188043,0.009419877256661525
2019/8/19,0.009573519499901257,0.011803817792555692,0.00969008806060098
2019/8/20,0.009950108154231311,0.012450752639714648,0.010184568468473227
2019/8/21,0.011089385545413236,0.014170298559091651,0.011464051962740321
2019/8/22,0.011413134442574838,0.01464267733977899,0.011698582978725476
2019/8/23,0.010792368046298515,0.014119388323308179,0.011139257826966611
2019/8/26,0.011014866220384136,0.01427145128690283,0.011299771421080601
2019/8/27,0.011157917060760688,0.014495129426472181,0.011352279641935742
2019/8/28,0.011394320221236936,0.014780979686264623,0.011518635849653536
2019/8/29,0.011751014100372967,0.015058162201081726,0.011315808159064068
2019/8/30,0.011332655997861396,0.014364960573346058,0.010629629262028796
2019/9/3,0.012333687334952992,0.015523627729578002,0.011620047047782786
2019/9/4,0.011401734552794892,0.014256858400849948,0.010785618542691531
2019/9/5,0.011633053221615355,0.014546656237956205,0.010731294823423576
2019/9/6,0.011599928192452105,0.014498132171969737,0.010608563888298346
2019/9/9,0.010161685704120871,0.012696398166083677,0.008605180983344967
2019/9/10,0.011769483178641996,0.014514476484035541,0.00963292753654602
2019/9/11,0.013262640479847283,0.016427254512283312,0.011364991738708821
2019/9/12,0.012351312553252506,0.01526102390674464,0.010655398792443366
2019/9/13,0.011569213024502926,0.014033236713518998,0.009723256453456976
2019/9/16,0.010915627893182851,0.013381635603707292,0.009434559776107635
2019/9/17,0.009192178578718341,0.011272949959535237,0.007806161456759346
2019/9/18,0.008872864839015195,0.010321575935646733,0.006928667750823505
2019/9/19,0.007999697166919992,0.008935400089660529,0.00585530212430095
2019/9/20,0.008427868774983981,0.009112587936170143,0.006026283139672911
2019/9/23,0.008883351001814312,0.009624534988310488,0.0065066352276101054
2019/9/24,0.008519399560224777,0.009410199606128523,0.006284304409622225
2019/9/25,0.008222343450168161,0.009051470636220752,0.0064568499026092215
2019/9/26,0.009664925558096562,0.010738412692126224,0.008194549054827405
2019/9/27,0.00906780092010007,0.010280245194718738,0.007927299275858786
2019/9/30,0.008827727247409312,0.010111762924056989,0.007988298405206162
2019/10/1,0.008556152961675485,0.009710021558743068,0.00777574454360308
2019/10/2,0.00926022531538511,0.010568478733115833,0.008272579796319951
2019/10/3,0.009005898190688552,0.010471638555747644,0.008425626811908626
2019/10/4,0.008474395442131522,0.009651155056953924,0.007630431339255475
2019/10/7,0.007597607611892957,0.008622038717856072,0.006885110769391087
2019/10/8,0.0073430864937680225,0.008432155440988482,0.0072573014849903
2019/10/9,0.005571304465644011,0.006565459487334088,0.00568158836297568
2019/10/10,0.0043393096828853225,0.0054247544950260075,0.004803156613474495
2019/10/11,0.005531677662889997,0.007183443653828253,0.0062282882936347105
2019/10/14,0.0061660283618807064,0.007682478756775232,0.00664556172351193
2019/10/15,0.0066424910771504765,0.008227962875058318,0.00700010112238951
2019/10/16,0.005986895110791821,0.007652369565133708,0.0067361840325851656
2019/10/17,0.006378994561116677,0.008418162733749427,0.007214117130526321
2019/10/18,0.005156629702988922,0.0070080351342404635,0.006233718744407861
2019/10/21,0.0053691993521449415,0.007218015553458372,0.006326274039884161
2019/10/22,0.006022499603463067,0.007941244645230293,0.006936230233369376
2019/10/23,0.006536951275804452,0.008351892317783383,0.0068657326664049514
2019/10/24,0.0060820830274787565,0.007957152457793302,0.00636939815476735
2019/10/25,0.006312875391914811,0.008186002007583843,0.006416726450022316
2019/10/28,0.007192330574771007,0.009013955263422807,0.0069868386650347655
2019/10/29,0.006024438940706493,0.007848149865380148,0.006277865658762971
2019/10/30,0.005422572946709257,0.006890182512996593,0.005538962286438387
2019/10/31,0.005886260753215092,0.007232488107396679,0.005765679938116911
2019/11/1,0.0066178645468574215,0.008319063344913693,0.00706023929305503
2019/11/4,0.007134513368854002,0.008722980961784482,0.0076095507206494955
2019/11/5,0.006445065198878353,0.007796960852383758,0.006896610924761721
2019/11/6,0.007171866164173811,0.008206418636243757,0.0071377331503881414
2019/11/7,0.008155155721371052,0.009132779827098573,0.0074408922510624115
2019/11/8,0.008275219835927147,0.008812869815780408,0.007099139970676671
2019/11/11,0.007616757108964351,0.008118459374777526,0.006531891734457497
2019/11/12,0.008234533187165062,0.008736544714457423,0.007091531520998361
2019/11/13,0.009489218432628881,0.010263286979153827,0.008315622434036316
2019/11/14,0.009147421097281722,0.009554585061988238,0.007803379770001925
2019/11/15,0.009610818836550501,0.010114365151815932,0.008236552290241426
2019/11/18,0.008312613165199476,0.008615948880459207,0.0075045864898573315
2019/11/19,0.008113424296241891,0.008234353286670618,0.006963700416047956
2019/11/20,0.008431233150373196,0.008842263727286017,0.007406012792622025
2019/11/21,0.00847828769553288,0.009078783333885908,0.007528223489546131
2019/11/22,0.007865037059326322,0.008305465663445468,0.007220334717274025
2019/11/25,0.008406585809826622,0.009012785624677703,0.007579590625581037
2019/11/26,0.007778875258016671,0.007902699324729142,0.006189588294938615
2019/11/27,0.0067235361673004465,0.006835005542921073,0.005089129256223801
2019/11/29,0.006855473118573046,0.007180304750889622,0.005255995088313221
2019/12/2,0.006642241216624571,0.006806592229028978,0.004837885785168581
2019/12/3,0.007050483836869531,0.007603930048735092,0.005519565460783001
2019/12/4,0.006672173565266617,0.0072105888772109866,0.005194105914055741
2019/12/5,0.007980089286842457,0.008987525514828062,0.006675227999286121
2019/12/6,0.00831219521657121,0.009467821653044379,0.0073458393016103945
2019/12/9,0.007527661077932976,0.009128126793717408,0.007095861953969116
2019/12/10,0.007977361179191277,0.009993714040741737,0.007577964114385364
2019/12/11,0.0083549538319984,0.010625829128734597,0.00790914678044277
2019/12/12,0.008209909188676166,0.010652613080968038,0.00811910891843645
2019/12/13,0.008464087543462737,0.011102120876361313,0.008622855401309406
2019/12/16,0.008318655694481036,0.011188861195863316,0.008422495550570421
2019/12/17,0.00861265362412782,0.011523429363896812,0.008540240642966025
2019/12/18,0.007320839883997926,0.009960653962534972,0.007588911084505165
